touch_id,inquiry_id,touch_timestamp,channel,platform,campaign_id,campaign_name,ad_group,keyword,search_term,match_type,landing_page,geography,cost,platform_conversion,source_system,evidence_class
TOUCH-000001,INQ-000001,2026-05-09T15:07:35,Paid Search,Google Ads,CMP-1005,Family Crisis - Non-Brand,Admissions,residential treatment center,residential treatment center,Phrase,https://harborridge.example.test/admissions,AZ,24.22,1,Google Ads,System-Observed
TOUCH-000002,INQ-000003,2026-05-23T15:51:01,Paid Search,Google Ads,CMP-1004,Residential Treatment - Geo,Family Support,family intervention help,family intervention help,Phrase,https://harborridge.example.test/admissions,TX,21.18,1,Google Ads,System-Observed
TOUCH-000003,INQ-000004,2026-05-15T06:22:06,Organic,Google Organic,,,,,,,https://harborridge.example.test/treatment-programs,CA,,1,Google Organic,System-Observed
TOUCH-000004,INQ-000005,2026-05-27T19:03:59,Direct,,,,,,,,https://harborridge.example.test/,UT,,1,Direct / Analytics,System-Observed
TOUCH-000005,INQ-000006,2026-05-01T16:14:23,Paid Search,Microsoft Ads,CMP-2002,Residential Treatment - Geo (Bing),Detox Programs,behavioral health treatment near me,behavioral health treatment near me,Phrase,https://harborridge.example.test/admissions,CA,18.5,1,Microsoft Ads,System-Observed
TOUCH-000006,INQ-000007,2026-05-22T09:46:33,Local,GBP,,,,,,,https://harborridge.example.test/contact,AZ,,1,GBP,System-Observed
TOUCH-000007,INQ-000009,2026-05-10T09:41:55,Paid Search,Google Ads,CMP-1002,Behavioral Health - Non-Brand,Detox Programs,residential treatment center,residential treatment center,Broad,https://harborridge.example.test/admissions,NV,16.38,1,Google Ads,System-Observed
TOUCH-000008,INQ-000012,2026-05-14T17:06:54,Paid Search,Google Ads,CMP-1003,Detox Near Me - Geo,Detox Programs,family intervention help,family intervention help,Exact,https://harborridge.example.test/admissions,UT,36.1,1,Google Ads,System-Observed
TOUCH-000009,INQ-000014,2026-05-12T12:38:31,Direct,,,,,,,,https://harborridge.example.test/,FL,,1,Direct / Analytics,System-Observed
TOUCH-000010,INQ-000017,2026-05-07T16:13:49,Paid Search,Microsoft Ads,CMP-2002,Residential Treatment - Geo (Bing),Detox Programs,substance abuse treatment options,substance abuse treatment options,Phrase,https://harborridge.example.test/admissions,NV,16.32,1,Microsoft Ads,System-Observed
TOUCH-000011,INQ-000020,2026-05-24T13:45:32,Direct,,,,,,,,https://harborridge.example.test/,WA,,1,Direct / Analytics,System-Observed
TOUCH-000012,INQ-000022,2026-05-03T14:18:43,Organic,Google Organic,,,,,,,https://harborridge.example.test/treatment-programs,NV,,1,Google Organic,System-Observed
TOUCH-000013,INQ-000025,2026-05-01T15:27:34,Direct,,,,,,,,https://harborridge.example.test/,UT,,1,Direct / Analytics,System-Observed
TOUCH-000014,INQ-000026,2026-05-25T18:22:33,Local,GBP,,,,,,,https://harborridge.example.test/contact,CO,,1,GBP,System-Observed
TOUCH-000015,INQ-000027,2026-05-05T17:54:28,Paid Social,Meta,CMP-3002,Recovery Journey - Lookalike,Family Support,,,,https://harborridge.example.test/family-support,NV,7.17,1,Meta,System-Observed
TOUCH-000016,INQ-000029,2026-05-07T06:52:49,Paid Search,Google Ads,CMP-1001,Behavioral Health - Brand,Detox Programs,family intervention help,family intervention help,Broad,https://harborridge.example.test/admissions,WA,21.66,1,Google Ads,System-Observed
TOUCH-000017,INQ-000031,2026-05-16T15:58:39,Paid Search,Google Ads,CMP-1002,Behavioral Health - Non-Brand,Residential Programs,detox center near me,detox center near me,Exact,https://harborridge.example.test/admissions,FL,42.46,1,Google Ads,System-Observed
TOUCH-000018,INQ-000032,2026-05-08T06:14:35,Paid Search,Microsoft Ads,CMP-2001,Behavioral Health - Brand (Bing),Residential Programs,family intervention help,family intervention help,Phrase,https://harborridge.example.test/admissions,FL,10.78,1,Microsoft Ads,System-Observed
TOUCH-000019,INQ-000033,2026-05-18T12:12:21,Paid Search,Google Ads,CMP-1004,Residential Treatment - Geo,Family Support,family intervention help,family intervention help,Phrase,https://harborridge.example.test/admissions,FL,15.2,1,Google Ads,System-Observed
TOUCH-000020,INQ-000034,2026-05-10T11:09:00,Paid Search,Google Ads,CMP-1002,Behavioral Health - Non-Brand,Admissions,substance abuse treatment options,substance abuse treatment options,Phrase,https://harborridge.example.test/admissions,OR,14.87,1,Google Ads,System-Observed
TOUCH-000021,INQ-000035,2026-05-22T08:56:37,Direct,,,,,,,,https://harborridge.example.test/,UT,,1,Direct / Analytics,System-Observed
TOUCH-000022,INQ-000036,2026-05-15T12:32:22,Local,GBP,,,,,,,https://harborridge.example.test/contact,CO,,1,GBP,System-Observed
TOUCH-000023,INQ-000037,2026-05-08T11:28:40,Local,GBP,,,,,,,https://harborridge.example.test/contact,FL,,1,GBP,System-Observed
TOUCH-000024,INQ-000038,2026-05-17T13:25:30,Organic,Google Organic,,,,,,,https://harborridge.example.test/treatment-programs,WA,,1,Google Organic,System-Observed
TOUCH-000025,INQ-000039,2026-05-17T15:00:34,Organic,Google Organic,,,,,,,https://harborridge.example.test/treatment-programs,OR,,1,Google Organic,System-Observed
TOUCH-000026,INQ-000040,2026-05-01T09:50:22,Organic,Google Organic,,,,,,,https://harborridge.example.test/treatment-programs,CO,,1,Google Organic,System-Observed
TOUCH-000027,INQ-000041,2026-05-22T18:42:38,Paid Search,Microsoft Ads,CMP-2001,Behavioral Health - Brand (Bing),Detox Programs,substance abuse treatment options,substance abuse treatment options,Exact,https://harborridge.example.test/admissions,FL,10.32,1,Microsoft Ads,System-Observed
TOUCH-000028,INQ-000042,2026-05-14T17:48:31,Direct,,,,,,,,https://harborridge.example.test/,CA,,1,Direct / Analytics,System-Observed
TOUCH-000029,INQ-000046,2026-05-19T12:28:36,Paid Search,Google Ads,CMP-1002,Behavioral Health - Non-Brand,Residential Programs,substance abuse treatment options,substance abuse treatment options,Broad,https://harborridge.example.test/admissions,NY,43.35,1,Google Ads,System-Observed
TOUCH-000030,INQ-000047,2026-05-19T12:08:41,Paid Search,Google Ads,CMP-1004,Residential Treatment - Geo,Admissions,behavioral health treatment near me,behavioral health treatment near me,Exact,https://harborridge.example.test/admissions,NY,41.87,1,Google Ads,System-Observed
TOUCH-000031,INQ-000048,2026-05-22T12:59:02,Direct,,,,,,,,https://harborridge.example.test/,AZ,,1,Direct / Analytics,System-Observed
TOUCH-000032,INQ-000049,2026-05-24T10:31:35,Paid Search,Google Ads,CMP-1005,Family Crisis - Non-Brand,Family Support,family intervention help,family intervention help,Exact,https://harborridge.example.test/admissions,AZ,15.63,1,Google Ads,System-Observed
TOUCH-000033,INQ-000050,2026-05-17T09:02:59,Local,GBP,,,,,,,https://harborridge.example.test/contact,NY,,1,GBP,System-Observed
TOUCH-000034,INQ-000051,2026-05-15T09:49:05,Organic,Google Organic,,,,,,,https://harborridge.example.test/treatment-programs,NY,,1,Google Organic,System-Observed
TOUCH-000035,INQ-000052,2026-05-17T13:12:05,Local,GBP,,,,,,,https://harborridge.example.test/contact,FL,,1,GBP,System-Observed
TOUCH-000036,INQ-000053,2026-05-14T11:22:37,Organic,Google Organic,,,,,,,https://harborridge.example.test/treatment-programs,WA,,1,Google Organic,System-Observed
TOUCH-000037,INQ-000054,2026-05-03T17:10:29,Paid Search,Microsoft Ads,CMP-2002,Residential Treatment - Geo (Bing),Admissions,substance abuse treatment options,substance abuse treatment options,Exact,https://harborridge.example.test/admissions,OR,24.35,1,Microsoft Ads,System-Observed
TOUCH-000038,INQ-000055,2026-05-02T14:52:26,Paid Search,Google Ads,CMP-1005,Family Crisis - Non-Brand,Detox Programs,residential treatment center,residential treatment center,Phrase,https://harborridge.example.test/admissions,NY,22.69,1,Google Ads,System-Observed
TOUCH-000039,INQ-000056,2026-05-10T11:36:29,Organic,Google Organic,,,,,,,https://harborridge.example.test/treatment-programs,NV,,1,Google Organic,System-Observed
TOUCH-000040,INQ-000057,2026-05-26T07:42:32,Paid Search,Google Ads,CMP-1003,Detox Near Me - Geo,Detox Programs,substance abuse treatment options,substance abuse treatment options,Broad,https://harborridge.example.test/admissions,NV,40.63,1,Google Ads,System-Observed
TOUCH-000041,INQ-000060,2026-05-01T19:14:31,Paid Search,Google Ads,CMP-1004,Residential Treatment - Geo,Family Support,behavioral health treatment near me,behavioral health treatment near me,Phrase,https://harborridge.example.test/admissions,CO,24.19,1,Google Ads,System-Observed
TOUCH-000042,INQ-000062,2026-05-12T11:47:59,Direct,,,,,,,,https://harborridge.example.test/,CO,,1,Direct / Analytics,System-Observed
TOUCH-000043,INQ-000063,2026-05-13T09:44:00,Paid Search,Google Ads,CMP-1003,Detox Near Me - Geo,Family Support,behavioral health treatment near me,behavioral health treatment near me,Exact,https://harborridge.example.test/admissions,OR,18.6,1,Google Ads,System-Observed
TOUCH-000044,INQ-000064,2026-05-19T09:15:13,Paid Social,Meta,CMP-3001,Family Support Awareness,Family Support,,,,https://harborridge.example.test/family-support,TX,7.81,1,Meta,System-Observed
TOUCH-000045,INQ-000065,2026-05-02T12:40:16,Organic,Google Organic,,,,,,,https://harborridge.example.test/treatment-programs,CO,,1,Google Organic,System-Observed
TOUCH-000046,INQ-000066,2026-05-12T15:51:47,Organic,Google Organic,,,,,,,https://harborridge.example.test/treatment-programs,NY,,1,Google Organic,System-Observed
TOUCH-000047,INQ-000067,2026-05-01T09:10:35,Paid Search,Google Ads,CMP-1001,Behavioral Health - Brand,Admissions,residential treatment center,residential treatment center,Exact,https://harborridge.example.test/admissions,TX,30.81,1,Google Ads,System-Observed
TOUCH-000048,INQ-000069,2026-05-06T14:56:19,Paid Search,Microsoft Ads,CMP-2002,Residential Treatment - Geo (Bing),Family Support,residential treatment center,residential treatment center,Phrase,https://harborridge.example.test/admissions,FL,12.11,1,Microsoft Ads,System-Observed
TOUCH-000049,INQ-000070,2026-05-08T10:05:51,Paid Social,Meta,CMP-3001,Family Support Awareness,Family Support,,,,https://harborridge.example.test/family-support,WA,3.57,1,Meta,System-Observed
TOUCH-000050,INQ-000072,2026-05-02T09:20:31,Direct,,,,,,,,https://harborridge.example.test/,NV,,1,Direct / Analytics,System-Observed
TOUCH-000051,INQ-000074,2026-05-16T18:25:27,Paid Search,Google Ads,CMP-1004,Residential Treatment - Geo,Family Support,inpatient mental health treatment,inpatient mental health treatment,Broad,https://harborridge.example.test/admissions,FL,23.27,1,Google Ads,System-Observed
TOUCH-000052,INQ-000075,2026-05-12T16:55:35,Local,GBP,,,,,,,https://harborridge.example.test/contact,OR,,1,GBP,System-Observed
TOUCH-000053,INQ-000076,2026-05-17T20:18:41,Organic,Google Organic,,,,,,,https://harborridge.example.test/treatment-programs,WA,,1,Google Organic,System-Observed
TOUCH-000054,INQ-000077,2026-05-02T19:58:16,Local,GBP,,,,,,,https://harborridge.example.test/contact,CO,,1,GBP,System-Observed
TOUCH-000055,INQ-000078,2026-05-10T16:54:45,Paid Search,Google Ads,CMP-1001,Behavioral Health - Brand,Family Support,behavioral health treatment near me,behavioral health treatment near me,Broad,https://harborridge.example.test/admissions,OR,20.92,1,Google Ads,System-Observed
TOUCH-000056,INQ-000079,2026-05-04T14:46:43,Direct,,,,,,,,https://harborridge.example.test/,WA,,1,Direct / Analytics,System-Observed
TOUCH-000057,INQ-000081,2026-05-24T20:03:46,Local,GBP,,,,,,,https://harborridge.example.test/contact,UT,,1,GBP,System-Observed
TOUCH-000058,INQ-000082,2026-05-12T20:05:52,Paid Search,Google Ads,CMP-1004,Residential Treatment - Geo,Admissions,inpatient mental health treatment,inpatient mental health treatment,Phrase,https://harborridge.example.test/admissions,WA,15.08,1,Google Ads,System-Observed
TOUCH-000059,INQ-000083,2026-05-03T16:08:27,Paid Search,Microsoft Ads,CMP-2002,Residential Treatment - Geo (Bing),Family Support,family intervention help,family intervention help,Phrase,https://harborridge.example.test/admissions,CA,12.27,1,Microsoft Ads,System-Observed
TOUCH-000060,INQ-000084,2026-05-03T20:26:04,Organic,Google Organic,,,,,,,https://harborridge.example.test/treatment-programs,NY,,1,Google Organic,System-Observed
TOUCH-000061,INQ-000087,2026-05-20T12:10:43,Local,GBP,,,,,,,https://harborridge.example.test/contact,AZ,,1,GBP,System-Observed
TOUCH-000062,INQ-000088,2026-05-21T11:40:24,Paid Search,Google Ads,CMP-1002,Behavioral Health - Non-Brand,Residential Programs,behavioral health treatment near me,behavioral health treatment near me,Exact,https://harborridge.example.test/admissions,UT,44.86,1,Google Ads,System-Observed
TOUCH-000063,INQ-000091,2026-05-21T12:25:20,Paid Search,Google Ads,CMP-1002,Behavioral Health - Non-Brand,Family Support,inpatient mental health treatment,inpatient mental health treatment,Exact,https://harborridge.example.test/admissions,TX,38.09,1,Google Ads,System-Observed
TOUCH-000064,INQ-000092,2026-05-10T17:14:05,Paid Search,Microsoft Ads,CMP-2001,Behavioral Health - Brand (Bing),Residential Programs,family intervention help,family intervention help,Phrase,https://harborridge.example.test/admissions,CA,20.14,1,Microsoft Ads,System-Observed
TOUCH-000065,INQ-000094,2026-05-01T06:44:13,Paid Search,Google Ads,CMP-1004,Residential Treatment - Geo,Family Support,detox center near me,detox center near me,Exact,https://harborridge.example.test/admissions,UT,27.65,1,Google Ads,System-Observed
TOUCH-000066,INQ-000095,2026-05-06T08:27:29,Paid Social,Meta,CMP-3001,Family Support Awareness,Family Support,,,,https://harborridge.example.test/family-support,NY,3.21,1,Meta,System-Observed
TOUCH-000067,INQ-000096,2026-05-07T10:37:27,Paid Social,Meta,CMP-3003,Local Community Awareness,Family Support,,,,https://harborridge.example.test/family-support,WA,3.43,1,Meta,System-Observed
TOUCH-000068,INQ-000102,2026-05-27T09:35:01,Direct,,,,,,,,https://harborridge.example.test/,NY,,1,Direct / Analytics,System-Observed
TOUCH-000069,INQ-000105,2026-05-28T17:27:37,Organic,Google Organic,,,,,,,https://harborridge.example.test/treatment-programs,WA,,1,Google Organic,System-Observed
TOUCH-000070,INQ-000106,2026-05-18T16:12:45,Organic,Google Organic,,,,,,,https://harborridge.example.test/treatment-programs,CO,,1,Google Organic,System-Observed
TOUCH-000071,INQ-000107,2026-05-06T07:57:43,Organic,Google Organic,,,,,,,https://harborridge.example.test/treatment-programs,AZ,,1,Google Organic,System-Observed
TOUCH-000072,INQ-000108,2026-05-24T12:20:21,Paid Search,Google Ads,CMP-1003,Detox Near Me - Geo,Detox Programs,substance abuse treatment options,substance abuse treatment options,Exact,https://harborridge.example.test/admissions,OR,16.16,1,Google Ads,System-Observed
TOUCH-000073,INQ-000109,2026-05-23T08:56:58,Direct,,,,,,,,https://harborridge.example.test/,CA,,1,Direct / Analytics,System-Observed
TOUCH-000074,INQ-000111,2026-05-03T10:38:19,Paid Search,Google Ads,CMP-1002,Behavioral Health - Non-Brand,Detox Programs,family intervention help,family intervention help,Broad,https://harborridge.example.test/admissions,TX,31.3,1,Google Ads,System-Observed
TOUCH-000075,INQ-000112,2026-05-16T17:47:03,Organic,Google Organic,,,,,,,https://harborridge.example.test/treatment-programs,CA,,1,Google Organic,System-Observed
TOUCH-000076,INQ-000113,2026-05-09T17:46:43,Organic,Google Organic,,,,,,,https://harborridge.example.test/treatment-programs,CA,,1,Google Organic,System-Observed
TOUCH-000077,INQ-000114,2026-05-12T07:04:06,Paid Search,Google Ads,CMP-1004,Residential Treatment - Geo,Residential Programs,residential treatment center,residential treatment center,Broad,https://harborridge.example.test/admissions,AZ,37.95,1,Google Ads,System-Observed
TOUCH-000078,INQ-000115,2026-05-11T17:21:21,Organic,Google Organic,,,,,,,https://harborridge.example.test/treatment-programs,UT,,1,Google Organic,System-Observed
TOUCH-000079,INQ-000116,2026-05-12T15:16:56,Paid Search,Google Ads,CMP-1003,Detox Near Me - Geo,Residential Programs,detox center near me,detox center near me,Broad,https://harborridge.example.test/admissions,TX,15.81,1,Google Ads,System-Observed
TOUCH-000080,INQ-000117,2026-05-02T12:29:58,Paid Search,Google Ads,CMP-1002,Behavioral Health - Non-Brand,Admissions,family intervention help,family intervention help,Broad,https://harborridge.example.test/admissions,UT,17.95,1,Google Ads,System-Observed
TOUCH-000081,INQ-000118,2026-05-23T13:36:44,Paid Search,Google Ads,CMP-1002,Behavioral Health - Non-Brand,Detox Programs,behavioral health treatment near me,behavioral health treatment near me,Phrase,https://harborridge.example.test/admissions,TX,35.7,1,Google Ads,System-Observed
TOUCH-000082,INQ-000120,2026-05-16T10:58:43,Paid Search,Google Ads,CMP-1001,Behavioral Health - Brand,Detox Programs,family intervention help,family intervention help,Exact,https://harborridge.example.test/admissions,OR,42.79,1,Google Ads,System-Observed
TOUCH-000083,INQ-000121,2026-05-06T10:19:25,Local,GBP,,,,,,,https://harborridge.example.test/contact,OR,,1,GBP,System-Observed
TOUCH-000084,INQ-000122,2026-05-01T17:38:56,Organic,Google Organic,,,,,,,https://harborridge.example.test/treatment-programs,AZ,,1,Google Organic,System-Observed
TOUCH-000085,INQ-000123,2026-05-07T09:12:36,Organic,Google Organic,,,,,,,https://harborridge.example.test/treatment-programs,OR,,1,Google Organic,System-Observed
TOUCH-000086,INQ-000125,2026-05-13T12:05:54,Local,GBP,,,,,,,https://harborridge.example.test/contact,FL,,1,GBP,System-Observed
TOUCH-000087,INQ-000126,2026-05-16T18:23:12,Organic,Google Organic,,,,,,,https://harborridge.example.test/treatment-programs,OR,,1,Google Organic,System-Observed
TOUCH-000088,INQ-000129,2026-05-12T06:54:29,Organic,Google Organic,,,,,,,https://harborridge.example.test/treatment-programs,CO,,1,Google Organic,System-Observed
TOUCH-000089,INQ-000130,2026-05-18T17:05:42,Organic,Google Organic,,,,,,,https://harborridge.example.test/treatment-programs,CO,,1,Google Organic,System-Observed
TOUCH-000090,INQ-000132,2026-05-14T19:55:01,Organic,Google Organic,,,,,,,https://harborridge.example.test/treatment-programs,AZ,,1,Google Organic,System-Observed
TOUCH-000091,INQ-000134,2026-05-16T16:54:28,Paid Search,Google Ads,CMP-1001,Behavioral Health - Brand,Admissions,substance abuse treatment options,substance abuse treatment options,Exact,https://harborridge.example.test/admissions,CA,22.57,1,Google Ads,System-Observed
TOUCH-000092,INQ-000135,2026-05-20T06:46:46,Local,GBP,,,,,,,https://harborridge.example.test/contact,WA,,1,GBP,System-Observed
TOUCH-000093,INQ-000136,2026-05-12T18:24:33,Local,GBP,,,,,,,https://harborridge.example.test/contact,CO,,1,GBP,System-Observed
TOUCH-000094,INQ-000138,2026-05-22T17:58:04,Paid Search,Google Ads,CMP-1004,Residential Treatment - Geo,Admissions,family intervention help,family intervention help,Broad,https://harborridge.example.test/admissions,UT,31.85,1,Google Ads,System-Observed
TOUCH-000095,INQ-000139,2026-05-13T09:47:06,Paid Search,Google Ads,CMP-1005,Family Crisis - Non-Brand,Residential Programs,detox center near me,detox center near me,Exact,https://harborridge.example.test/admissions,FL,34.44,1,Google Ads,System-Observed
TOUCH-000096,INQ-000141,2026-05-18T12:51:37,Paid Social,Meta,CMP-3002,Recovery Journey - Lookalike,Community Awareness,,,,https://harborridge.example.test/family-support,NY,4.97,1,Meta,System-Observed
TOUCH-000097,INQ-000142,2026-05-02T13:15:47,Organic,Google Organic,,,,,,,https://harborridge.example.test/treatment-programs,UT,,1,Google Organic,System-Observed
TOUCH-000098,INQ-000144,2026-05-27T12:59:18,Organic,Google Organic,,,,,,,https://harborridge.example.test/treatment-programs,AZ,,1,Google Organic,System-Observed
TOUCH-000099,INQ-000146,2026-05-23T16:36:17,Local,GBP,,,,,,,https://harborridge.example.test/contact,AZ,,1,GBP,System-Observed
TOUCH-000100,INQ-000149,2026-05-25T11:56:25,Local,GBP,,,,,,,https://harborridge.example.test/contact,TX,,1,GBP,System-Observed
TOUCH-000101,INQ-000150,2026-05-03T19:18:16,Paid Search,Google Ads,CMP-1004,Residential Treatment - Geo,Detox Programs,behavioral health treatment near me,behavioral health treatment near me,Broad,https://harborridge.example.test/admissions,NY,31.15,1,Google Ads,System-Observed
TOUCH-000102,INQ-000151,2026-05-08T09:12:10,Organic,Google Organic,,,,,,,https://harborridge.example.test/treatment-programs,WA,,1,Google Organic,System-Observed
TOUCH-000103,INQ-000152,2026-05-15T15:45:58,Local,GBP,,,,,,,https://harborridge.example.test/contact,OR,,1,GBP,System-Observed
TOUCH-000104,INQ-000153,2026-05-02T16:30:49,Organic,Google Organic,,,,,,,https://harborridge.example.test/treatment-programs,WA,,1,Google Organic,System-Observed
TOUCH-000105,INQ-000154,2026-05-01T08:43:56,Direct,,,,,,,,https://harborridge.example.test/,OR,,1,Direct / Analytics,System-Observed
TOUCH-000106,INQ-000155,2026-05-17T11:59:23,Paid Search,Google Ads,CMP-1002,Behavioral Health - Non-Brand,Admissions,behavioral health treatment near me,behavioral health treatment near me,Broad,https://harborridge.example.test/admissions,CO,26.53,1,Google Ads,System-Observed
TOUCH-000107,INQ-000157,2026-05-12T13:25:29,Organic,Google Organic,,,,,,,https://harborridge.example.test/treatment-programs,NY,,1,Google Organic,System-Observed
TOUCH-000108,INQ-000159,2026-05-26T17:47:18,Paid Search,Microsoft Ads,CMP-2001,Behavioral Health - Brand (Bing),Family Support,detox center near me,detox center near me,Broad,https://harborridge.example.test/admissions,UT,29.62,1,Microsoft Ads,System-Observed
TOUCH-000109,INQ-000160,2026-05-03T08:57:47,Paid Search,Google Ads,CMP-1001,Behavioral Health - Brand,Admissions,residential treatment center,residential treatment center,Phrase,https://harborridge.example.test/admissions,AZ,34.22,1,Google Ads,System-Observed
TOUCH-000110,INQ-000161,2026-05-17T16:36:22,Direct,,,,,,,,https://harborridge.example.test/,AZ,,1,Direct / Analytics,System-Observed
TOUCH-000111,INQ-000162,2026-05-10T10:10:29,Paid Search,Google Ads,CMP-1004,Residential Treatment - Geo,Residential Programs,residential treatment center,residential treatment center,Phrase,https://harborridge.example.test/admissions,OR,30.21,1,Google Ads,System-Observed
TOUCH-000112,INQ-000163,2026-05-16T15:21:46,Organic,Google Organic,,,,,,,https://harborridge.example.test/treatment-programs,AZ,,1,Google Organic,System-Observed
TOUCH-000113,INQ-000164,2026-05-26T07:33:19,Paid Social,Meta,CMP-3001,Family Support Awareness,Community Awareness,,,,https://harborridge.example.test/family-support,CA,6.59,1,Meta,System-Observed
TOUCH-000114,INQ-000166,2026-05-13T12:37:10,Direct,,,,,,,,https://harborridge.example.test/,TX,,1,Direct / Analytics,System-Observed
TOUCH-000115,INQ-000167,2026-05-07T13:53:46,Paid Search,Google Ads,CMP-1004,Residential Treatment - Geo,Family Support,behavioral health treatment near me,behavioral health treatment near me,Broad,https://harborridge.example.test/admissions,CO,20.91,1,Google Ads,System-Observed
TOUCH-000116,INQ-000169,2026-05-16T06:37:19,Paid Search,Google Ads,CMP-1001,Behavioral Health - Brand,Family Support,residential treatment center,residential treatment center,Phrase,https://harborridge.example.test/admissions,CO,37.86,1,Google Ads,System-Observed
TOUCH-000117,INQ-000170,2026-05-26T13:54:35,Direct,,,,,,,,https://harborridge.example.test/,AZ,,1,Direct / Analytics,System-Observed
TOUCH-000118,INQ-000171,2026-05-13T17:14:47,Organic,Google Organic,,,,,,,https://harborridge.example.test/treatment-programs,NY,,1,Google Organic,System-Observed
TOUCH-000119,INQ-000173,2026-05-19T14:22:10,Paid Search,Google Ads,CMP-1004,Residential Treatment - Geo,Family Support,behavioral health treatment near me,behavioral health treatment near me,Phrase,https://harborridge.example.test/admissions,FL,19.17,1,Google Ads,System-Observed
TOUCH-000120,INQ-000175,2026-05-22T18:37:34,Organic,Google Organic,,,,,,,https://harborridge.example.test/treatment-programs,CA,,1,Google Organic,System-Observed
TOUCH-000121,INQ-000176,2026-05-04T09:26:10,Paid Search,Microsoft Ads,CMP-2001,Behavioral Health - Brand (Bing),Detox Programs,substance abuse treatment options,substance abuse treatment options,Phrase,https://harborridge.example.test/admissions,FL,29.15,1,Microsoft Ads,System-Observed
TOUCH-000122,INQ-000177,2026-05-06T09:52:19,Organic,Google Organic,,,,,,,https://harborridge.example.test/treatment-programs,WA,,1,Google Organic,System-Observed
TOUCH-000123,INQ-000178,2026-05-22T15:36:41,Paid Search,Google Ads,CMP-1004,Residential Treatment - Geo,Admissions,detox center near me,detox center near me,Broad,https://harborridge.example.test/admissions,FL,29.4,1,Google Ads,System-Observed
TOUCH-000124,INQ-000180,2026-05-07T12:51:31,Paid Social,Meta,CMP-3002,Recovery Journey - Lookalike,Family Support,,,,https://harborridge.example.test/family-support,FL,9.66,1,Meta,System-Observed
TOUCH-000125,INQ-000181,2026-05-11T18:04:55,Paid Search,Microsoft Ads,CMP-2002,Residential Treatment - Geo (Bing),Residential Programs,residential treatment center,residential treatment center,Phrase,https://harborridge.example.test/admissions,NV,18.93,1,Microsoft Ads,System-Observed
TOUCH-000126,INQ-000182,2026-05-15T14:17:34,Paid Search,Google Ads,CMP-1002,Behavioral Health - Non-Brand,Admissions,family intervention help,family intervention help,Broad,https://harborridge.example.test/admissions,CA,30.41,1,Google Ads,System-Observed
TOUCH-000127,INQ-000183,2026-05-09T11:44:15,Direct,,,,,,,,https://harborridge.example.test/,WA,,1,Direct / Analytics,System-Observed
TOUCH-000128,INQ-000184,2026-05-19T16:35:29,Paid Search,Microsoft Ads,CMP-2001,Behavioral Health - Brand (Bing),Family Support,behavioral health treatment near me,behavioral health treatment near me,Exact,https://harborridge.example.test/admissions,OR,22.05,1,Microsoft Ads,System-Observed
TOUCH-000129,INQ-000185,2026-05-25T10:01:12,Direct,,,,,,,,https://harborridge.example.test/,OR,,1,Direct / Analytics,System-Observed
TOUCH-000130,INQ-000186,2026-05-21T15:33:22,Paid Search,Microsoft Ads,CMP-2002,Residential Treatment - Geo (Bing),Residential Programs,family intervention help,family intervention help,Broad,https://harborridge.example.test/admissions,OR,24.03,1,Microsoft Ads,System-Observed
TOUCH-000131,INQ-000187,2026-05-16T18:19:41,Paid Search,Google Ads,CMP-1001,Behavioral Health - Brand,Residential Programs,behavioral health treatment near me,behavioral health treatment near me,Exact,https://harborridge.example.test/admissions,FL,22.36,1,Google Ads,System-Observed
TOUCH-000132,INQ-000188,2026-05-06T16:17:19,Local,GBP,,,,,,,https://harborridge.example.test/contact,CA,,1,GBP,System-Observed
TOUCH-000133,INQ-000189,2026-05-06T14:41:27,Paid Social,Meta,CMP-3001,Family Support Awareness,Community Awareness,,,,https://harborridge.example.test/family-support,WA,11.71,1,Meta,System-Observed
TOUCH-000134,INQ-000190,2026-05-14T14:49:20,Direct,,,,,,,,https://harborridge.example.test/,CO,,1,Direct / Analytics,System-Observed
TOUCH-000135,INQ-000191,2026-05-13T19:04:42,Paid Search,Google Ads,CMP-1003,Detox Near Me - Geo,Family Support,detox center near me,detox center near me,Phrase,https://harborridge.example.test/admissions,NY,25.81,1,Google Ads,System-Observed
TOUCH-000136,INQ-000192,2026-05-03T08:37:37,Local,GBP,,,,,,,https://harborridge.example.test/contact,CO,,1,GBP,System-Observed
TOUCH-000137,INQ-000195,2026-05-13T19:40:09,Paid Search,Google Ads,CMP-1003,Detox Near Me - Geo,Residential Programs,inpatient mental health treatment,inpatient mental health treatment,Phrase,https://harborridge.example.test/admissions,AZ,39.61,1,Google Ads,System-Observed
TOUCH-000138,INQ-000198,2026-05-01T06:35:15,Organic,Google Organic,,,,,,,https://harborridge.example.test/treatment-programs,CO,,1,Google Organic,System-Observed
TOUCH-000139,INQ-000201,2026-05-05T07:00:38,Local,GBP,,,,,,,https://harborridge.example.test/contact,CA,,1,GBP,System-Observed
TOUCH-000140,INQ-000202,2026-05-02T13:03:40,Paid Search,Google Ads,CMP-1001,Behavioral Health - Brand,Residential Programs,inpatient mental health treatment,inpatient mental health treatment,Broad,https://harborridge.example.test/admissions,WA,43.81,1,Google Ads,System-Observed
TOUCH-000141,INQ-000203,2026-05-14T15:09:37,Paid Search,Microsoft Ads,CMP-2001,Behavioral Health - Brand (Bing),Residential Programs,residential treatment center,residential treatment center,Exact,https://harborridge.example.test/admissions,NV,19.59,1,Microsoft Ads,System-Observed
TOUCH-000142,INQ-000206,2026-05-10T18:34:08,Direct,,,,,,,,https://harborridge.example.test/,UT,,1,Direct / Analytics,System-Observed
TOUCH-000143,INQ-000207,2026-05-20T12:54:57,Paid Search,Google Ads,CMP-1004,Residential Treatment - Geo,Detox Programs,detox center near me,detox center near me,Phrase,https://harborridge.example.test/admissions,UT,31.85,1,Google Ads,System-Observed
TOUCH-000144,INQ-000208,2026-05-10T17:58:59,Paid Search,Google Ads,CMP-1005,Family Crisis - Non-Brand,Residential Programs,substance abuse treatment options,substance abuse treatment options,Broad,https://harborridge.example.test/admissions,OR,35.83,1,Google Ads,System-Observed
TOUCH-000145,INQ-000210,2026-05-05T11:26:24,Paid Search,Microsoft Ads,CMP-2001,Behavioral Health - Brand (Bing),Admissions,substance abuse treatment options,substance abuse treatment options,Broad,https://harborridge.example.test/admissions,NY,24.78,1,Microsoft Ads,System-Observed
TOUCH-000146,INQ-000211,2026-05-17T07:41:37,Paid Search,Google Ads,CMP-1003,Detox Near Me - Geo,Admissions,substance abuse treatment options,substance abuse treatment options,Broad,https://harborridge.example.test/admissions,NV,24.3,1,Google Ads,System-Observed
TOUCH-000147,INQ-000215,2026-05-02T12:01:23,Paid Search,Google Ads,CMP-1003,Detox Near Me - Geo,Residential Programs,substance abuse treatment options,substance abuse treatment options,Exact,https://harborridge.example.test/admissions,AZ,18.96,1,Google Ads,System-Observed
TOUCH-000148,,2026-05-25T20:39:35,Paid Search,Google Ads,CMP-1005,Family Crisis - Non-Brand,Residential Programs,family intervention help,family intervention help,Phrase,https://harborridge.example.test/admissions,CA,42.35,0,Google Ads,System-Observed
TOUCH-000149,,2026-05-16T14:40:59,Paid Search,Google Ads,CMP-1005,Family Crisis - Non-Brand,Detox Programs,substance abuse treatment options,substance abuse treatment options,Phrase,https://harborridge.example.test/admissions,WA,23.9,0,Google Ads,System-Observed
TOUCH-000150,,2026-05-02T10:13:33,Paid Search,Google Ads,CMP-1005,Family Crisis - Non-Brand,Detox Programs,detox center near me,detox center near me,Phrase,https://harborridge.example.test/admissions,CO,23.08,0,Google Ads,System-Observed
TOUCH-000151,,2026-05-21T14:48:16,Paid Search,Google Ads,CMP-1002,Behavioral Health - Non-Brand,Family Support,residential treatment center,residential treatment center,Exact,https://harborridge.example.test/admissions,NY,15.68,0,Google Ads,System-Observed
TOUCH-000152,,2026-05-08T07:22:30,Paid Search,Google Ads,CMP-1004,Residential Treatment - Geo,Admissions,residential treatment center,residential treatment center,Exact,https://harborridge.example.test/admissions,NY,25.27,0,Google Ads,System-Observed
TOUCH-000153,,2026-05-03T18:10:43,Paid Search,Google Ads,CMP-1005,Family Crisis - Non-Brand,Detox Programs,behavioral health treatment near me,behavioral health treatment near me,Phrase,https://harborridge.example.test/admissions,CA,41.52,0,Google Ads,System-Observed
TOUCH-000154,,2026-05-28T12:14:45,Paid Search,Google Ads,CMP-1001,Behavioral Health - Brand,Residential Programs,inpatient mental health treatment,inpatient mental health treatment,Exact,https://harborridge.example.test/admissions,FL,15.8,0,Google Ads,System-Observed
TOUCH-000155,,2026-05-20T19:55:22,Paid Search,Google Ads,CMP-1004,Residential Treatment - Geo,Admissions,family intervention help,family intervention help,Broad,https://harborridge.example.test/admissions,UT,42.64,0,Google Ads,System-Observed
TOUCH-000156,,2026-05-21T09:12:09,Paid Search,Google Ads,CMP-1003,Detox Near Me - Geo,Detox Programs,detox center near me,detox center near me,Phrase,https://harborridge.example.test/admissions,OR,26.71,0,Google Ads,System-Observed
TOUCH-000157,,2026-05-21T15:50:07,Paid Search,Google Ads,CMP-1001,Behavioral Health - Brand,Admissions,residential treatment center,residential treatment center,Phrase,https://harborridge.example.test/admissions,UT,24.0,0,Google Ads,System-Observed
TOUCH-000158,,2026-05-08T09:47:04,Paid Search,Google Ads,CMP-1001,Behavioral Health - Brand,Residential Programs,behavioral health treatment near me,behavioral health treatment near me,Broad,https://harborridge.example.test/admissions,CO,31.54,0,Google Ads,System-Observed
TOUCH-000159,,2026-05-27T12:29:52,Paid Search,Google Ads,CMP-1004,Residential Treatment - Geo,Admissions,residential treatment center,residential treatment center,Broad,https://harborridge.example.test/admissions,AZ,44.3,0,Google Ads,System-Observed
TOUCH-000160,,2026-05-22T11:29:07,Paid Search,Google Ads,CMP-1001,Behavioral Health - Brand,Detox Programs,inpatient mental health treatment,inpatient mental health treatment,Broad,https://harborridge.example.test/admissions,CO,42.57,0,Google Ads,System-Observed
TOUCH-000161,,2026-05-16T20:37:58,Paid Search,Google Ads,CMP-1003,Detox Near Me - Geo,Detox Programs,detox center near me,detox center near me,Exact,https://harborridge.example.test/admissions,NY,44.1,0,Google Ads,System-Observed
TOUCH-000162,,2026-05-24T19:57:56,Paid Search,Google Ads,CMP-1002,Behavioral Health - Non-Brand,Admissions,behavioral health treatment near me,behavioral health treatment near me,Broad,https://harborridge.example.test/admissions,UT,32.87,0,Google Ads,System-Observed
TOUCH-000163,,2026-05-23T11:06:03,Paid Search,Google Ads,CMP-1004,Residential Treatment - Geo,Admissions,behavioral health treatment near me,behavioral health treatment near me,Broad,https://harborridge.example.test/admissions,WA,44.82,0,Google Ads,System-Observed
TOUCH-000164,,2026-05-25T09:47:00,Paid Search,Google Ads,CMP-1005,Family Crisis - Non-Brand,Residential Programs,detox center near me,detox center near me,Exact,https://harborridge.example.test/admissions,NY,15.97,0,Google Ads,System-Observed
TOUCH-000165,,2026-05-08T18:06:04,Paid Search,Google Ads,CMP-1004,Residential Treatment - Geo,Detox Programs,residential treatment center,residential treatment center,Exact,https://harborridge.example.test/admissions,WA,24.1,0,Google Ads,System-Observed
TOUCH-000166,,2026-05-29T20:27:00,Paid Search,Google Ads,CMP-1001,Behavioral Health - Brand,Residential Programs,detox center near me,detox center near me,Exact,https://harborridge.example.test/admissions,CA,34.16,0,Google Ads,System-Observed
TOUCH-000167,,2026-05-03T09:46:53,Paid Search,Google Ads,CMP-1001,Behavioral Health - Brand,Family Support,residential treatment center,residential treatment center,Exact,https://harborridge.example.test/admissions,WA,28.99,0,Google Ads,System-Observed
TOUCH-000168,,2026-05-06T17:53:24,Paid Search,Google Ads,CMP-1003,Detox Near Me - Geo,Family Support,inpatient mental health treatment,inpatient mental health treatment,Phrase,https://harborridge.example.test/admissions,CA,22.05,0,Google Ads,System-Observed
TOUCH-000169,,2026-05-16T15:09:49,Paid Search,Google Ads,CMP-1003,Detox Near Me - Geo,Residential Programs,residential treatment center,residential treatment center,Exact,https://harborridge.example.test/admissions,TX,41.1,0,Google Ads,System-Observed
TOUCH-000170,,2026-05-10T19:38:38,Paid Search,Google Ads,CMP-1003,Detox Near Me - Geo,Detox Programs,substance abuse treatment options,substance abuse treatment options,Phrase,https://harborridge.example.test/admissions,AZ,34.97,0,Google Ads,System-Observed
TOUCH-000171,,2026-05-07T08:17:20,Paid Search,Google Ads,CMP-1005,Family Crisis - Non-Brand,Detox Programs,behavioral health treatment near me,behavioral health treatment near me,Broad,https://harborridge.example.test/admissions,OR,29.46,0,Google Ads,System-Observed
TOUCH-000172,,2026-05-14T10:56:01,Paid Search,Google Ads,CMP-1005,Family Crisis - Non-Brand,Admissions,family intervention help,family intervention help,Broad,https://harborridge.example.test/admissions,FL,22.91,0,Google Ads,System-Observed
TOUCH-000173,,2026-05-16T13:50:29,Paid Search,Google Ads,CMP-1003,Detox Near Me - Geo,Admissions,detox center near me,detox center near me,Broad,https://harborridge.example.test/admissions,AZ,14.28,0,Google Ads,System-Observed
TOUCH-000174,,2026-05-07T10:11:41,Paid Search,Google Ads,CMP-1003,Detox Near Me - Geo,Detox Programs,family intervention help,family intervention help,Phrase,https://harborridge.example.test/admissions,CA,16.06,0,Google Ads,System-Observed
TOUCH-000175,,2026-05-10T18:09:56,Paid Search,Google Ads,CMP-1002,Behavioral Health - Non-Brand,Admissions,behavioral health treatment near me,behavioral health treatment near me,Phrase,https://harborridge.example.test/admissions,CO,29.06,0,Google Ads,System-Observed
TOUCH-000176,,2026-05-24T20:46:20,Paid Search,Google Ads,CMP-1002,Behavioral Health - Non-Brand,Admissions,behavioral health treatment near me,behavioral health treatment near me,Broad,https://harborridge.example.test/admissions,CO,27.1,0,Google Ads,System-Observed
TOUCH-000177,,2026-05-24T17:10:41,Paid Search,Google Ads,CMP-1003,Detox Near Me - Geo,Residential Programs,behavioral health treatment near me,behavioral health treatment near me,Exact,https://harborridge.example.test/admissions,WA,26.17,0,Google Ads,System-Observed
TOUCH-000178,,2026-05-12T14:52:03,Paid Search,Google Ads,CMP-1003,Detox Near Me - Geo,Residential Programs,substance abuse treatment options,substance abuse treatment options,Broad,https://harborridge.example.test/admissions,NY,29.63,0,Google Ads,System-Observed
TOUCH-000179,,2026-05-14T15:27:52,Paid Search,Google Ads,CMP-1001,Behavioral Health - Brand,Detox Programs,behavioral health treatment near me,behavioral health treatment near me,Broad,https://harborridge.example.test/admissions,FL,38.3,0,Google Ads,System-Observed
TOUCH-000180,,2026-05-07T09:05:18,Paid Search,Google Ads,CMP-1005,Family Crisis - Non-Brand,Family Support,behavioral health treatment near me,behavioral health treatment near me,Exact,https://harborridge.example.test/admissions,CO,43.95,0,Google Ads,System-Observed
TOUCH-000181,,2026-05-06T17:27:10,Paid Search,Google Ads,CMP-1001,Behavioral Health - Brand,Residential Programs,residential treatment center,residential treatment center,Phrase,https://harborridge.example.test/admissions,NV,42.19,0,Google Ads,System-Observed
TOUCH-000182,,2026-05-08T16:29:32,Paid Search,Google Ads,CMP-1001,Behavioral Health - Brand,Admissions,substance abuse treatment options,substance abuse treatment options,Broad,https://harborridge.example.test/admissions,AZ,21.32,0,Google Ads,System-Observed
TOUCH-000183,,2026-05-27T12:51:13,Paid Search,Google Ads,CMP-1005,Family Crisis - Non-Brand,Detox Programs,substance abuse treatment options,substance abuse treatment options,Phrase,https://harborridge.example.test/admissions,FL,38.47,0,Google Ads,System-Observed
TOUCH-000184,,2026-05-14T11:54:29,Paid Search,Google Ads,CMP-1003,Detox Near Me - Geo,Detox Programs,residential treatment center,residential treatment center,Broad,https://harborridge.example.test/admissions,NY,41.34,0,Google Ads,System-Observed
TOUCH-000185,,2026-05-09T08:57:09,Paid Search,Google Ads,CMP-1005,Family Crisis - Non-Brand,Residential Programs,inpatient mental health treatment,inpatient mental health treatment,Broad,https://harborridge.example.test/admissions,CA,27.99,0,Google Ads,System-Observed
TOUCH-000186,,2026-05-22T16:42:30,Paid Search,Google Ads,CMP-1005,Family Crisis - Non-Brand,Residential Programs,family intervention help,family intervention help,Broad,https://harborridge.example.test/admissions,UT,22.01,0,Google Ads,System-Observed
TOUCH-000187,,2026-05-22T07:21:26,Paid Search,Google Ads,CMP-1005,Family Crisis - Non-Brand,Family Support,residential treatment center,residential treatment center,Broad,https://harborridge.example.test/admissions,CO,19.17,0,Google Ads,System-Observed
TOUCH-000188,,2026-05-15T08:04:22,Paid Search,Google Ads,CMP-1002,Behavioral Health - Non-Brand,Detox Programs,inpatient mental health treatment,inpatient mental health treatment,Phrase,https://harborridge.example.test/admissions,WA,19.69,0,Google Ads,System-Observed
TOUCH-000189,,2026-05-05T10:48:44,Paid Search,Google Ads,CMP-1005,Family Crisis - Non-Brand,Family Support,detox center near me,detox center near me,Phrase,https://harborridge.example.test/admissions,UT,14.62,0,Google Ads,System-Observed
TOUCH-000190,,2026-05-25T11:31:46,Paid Search,Google Ads,CMP-1005,Family Crisis - Non-Brand,Residential Programs,inpatient mental health treatment,inpatient mental health treatment,Exact,https://harborridge.example.test/admissions,OR,41.08,0,Google Ads,System-Observed
TOUCH-000191,,2026-05-16T14:49:26,Paid Search,Google Ads,CMP-1004,Residential Treatment - Geo,Detox Programs,behavioral health treatment near me,behavioral health treatment near me,Broad,https://harborridge.example.test/admissions,OR,19.04,0,Google Ads,System-Observed
TOUCH-000192,,2026-05-08T11:05:40,Paid Search,Google Ads,CMP-1005,Family Crisis - Non-Brand,Admissions,family intervention help,family intervention help,Broad,https://harborridge.example.test/admissions,FL,15.7,0,Google Ads,System-Observed
TOUCH-000193,,2026-05-31T17:35:53,Paid Search,Google Ads,CMP-1005,Family Crisis - Non-Brand,Detox Programs,detox center near me,detox center near me,Broad,https://harborridge.example.test/admissions,NV,28.03,0,Google Ads,System-Observed
TOUCH-000194,,2026-05-15T17:21:42,Paid Search,Google Ads,CMP-1001,Behavioral Health - Brand,Detox Programs,detox center near me,detox center near me,Broad,https://harborridge.example.test/admissions,UT,43.59,0,Google Ads,System-Observed
TOUCH-000195,,2026-05-01T08:56:45,Paid Search,Google Ads,CMP-1001,Behavioral Health - Brand,Residential Programs,family intervention help,family intervention help,Exact,https://harborridge.example.test/admissions,FL,21.5,0,Google Ads,System-Observed
TOUCH-000196,,2026-05-11T14:42:23,Paid Search,Google Ads,CMP-1002,Behavioral Health - Non-Brand,Residential Programs,residential treatment center,residential treatment center,Broad,https://harborridge.example.test/admissions,TX,16.68,0,Google Ads,System-Observed
TOUCH-000197,,2026-05-26T07:08:02,Paid Search,Google Ads,CMP-1003,Detox Near Me - Geo,Residential Programs,substance abuse treatment options,substance abuse treatment options,Broad,https://harborridge.example.test/admissions,NY,29.27,0,Google Ads,System-Observed
TOUCH-000198,,2026-05-13T20:35:54,Paid Search,Google Ads,CMP-1001,Behavioral Health - Brand,Residential Programs,substance abuse treatment options,substance abuse treatment options,Exact,https://harborridge.example.test/admissions,WA,23.62,0,Google Ads,System-Observed
TOUCH-000199,,2026-05-04T14:03:26,Paid Search,Google Ads,CMP-1003,Detox Near Me - Geo,Family Support,detox center near me,detox center near me,Phrase,https://harborridge.example.test/admissions,OR,21.72,0,Google Ads,System-Observed
TOUCH-000200,,2026-05-13T17:19:52,Paid Search,Google Ads,CMP-1005,Family Crisis - Non-Brand,Family Support,substance abuse treatment options,substance abuse treatment options,Phrase,https://harborridge.example.test/admissions,NY,27.04,0,Google Ads,System-Observed
TOUCH-000201,,2026-05-14T11:32:30,Paid Search,Google Ads,CMP-1004,Residential Treatment - Geo,Residential Programs,residential treatment center,residential treatment center,Exact,https://harborridge.example.test/admissions,NY,21.82,0,Google Ads,System-Observed
TOUCH-000202,,2026-05-10T12:18:54,Paid Search,Google Ads,CMP-1004,Residential Treatment - Geo,Admissions,behavioral health treatment near me,behavioral health treatment near me,Phrase,https://harborridge.example.test/admissions,AZ,28.97,0,Google Ads,System-Observed
TOUCH-000203,,2026-05-03T14:31:16,Paid Search,Google Ads,CMP-1003,Detox Near Me - Geo,Detox Programs,residential treatment center,residential treatment center,Broad,https://harborridge.example.test/admissions,NV,42.17,0,Google Ads,System-Observed
TOUCH-000204,,2026-05-17T14:25:22,Paid Search,Google Ads,CMP-1005,Family Crisis - Non-Brand,Residential Programs,residential treatment center,residential treatment center,Exact,https://harborridge.example.test/admissions,TX,27.19,0,Google Ads,System-Observed
TOUCH-000205,,2026-05-08T15:21:27,Paid Search,Google Ads,CMP-1002,Behavioral Health - Non-Brand,Detox Programs,inpatient mental health treatment,inpatient mental health treatment,Exact,https://harborridge.example.test/admissions,UT,16.12,0,Google Ads,System-Observed
TOUCH-000206,,2026-05-04T08:50:45,Paid Search,Google Ads,CMP-1001,Behavioral Health - Brand,Residential Programs,substance abuse treatment options,substance abuse treatment options,Exact,https://harborridge.example.test/admissions,OR,33.23,0,Google Ads,System-Observed
TOUCH-000207,,2026-05-11T16:51:51,Paid Search,Google Ads,CMP-1003,Detox Near Me - Geo,Admissions,detox center near me,detox center near me,Broad,https://harborridge.example.test/admissions,CA,19.65,0,Google Ads,System-Observed
TOUCH-000208,,2026-05-28T15:41:49,Paid Search,Google Ads,CMP-1003,Detox Near Me - Geo,Admissions,inpatient mental health treatment,inpatient mental health treatment,Phrase,https://harborridge.example.test/admissions,CA,29.06,0,Google Ads,System-Observed
TOUCH-000209,,2026-05-14T13:21:27,Paid Search,Google Ads,CMP-1002,Behavioral Health - Non-Brand,Admissions,residential treatment center,residential treatment center,Phrase,https://harborridge.example.test/admissions,CO,30.15,0,Google Ads,System-Observed
TOUCH-000210,,2026-05-25T07:21:42,Paid Search,Google Ads,CMP-1001,Behavioral Health - Brand,Residential Programs,family intervention help,family intervention help,Broad,https://harborridge.example.test/admissions,CA,14.21,0,Google Ads,System-Observed
TOUCH-000211,,2026-05-05T14:38:12,Paid Search,Google Ads,CMP-1003,Detox Near Me - Geo,Admissions,family intervention help,family intervention help,Exact,https://harborridge.example.test/admissions,UT,40.19,0,Google Ads,System-Observed
TOUCH-000212,,2026-05-23T18:02:30,Paid Search,Google Ads,CMP-1004,Residential Treatment - Geo,Admissions,residential treatment center,residential treatment center,Phrase,https://harborridge.example.test/admissions,CA,14.86,0,Google Ads,System-Observed
TOUCH-000213,,2026-05-17T17:37:46,Paid Search,Google Ads,CMP-1003,Detox Near Me - Geo,Family Support,inpatient mental health treatment,inpatient mental health treatment,Broad,https://harborridge.example.test/admissions,CO,33.77,0,Google Ads,System-Observed
TOUCH-000214,,2026-05-04T16:51:51,Paid Search,Google Ads,CMP-1002,Behavioral Health - Non-Brand,Family Support,behavioral health treatment near me,behavioral health treatment near me,Exact,https://harborridge.example.test/admissions,FL,19.11,0,Google Ads,System-Observed
TOUCH-000215,,2026-05-22T10:49:12,Paid Search,Google Ads,CMP-1004,Residential Treatment - Geo,Admissions,residential treatment center,residential treatment center,Phrase,https://harborridge.example.test/admissions,CA,28.48,0,Google Ads,System-Observed
TOUCH-000216,,2026-05-18T14:28:09,Paid Search,Google Ads,CMP-1004,Residential Treatment - Geo,Residential Programs,substance abuse treatment options,substance abuse treatment options,Phrase,https://harborridge.example.test/admissions,AZ,27.05,0,Google Ads,System-Observed
TOUCH-000217,,2026-05-04T16:05:44,Paid Search,Google Ads,CMP-1002,Behavioral Health - Non-Brand,Admissions,inpatient mental health treatment,inpatient mental health treatment,Phrase,https://harborridge.example.test/admissions,NY,31.45,0,Google Ads,System-Observed
TOUCH-000218,,2026-05-26T19:01:28,Paid Search,Google Ads,CMP-1002,Behavioral Health - Non-Brand,Family Support,inpatient mental health treatment,inpatient mental health treatment,Broad,https://harborridge.example.test/admissions,TX,14.36,0,Google Ads,System-Observed
TOUCH-000219,,2026-05-27T16:54:51,Paid Search,Google Ads,CMP-1003,Detox Near Me - Geo,Detox Programs,detox center near me,detox center near me,Phrase,https://harborridge.example.test/admissions,AZ,34.59,0,Google Ads,System-Observed
TOUCH-000220,,2026-05-09T13:11:36,Paid Search,Google Ads,CMP-1004,Residential Treatment - Geo,Admissions,residential treatment center,residential treatment center,Exact,https://harborridge.example.test/admissions,AZ,37.34,0,Google Ads,System-Observed
TOUCH-000221,,2026-05-25T11:32:28,Paid Search,Google Ads,CMP-1002,Behavioral Health - Non-Brand,Admissions,behavioral health treatment near me,behavioral health treatment near me,Phrase,https://harborridge.example.test/admissions,CO,42.54,0,Google Ads,System-Observed
TOUCH-000222,,2026-05-13T17:55:38,Paid Search,Google Ads,CMP-1002,Behavioral Health - Non-Brand,Residential Programs,behavioral health treatment near me,behavioral health treatment near me,Exact,https://harborridge.example.test/admissions,UT,23.63,0,Google Ads,System-Observed
TOUCH-000223,,2026-05-01T09:46:21,Paid Search,Google Ads,CMP-1005,Family Crisis - Non-Brand,Admissions,detox center near me,detox center near me,Exact,https://harborridge.example.test/admissions,AZ,26.46,0,Google Ads,System-Observed
TOUCH-000224,,2026-05-23T15:28:10,Paid Search,Google Ads,CMP-1003,Detox Near Me - Geo,Admissions,behavioral health treatment near me,behavioral health treatment near me,Phrase,https://harborridge.example.test/admissions,NV,28.43,0,Google Ads,System-Observed
TOUCH-000225,,2026-05-13T17:09:59,Paid Search,Google Ads,CMP-1002,Behavioral Health - Non-Brand,Residential Programs,residential treatment center,residential treatment center,Exact,https://harborridge.example.test/admissions,CA,22.9,0,Google Ads,System-Observed
TOUCH-000226,,2026-05-09T15:04:53,Paid Search,Google Ads,CMP-1005,Family Crisis - Non-Brand,Detox Programs,residential treatment center,residential treatment center,Exact,https://harborridge.example.test/admissions,FL,29.67,0,Google Ads,System-Observed
TOUCH-000227,,2026-05-31T11:29:06,Paid Search,Google Ads,CMP-1001,Behavioral Health - Brand,Admissions,substance abuse treatment options,substance abuse treatment options,Exact,https://harborridge.example.test/admissions,CA,28.72,0,Google Ads,System-Observed
TOUCH-000228,,2026-05-19T16:52:14,Paid Search,Google Ads,CMP-1004,Residential Treatment - Geo,Residential Programs,substance abuse treatment options,substance abuse treatment options,Broad,https://harborridge.example.test/admissions,UT,35.77,0,Google Ads,System-Observed
TOUCH-000229,,2026-05-22T13:31:25,Paid Search,Google Ads,CMP-1003,Detox Near Me - Geo,Detox Programs,detox center near me,detox center near me,Exact,https://harborridge.example.test/admissions,OR,43.96,0,Google Ads,System-Observed
TOUCH-000230,,2026-05-26T16:33:14,Paid Search,Google Ads,CMP-1001,Behavioral Health - Brand,Admissions,family intervention help,family intervention help,Exact,https://harborridge.example.test/admissions,NY,18.28,0,Google Ads,System-Observed
TOUCH-000231,,2026-05-21T16:33:40,Paid Search,Google Ads,CMP-1003,Detox Near Me - Geo,Detox Programs,inpatient mental health treatment,inpatient mental health treatment,Broad,https://harborridge.example.test/admissions,NV,38.23,0,Google Ads,System-Observed
TOUCH-000232,,2026-05-23T10:09:58,Paid Search,Google Ads,CMP-1001,Behavioral Health - Brand,Admissions,substance abuse treatment options,substance abuse treatment options,Phrase,https://harborridge.example.test/admissions,CO,38.13,0,Google Ads,System-Observed
TOUCH-000233,,2026-05-29T11:48:47,Paid Search,Google Ads,CMP-1004,Residential Treatment - Geo,Residential Programs,inpatient mental health treatment,inpatient mental health treatment,Exact,https://harborridge.example.test/admissions,UT,28.93,0,Google Ads,System-Observed
TOUCH-000234,,2026-05-18T14:16:24,Paid Search,Google Ads,CMP-1001,Behavioral Health - Brand,Family Support,substance abuse treatment options,substance abuse treatment options,Exact,https://harborridge.example.test/admissions,CA,38.32,0,Google Ads,System-Observed
TOUCH-000235,,2026-05-06T09:58:49,Paid Search,Google Ads,CMP-1002,Behavioral Health - Non-Brand,Admissions,inpatient mental health treatment,inpatient mental health treatment,Exact,https://harborridge.example.test/admissions,CA,19.55,0,Google Ads,System-Observed
TOUCH-000236,,2026-05-18T18:44:22,Paid Search,Google Ads,CMP-1005,Family Crisis - Non-Brand,Admissions,inpatient mental health treatment,inpatient mental health treatment,Broad,https://harborridge.example.test/admissions,AZ,24.14,0,Google Ads,System-Observed
TOUCH-000237,,2026-05-24T14:26:16,Paid Search,Google Ads,CMP-1002,Behavioral Health - Non-Brand,Family Support,detox center near me,detox center near me,Phrase,https://harborridge.example.test/admissions,NY,19.38,0,Google Ads,System-Observed
TOUCH-000238,,2026-05-03T11:43:01,Paid Search,Google Ads,CMP-1004,Residential Treatment - Geo,Admissions,behavioral health treatment near me,behavioral health treatment near me,Phrase,https://harborridge.example.test/admissions,AZ,42.39,0,Google Ads,System-Observed
TOUCH-000239,,2026-05-19T16:11:51,Paid Search,Google Ads,CMP-1002,Behavioral Health - Non-Brand,Family Support,behavioral health treatment near me,behavioral health treatment near me,Phrase,https://harborridge.example.test/admissions,CA,44.66,0,Google Ads,System-Observed
TOUCH-000240,,2026-05-11T15:57:13,Paid Search,Google Ads,CMP-1003,Detox Near Me - Geo,Residential Programs,residential treatment center,residential treatment center,Phrase,https://harborridge.example.test/admissions,CA,30.9,0,Google Ads,System-Observed
TOUCH-000241,,2026-05-09T07:50:21,Paid Search,Google Ads,CMP-1004,Residential Treatment - Geo,Detox Programs,inpatient mental health treatment,inpatient mental health treatment,Phrase,https://harborridge.example.test/admissions,TX,35.33,0,Google Ads,System-Observed
TOUCH-000242,,2026-05-10T13:48:11,Paid Search,Google Ads,CMP-1003,Detox Near Me - Geo,Detox Programs,substance abuse treatment options,substance abuse treatment options,Phrase,https://harborridge.example.test/admissions,NY,22.25,0,Google Ads,System-Observed
TOUCH-000243,,2026-05-07T15:13:17,Paid Search,Google Ads,CMP-1005,Family Crisis - Non-Brand,Detox Programs,behavioral health treatment near me,behavioral health treatment near me,Broad,https://harborridge.example.test/admissions,WA,28.03,0,Google Ads,System-Observed
TOUCH-000244,,2026-05-02T17:36:54,Paid Search,Google Ads,CMP-1004,Residential Treatment - Geo,Admissions,detox center near me,detox center near me,Exact,https://harborridge.example.test/admissions,NY,15.63,0,Google Ads,System-Observed
TOUCH-000245,,2026-05-16T18:42:42,Paid Search,Google Ads,CMP-1001,Behavioral Health - Brand,Residential Programs,residential treatment center,residential treatment center,Phrase,https://harborridge.example.test/admissions,TX,32.95,0,Google Ads,System-Observed
TOUCH-000246,,2026-05-07T15:21:34,Paid Search,Google Ads,CMP-1004,Residential Treatment - Geo,Admissions,family intervention help,family intervention help,Phrase,https://harborridge.example.test/admissions,CA,20.08,0,Google Ads,System-Observed
TOUCH-000247,,2026-05-23T16:31:54,Paid Search,Google Ads,CMP-1004,Residential Treatment - Geo,Family Support,substance abuse treatment options,substance abuse treatment options,Phrase,https://harborridge.example.test/admissions,TX,35.28,0,Google Ads,System-Observed
TOUCH-000248,,2026-05-26T16:58:49,Paid Search,Google Ads,CMP-1005,Family Crisis - Non-Brand,Family Support,residential treatment center,residential treatment center,Phrase,https://harborridge.example.test/admissions,CA,44.66,0,Google Ads,System-Observed
TOUCH-000249,,2026-05-07T20:27:56,Paid Search,Google Ads,CMP-1002,Behavioral Health - Non-Brand,Detox Programs,family intervention help,family intervention help,Broad,https://harborridge.example.test/admissions,NV,26.9,0,Google Ads,System-Observed
TOUCH-000250,,2026-05-30T07:20:58,Paid Search,Google Ads,CMP-1002,Behavioral Health - Non-Brand,Residential Programs,behavioral health treatment near me,behavioral health treatment near me,Broad,https://harborridge.example.test/admissions,NY,21.94,0,Google Ads,System-Observed
TOUCH-000251,,2026-05-15T18:48:48,Paid Search,Google Ads,CMP-1003,Detox Near Me - Geo,Family Support,substance abuse treatment options,substance abuse treatment options,Phrase,https://harborridge.example.test/admissions,WA,15.91,0,Google Ads,System-Observed
TOUCH-000252,,2026-05-11T07:33:54,Paid Search,Google Ads,CMP-1003,Detox Near Me - Geo,Residential Programs,residential treatment center,residential treatment center,Exact,https://harborridge.example.test/admissions,NV,41.73,0,Google Ads,System-Observed
TOUCH-000253,,2026-05-20T09:20:48,Paid Search,Google Ads,CMP-1004,Residential Treatment - Geo,Family Support,inpatient mental health treatment,inpatient mental health treatment,Phrase,https://harborridge.example.test/admissions,NV,34.02,0,Google Ads,System-Observed
TOUCH-000254,,2026-05-29T10:38:42,Paid Search,Google Ads,CMP-1002,Behavioral Health - Non-Brand,Residential Programs,family intervention help,family intervention help,Broad,https://harborridge.example.test/admissions,AZ,43.18,0,Google Ads,System-Observed
TOUCH-000255,,2026-05-05T15:30:36,Paid Search,Google Ads,CMP-1002,Behavioral Health - Non-Brand,Residential Programs,family intervention help,family intervention help,Phrase,https://harborridge.example.test/admissions,WA,18.01,0,Google Ads,System-Observed
TOUCH-000256,,2026-05-01T11:56:12,Paid Search,Google Ads,CMP-1001,Behavioral Health - Brand,Family Support,detox center near me,detox center near me,Phrase,https://harborridge.example.test/admissions,NV,29.95,0,Google Ads,System-Observed
TOUCH-000257,,2026-05-23T08:10:48,Paid Search,Google Ads,CMP-1003,Detox Near Me - Geo,Residential Programs,behavioral health treatment near me,behavioral health treatment near me,Exact,https://harborridge.example.test/admissions,UT,32.65,0,Google Ads,System-Observed
TOUCH-000258,,2026-05-04T08:00:09,Paid Search,Google Ads,CMP-1004,Residential Treatment - Geo,Detox Programs,detox center near me,detox center near me,Exact,https://harborridge.example.test/admissions,OR,43.39,0,Google Ads,System-Observed
TOUCH-000259,,2026-05-05T07:28:55,Paid Search,Google Ads,CMP-1005,Family Crisis - Non-Brand,Detox Programs,family intervention help,family intervention help,Phrase,https://harborridge.example.test/admissions,TX,39.92,0,Google Ads,System-Observed
TOUCH-000260,,2026-05-31T15:54:37,Paid Search,Google Ads,CMP-1003,Detox Near Me - Geo,Detox Programs,substance abuse treatment options,substance abuse treatment options,Broad,https://harborridge.example.test/admissions,UT,42.53,0,Google Ads,System-Observed
TOUCH-000261,,2026-05-06T09:41:18,Paid Search,Google Ads,CMP-1001,Behavioral Health - Brand,Detox Programs,inpatient mental health treatment,inpatient mental health treatment,Broad,https://harborridge.example.test/admissions,FL,16.2,0,Google Ads,System-Observed
TOUCH-000262,,2026-05-03T13:00:54,Paid Search,Google Ads,CMP-1002,Behavioral Health - Non-Brand,Detox Programs,substance abuse treatment options,substance abuse treatment options,Exact,https://harborridge.example.test/admissions,AZ,30.3,0,Google Ads,System-Observed
TOUCH-000263,,2026-05-20T11:03:54,Paid Search,Google Ads,CMP-1001,Behavioral Health - Brand,Admissions,detox center near me,detox center near me,Broad,https://harborridge.example.test/admissions,NY,28.08,0,Google Ads,System-Observed
TOUCH-000264,,2026-05-16T12:20:18,Paid Search,Google Ads,CMP-1003,Detox Near Me - Geo,Family Support,family intervention help,family intervention help,Exact,https://harborridge.example.test/admissions,WA,22.84,0,Google Ads,System-Observed
TOUCH-000265,,2026-05-27T20:04:26,Paid Search,Google Ads,CMP-1004,Residential Treatment - Geo,Residential Programs,behavioral health treatment near me,behavioral health treatment near me,Phrase,https://harborridge.example.test/admissions,CO,31.27,0,Google Ads,System-Observed
TOUCH-000266,,2026-05-01T11:21:35,Paid Search,Google Ads,CMP-1002,Behavioral Health - Non-Brand,Family Support,behavioral health treatment near me,behavioral health treatment near me,Exact,https://harborridge.example.test/admissions,CO,44.6,0,Google Ads,System-Observed
TOUCH-000267,,2026-05-02T14:29:34,Paid Search,Google Ads,CMP-1003,Detox Near Me - Geo,Family Support,detox center near me,detox center near me,Phrase,https://harborridge.example.test/admissions,UT,33.79,0,Google Ads,System-Observed
TOUCH-000268,,2026-05-28T17:45:31,Paid Search,Google Ads,CMP-1004,Residential Treatment - Geo,Family Support,substance abuse treatment options,substance abuse treatment options,Broad,https://harborridge.example.test/admissions,TX,28.94,0,Google Ads,System-Observed
TOUCH-000269,,2026-05-31T10:36:09,Paid Search,Google Ads,CMP-1005,Family Crisis - Non-Brand,Detox Programs,family intervention help,family intervention help,Phrase,https://harborridge.example.test/admissions,OR,18.71,0,Google Ads,System-Observed
TOUCH-000270,,2026-05-02T17:33:54,Paid Search,Google Ads,CMP-1002,Behavioral Health - Non-Brand,Residential Programs,substance abuse treatment options,substance abuse treatment options,Phrase,https://harborridge.example.test/admissions,OR,33.77,0,Google Ads,System-Observed
TOUCH-000271,,2026-05-18T14:40:29,Paid Search,Google Ads,CMP-1001,Behavioral Health - Brand,Detox Programs,inpatient mental health treatment,inpatient mental health treatment,Exact,https://harborridge.example.test/admissions,CO,22.0,0,Google Ads,System-Observed
TOUCH-000272,,2026-05-07T07:14:43,Paid Search,Google Ads,CMP-1005,Family Crisis - Non-Brand,Residential Programs,behavioral health treatment near me,behavioral health treatment near me,Phrase,https://harborridge.example.test/admissions,NV,44.71,0,Google Ads,System-Observed
TOUCH-000273,,2026-05-30T10:20:33,Paid Search,Google Ads,CMP-1003,Detox Near Me - Geo,Family Support,inpatient mental health treatment,inpatient mental health treatment,Exact,https://harborridge.example.test/admissions,NY,42.26,0,Google Ads,System-Observed
TOUCH-000274,,2026-05-13T20:05:36,Paid Search,Google Ads,CMP-1005,Family Crisis - Non-Brand,Detox Programs,detox center near me,detox center near me,Exact,https://harborridge.example.test/admissions,TX,33.07,0,Google Ads,System-Observed
TOUCH-000275,,2026-05-10T16:07:31,Paid Search,Google Ads,CMP-1004,Residential Treatment - Geo,Residential Programs,family intervention help,family intervention help,Exact,https://harborridge.example.test/admissions,CO,43.59,0,Google Ads,System-Observed
TOUCH-000276,,2026-05-05T18:50:25,Paid Search,Google Ads,CMP-1003,Detox Near Me - Geo,Residential Programs,family intervention help,family intervention help,Broad,https://harborridge.example.test/admissions,CO,20.32,0,Google Ads,System-Observed
TOUCH-000277,,2026-05-05T17:35:17,Paid Search,Google Ads,CMP-1002,Behavioral Health - Non-Brand,Detox Programs,substance abuse treatment options,substance abuse treatment options,Broad,https://harborridge.example.test/admissions,AZ,16.08,0,Google Ads,System-Observed
TOUCH-000278,,2026-05-24T18:56:26,Paid Search,Google Ads,CMP-1002,Behavioral Health - Non-Brand,Detox Programs,inpatient mental health treatment,inpatient mental health treatment,Broad,https://harborridge.example.test/admissions,OR,41.63,0,Google Ads,System-Observed
TOUCH-000279,,2026-05-29T09:37:41,Paid Search,Google Ads,CMP-1003,Detox Near Me - Geo,Residential Programs,substance abuse treatment options,substance abuse treatment options,Phrase,https://harborridge.example.test/admissions,NV,26.27,0,Google Ads,System-Observed
TOUCH-000280,,2026-05-25T12:39:53,Paid Search,Google Ads,CMP-1001,Behavioral Health - Brand,Residential Programs,inpatient mental health treatment,inpatient mental health treatment,Phrase,https://harborridge.example.test/admissions,NY,33.32,0,Google Ads,System-Observed
TOUCH-000281,,2026-05-16T15:33:11,Paid Search,Google Ads,CMP-1004,Residential Treatment - Geo,Admissions,residential treatment center,residential treatment center,Broad,https://harborridge.example.test/admissions,CO,20.51,0,Google Ads,System-Observed
TOUCH-000282,,2026-05-01T09:35:20,Paid Search,Google Ads,CMP-1005,Family Crisis - Non-Brand,Residential Programs,detox center near me,detox center near me,Broad,https://harborridge.example.test/admissions,OR,41.48,0,Google Ads,System-Observed
TOUCH-000283,,2026-05-06T07:53:13,Paid Search,Google Ads,CMP-1004,Residential Treatment - Geo,Residential Programs,residential treatment center,residential treatment center,Phrase,https://harborridge.example.test/admissions,TX,20.33,0,Google Ads,System-Observed
TOUCH-000284,,2026-05-26T10:19:41,Paid Search,Google Ads,CMP-1001,Behavioral Health - Brand,Family Support,residential treatment center,residential treatment center,Exact,https://harborridge.example.test/admissions,WA,28.21,0,Google Ads,System-Observed
TOUCH-000285,,2026-05-08T18:17:39,Paid Search,Google Ads,CMP-1004,Residential Treatment - Geo,Residential Programs,behavioral health treatment near me,behavioral health treatment near me,Broad,https://harborridge.example.test/admissions,NV,41.79,0,Google Ads,System-Observed
TOUCH-000286,,2026-05-15T18:00:57,Paid Search,Google Ads,CMP-1005,Family Crisis - Non-Brand,Admissions,detox center near me,detox center near me,Phrase,https://harborridge.example.test/admissions,AZ,41.14,0,Google Ads,System-Observed
TOUCH-000287,,2026-05-18T15:52:45,Paid Search,Google Ads,CMP-1001,Behavioral Health - Brand,Detox Programs,behavioral health treatment near me,behavioral health treatment near me,Broad,https://harborridge.example.test/admissions,AZ,25.2,0,Google Ads,System-Observed
TOUCH-000288,,2026-05-16T10:26:28,Paid Search,Google Ads,CMP-1004,Residential Treatment - Geo,Detox Programs,detox center near me,detox center near me,Phrase,https://harborridge.example.test/admissions,OR,25.61,0,Google Ads,System-Observed
TOUCH-000289,,2026-05-06T14:21:57,Paid Search,Google Ads,CMP-1004,Residential Treatment - Geo,Residential Programs,behavioral health treatment near me,behavioral health treatment near me,Broad,https://harborridge.example.test/admissions,OR,15.46,0,Google Ads,System-Observed
TOUCH-000290,,2026-05-29T16:13:18,Paid Search,Google Ads,CMP-1005,Family Crisis - Non-Brand,Residential Programs,substance abuse treatment options,substance abuse treatment options,Phrase,https://harborridge.example.test/admissions,NY,23.68,0,Google Ads,System-Observed
TOUCH-000291,,2026-05-12T11:54:55,Paid Search,Google Ads,CMP-1001,Behavioral Health - Brand,Admissions,inpatient mental health treatment,inpatient mental health treatment,Broad,https://harborridge.example.test/admissions,UT,31.11,0,Google Ads,System-Observed
TOUCH-000292,,2026-05-28T11:01:49,Paid Search,Google Ads,CMP-1003,Detox Near Me - Geo,Detox Programs,inpatient mental health treatment,inpatient mental health treatment,Phrase,https://harborridge.example.test/admissions,WA,26.23,0,Google Ads,System-Observed
TOUCH-000293,,2026-05-06T14:38:42,Paid Search,Google Ads,CMP-1001,Behavioral Health - Brand,Detox Programs,inpatient mental health treatment,inpatient mental health treatment,Phrase,https://harborridge.example.test/admissions,OR,41.32,0,Google Ads,System-Observed
TOUCH-000294,,2026-05-27T07:28:35,Paid Search,Google Ads,CMP-1003,Detox Near Me - Geo,Family Support,residential treatment center,residential treatment center,Phrase,https://harborridge.example.test/admissions,NY,14.84,0,Google Ads,System-Observed
TOUCH-000295,,2026-05-29T11:32:49,Paid Search,Google Ads,CMP-1002,Behavioral Health - Non-Brand,Residential Programs,detox center near me,detox center near me,Broad,https://harborridge.example.test/admissions,NV,36.97,0,Google Ads,System-Observed
TOUCH-000296,,2026-05-22T09:34:23,Paid Search,Google Ads,CMP-1005,Family Crisis - Non-Brand,Detox Programs,residential treatment center,residential treatment center,Broad,https://harborridge.example.test/admissions,OR,35.22,0,Google Ads,System-Observed
TOUCH-000297,,2026-05-17T08:17:32,Paid Search,Google Ads,CMP-1001,Behavioral Health - Brand,Detox Programs,substance abuse treatment options,substance abuse treatment options,Phrase,https://harborridge.example.test/admissions,FL,21.62,0,Google Ads,System-Observed
TOUCH-000298,,2026-05-15T17:45:46,Paid Search,Google Ads,CMP-1003,Detox Near Me - Geo,Admissions,detox center near me,detox center near me,Broad,https://harborridge.example.test/admissions,OR,43.02,0,Google Ads,System-Observed
TOUCH-000299,,2026-05-11T11:06:50,Paid Search,Google Ads,CMP-1003,Detox Near Me - Geo,Admissions,family intervention help,family intervention help,Exact,https://harborridge.example.test/admissions,TX,39.42,0,Google Ads,System-Observed
TOUCH-000300,,2026-05-08T14:27:46,Paid Search,Google Ads,CMP-1003,Detox Near Me - Geo,Detox Programs,substance abuse treatment options,substance abuse treatment options,Exact,https://harborridge.example.test/admissions,OR,15.91,0,Google Ads,System-Observed
TOUCH-000301,,2026-05-05T17:43:57,Paid Search,Google Ads,CMP-1001,Behavioral Health - Brand,Residential Programs,substance abuse treatment options,substance abuse treatment options,Broad,https://harborridge.example.test/admissions,CO,29.77,0,Google Ads,System-Observed
TOUCH-000302,,2026-05-17T13:40:49,Paid Search,Google Ads,CMP-1001,Behavioral Health - Brand,Residential Programs,inpatient mental health treatment,inpatient mental health treatment,Broad,https://harborridge.example.test/admissions,WA,18.77,0,Google Ads,System-Observed
TOUCH-000303,,2026-05-01T15:02:55,Paid Search,Google Ads,CMP-1002,Behavioral Health - Non-Brand,Admissions,behavioral health treatment near me,behavioral health treatment near me,Exact,https://harborridge.example.test/admissions,OR,14.88,0,Google Ads,System-Observed
TOUCH-000304,,2026-05-04T18:38:06,Paid Search,Google Ads,CMP-1004,Residential Treatment - Geo,Residential Programs,detox center near me,detox center near me,Exact,https://harborridge.example.test/admissions,OR,29.29,0,Google Ads,System-Observed
TOUCH-000305,,2026-05-09T09:34:28,Paid Search,Google Ads,CMP-1002,Behavioral Health - Non-Brand,Detox Programs,inpatient mental health treatment,inpatient mental health treatment,Broad,https://harborridge.example.test/admissions,UT,44.3,0,Google Ads,System-Observed
TOUCH-000306,,2026-05-09T15:51:32,Paid Search,Google Ads,CMP-1002,Behavioral Health - Non-Brand,Detox Programs,inpatient mental health treatment,inpatient mental health treatment,Exact,https://harborridge.example.test/admissions,TX,23.3,0,Google Ads,System-Observed
TOUCH-000307,,2026-05-06T15:29:28,Paid Search,Google Ads,CMP-1001,Behavioral Health - Brand,Residential Programs,inpatient mental health treatment,inpatient mental health treatment,Exact,https://harborridge.example.test/admissions,NY,42.81,0,Google Ads,System-Observed
TOUCH-000308,,2026-05-06T16:32:16,Paid Search,Google Ads,CMP-1004,Residential Treatment - Geo,Residential Programs,inpatient mental health treatment,inpatient mental health treatment,Phrase,https://harborridge.example.test/admissions,AZ,20.65,0,Google Ads,System-Observed
TOUCH-000309,,2026-05-12T18:29:35,Paid Search,Google Ads,CMP-1002,Behavioral Health - Non-Brand,Residential Programs,inpatient mental health treatment,inpatient mental health treatment,Phrase,https://harborridge.example.test/admissions,WA,39.81,0,Google Ads,System-Observed
TOUCH-000310,,2026-05-21T19:55:51,Paid Search,Google Ads,CMP-1004,Residential Treatment - Geo,Detox Programs,detox center near me,detox center near me,Phrase,https://harborridge.example.test/admissions,NV,39.41,0,Google Ads,System-Observed
TOUCH-000311,,2026-05-05T18:58:21,Paid Search,Google Ads,CMP-1002,Behavioral Health - Non-Brand,Admissions,behavioral health treatment near me,behavioral health treatment near me,Broad,https://harborridge.example.test/admissions,UT,43.8,0,Google Ads,System-Observed
TOUCH-000312,,2026-05-19T08:04:44,Paid Search,Google Ads,CMP-1001,Behavioral Health - Brand,Residential Programs,residential treatment center,residential treatment center,Exact,https://harborridge.example.test/admissions,NY,27.15,0,Google Ads,System-Observed
TOUCH-000313,,2026-05-31T13:52:08,Paid Search,Google Ads,CMP-1005,Family Crisis - Non-Brand,Residential Programs,inpatient mental health treatment,inpatient mental health treatment,Exact,https://harborridge.example.test/admissions,AZ,37.03,0,Google Ads,System-Observed
TOUCH-000314,,2026-05-11T11:25:22,Paid Search,Google Ads,CMP-1004,Residential Treatment - Geo,Family Support,family intervention help,family intervention help,Broad,https://harborridge.example.test/admissions,FL,37.19,0,Google Ads,System-Observed
TOUCH-000315,,2026-05-09T16:43:56,Paid Search,Google Ads,CMP-1005,Family Crisis - Non-Brand,Admissions,detox center near me,detox center near me,Phrase,https://harborridge.example.test/admissions,NV,43.06,0,Google Ads,System-Observed
TOUCH-000316,,2026-05-24T16:29:12,Paid Search,Google Ads,CMP-1001,Behavioral Health - Brand,Detox Programs,substance abuse treatment options,substance abuse treatment options,Phrase,https://harborridge.example.test/admissions,CO,20.4,0,Google Ads,System-Observed
TOUCH-000317,,2026-05-28T14:55:59,Paid Search,Google Ads,CMP-1002,Behavioral Health - Non-Brand,Admissions,family intervention help,family intervention help,Phrase,https://harborridge.example.test/admissions,TX,16.06,0,Google Ads,System-Observed
TOUCH-000318,,2026-05-01T15:40:00,Paid Search,Google Ads,CMP-1003,Detox Near Me - Geo,Admissions,behavioral health treatment near me,behavioral health treatment near me,Broad,https://harborridge.example.test/admissions,NV,35.04,0,Google Ads,System-Observed
TOUCH-000319,,2026-05-29T17:50:13,Paid Search,Google Ads,CMP-1003,Detox Near Me - Geo,Admissions,behavioral health treatment near me,behavioral health treatment near me,Exact,https://harborridge.example.test/admissions,NV,35.7,0,Google Ads,System-Observed
TOUCH-000320,,2026-05-09T13:26:41,Paid Search,Google Ads,CMP-1005,Family Crisis - Non-Brand,Detox Programs,substance abuse treatment options,substance abuse treatment options,Broad,https://harborridge.example.test/admissions,UT,44.95,0,Google Ads,System-Observed
TOUCH-000321,,2026-05-25T07:34:13,Paid Search,Google Ads,CMP-1003,Detox Near Me - Geo,Residential Programs,behavioral health treatment near me,behavioral health treatment near me,Exact,https://harborridge.example.test/admissions,TX,20.79,0,Google Ads,System-Observed
TOUCH-000322,,2026-05-18T14:13:58,Paid Search,Google Ads,CMP-1004,Residential Treatment - Geo,Family Support,residential treatment center,residential treatment center,Phrase,https://harborridge.example.test/admissions,FL,14.81,0,Google Ads,System-Observed
TOUCH-000323,,2026-05-19T18:40:15,Paid Search,Google Ads,CMP-1001,Behavioral Health - Brand,Family Support,behavioral health treatment near me,behavioral health treatment near me,Phrase,https://harborridge.example.test/admissions,UT,38.86,0,Google Ads,System-Observed
TOUCH-000324,,2026-05-31T15:30:08,Paid Search,Google Ads,CMP-1003,Detox Near Me - Geo,Detox Programs,detox center near me,detox center near me,Broad,https://harborridge.example.test/admissions,WA,44.64,0,Google Ads,System-Observed
TOUCH-000325,,2026-05-25T14:50:01,Paid Search,Google Ads,CMP-1002,Behavioral Health - Non-Brand,Residential Programs,family intervention help,family intervention help,Exact,https://harborridge.example.test/admissions,AZ,31.79,0,Google Ads,System-Observed
TOUCH-000326,,2026-05-12T20:43:24,Paid Search,Google Ads,CMP-1005,Family Crisis - Non-Brand,Detox Programs,residential treatment center,residential treatment center,Broad,https://harborridge.example.test/admissions,FL,32.54,0,Google Ads,System-Observed
TOUCH-000327,,2026-05-29T15:12:38,Paid Search,Google Ads,CMP-1004,Residential Treatment - Geo,Detox Programs,behavioral health treatment near me,behavioral health treatment near me,Exact,https://harborridge.example.test/admissions,FL,32.55,0,Google Ads,System-Observed
TOUCH-000328,,2026-05-20T08:26:01,Paid Search,Google Ads,CMP-1004,Residential Treatment - Geo,Detox Programs,inpatient mental health treatment,inpatient mental health treatment,Phrase,https://harborridge.example.test/admissions,TX,36.73,0,Google Ads,System-Observed
TOUCH-000329,,2026-05-11T10:52:37,Paid Search,Google Ads,CMP-1005,Family Crisis - Non-Brand,Family Support,inpatient mental health treatment,inpatient mental health treatment,Phrase,https://harborridge.example.test/admissions,CO,37.77,0,Google Ads,System-Observed
TOUCH-000330,,2026-05-20T11:24:30,Paid Search,Google Ads,CMP-1001,Behavioral Health - Brand,Admissions,family intervention help,family intervention help,Broad,https://harborridge.example.test/admissions,UT,17.21,0,Google Ads,System-Observed
TOUCH-000331,,2026-05-23T09:58:53,Paid Search,Google Ads,CMP-1004,Residential Treatment - Geo,Family Support,residential treatment center,residential treatment center,Exact,https://harborridge.example.test/admissions,NV,25.33,0,Google Ads,System-Observed
TOUCH-000332,,2026-05-26T17:39:39,Paid Search,Google Ads,CMP-1002,Behavioral Health - Non-Brand,Residential Programs,residential treatment center,residential treatment center,Broad,https://harborridge.example.test/admissions,AZ,33.04,0,Google Ads,System-Observed
TOUCH-000333,,2026-05-24T18:32:27,Paid Search,Google Ads,CMP-1002,Behavioral Health - Non-Brand,Detox Programs,detox center near me,detox center near me,Phrase,https://harborridge.example.test/admissions,UT,28.32,0,Google Ads,System-Observed
TOUCH-000334,,2026-05-03T18:17:11,Paid Search,Google Ads,CMP-1001,Behavioral Health - Brand,Family Support,family intervention help,family intervention help,Phrase,https://harborridge.example.test/admissions,NV,44.99,0,Google Ads,System-Observed
TOUCH-000335,,2026-05-05T10:32:15,Paid Search,Google Ads,CMP-1003,Detox Near Me - Geo,Residential Programs,residential treatment center,residential treatment center,Phrase,https://harborridge.example.test/admissions,OR,17.9,0,Google Ads,System-Observed
TOUCH-000336,,2026-05-27T08:01:08,Paid Search,Google Ads,CMP-1004,Residential Treatment - Geo,Residential Programs,residential treatment center,residential treatment center,Phrase,https://harborridge.example.test/admissions,CO,31.39,0,Google Ads,System-Observed
TOUCH-000337,,2026-05-27T17:24:24,Paid Search,Google Ads,CMP-1002,Behavioral Health - Non-Brand,Detox Programs,residential treatment center,residential treatment center,Exact,https://harborridge.example.test/admissions,UT,39.41,0,Google Ads,System-Observed
TOUCH-000338,,2026-05-24T20:28:27,Paid Search,Google Ads,CMP-1005,Family Crisis - Non-Brand,Detox Programs,family intervention help,family intervention help,Phrase,https://harborridge.example.test/admissions,FL,44.57,0,Google Ads,System-Observed
TOUCH-000339,,2026-05-02T11:40:20,Paid Search,Google Ads,CMP-1001,Behavioral Health - Brand,Residential Programs,detox center near me,detox center near me,Exact,https://harborridge.example.test/admissions,AZ,39.47,0,Google Ads,System-Observed
TOUCH-000340,,2026-05-30T11:14:15,Paid Search,Google Ads,CMP-1003,Detox Near Me - Geo,Family Support,inpatient mental health treatment,inpatient mental health treatment,Exact,https://harborridge.example.test/admissions,TX,42.71,0,Google Ads,System-Observed
TOUCH-000341,,2026-05-19T18:04:59,Paid Search,Google Ads,CMP-1005,Family Crisis - Non-Brand,Admissions,residential treatment center,residential treatment center,Broad,https://harborridge.example.test/admissions,TX,30.15,0,Google Ads,System-Observed
TOUCH-000342,,2026-05-01T14:59:49,Paid Search,Google Ads,CMP-1005,Family Crisis - Non-Brand,Detox Programs,inpatient mental health treatment,inpatient mental health treatment,Exact,https://harborridge.example.test/admissions,FL,41.95,0,Google Ads,System-Observed
TOUCH-000343,,2026-05-01T07:54:43,Paid Search,Google Ads,CMP-1004,Residential Treatment - Geo,Admissions,detox center near me,detox center near me,Phrase,https://harborridge.example.test/admissions,AZ,19.04,0,Google Ads,System-Observed
TOUCH-000344,,2026-05-09T19:39:08,Paid Search,Microsoft Ads,CMP-2002,Residential Treatment - Geo (Bing),Residential Programs,detox center near me,detox center near me,Exact,https://harborridge.example.test/admissions,NY,13.48,0,Microsoft Ads,System-Observed
TOUCH-000345,,2026-05-03T10:18:45,Paid Search,Microsoft Ads,CMP-2002,Residential Treatment - Geo (Bing),Family Support,substance abuse treatment options,substance abuse treatment options,Broad,https://harborridge.example.test/admissions,WA,12.63,0,Microsoft Ads,System-Observed
TOUCH-000346,,2026-05-01T17:40:41,Paid Search,Microsoft Ads,CMP-2001,Behavioral Health - Brand (Bing),Residential Programs,behavioral health treatment near me,behavioral health treatment near me,Exact,https://harborridge.example.test/admissions,CO,26.89,0,Microsoft Ads,System-Observed
TOUCH-000347,,2026-05-18T19:15:35,Paid Search,Microsoft Ads,CMP-2001,Behavioral Health - Brand (Bing),Family Support,family intervention help,family intervention help,Exact,https://harborridge.example.test/admissions,OR,11.77,0,Microsoft Ads,System-Observed
TOUCH-000348,,2026-05-01T20:38:14,Paid Search,Microsoft Ads,CMP-2001,Behavioral Health - Brand (Bing),Family Support,inpatient mental health treatment,inpatient mental health treatment,Exact,https://harborridge.example.test/admissions,WA,22.15,0,Microsoft Ads,System-Observed
TOUCH-000349,,2026-05-25T19:17:31,Paid Search,Microsoft Ads,CMP-2001,Behavioral Health - Brand (Bing),Family Support,family intervention help,family intervention help,Exact,https://harborridge.example.test/admissions,NY,30.9,0,Microsoft Ads,System-Observed
TOUCH-000350,,2026-05-20T15:07:06,Paid Search,Microsoft Ads,CMP-2001,Behavioral Health - Brand (Bing),Residential Programs,detox center near me,detox center near me,Exact,https://harborridge.example.test/admissions,TX,12.39,0,Microsoft Ads,System-Observed
TOUCH-000351,,2026-05-26T14:00:09,Paid Search,Microsoft Ads,CMP-2002,Residential Treatment - Geo (Bing),Detox Programs,family intervention help,family intervention help,Exact,https://harborridge.example.test/admissions,AZ,26.39,0,Microsoft Ads,System-Observed
TOUCH-000352,,2026-05-02T16:30:16,Paid Search,Microsoft Ads,CMP-2001,Behavioral Health - Brand (Bing),Admissions,behavioral health treatment near me,behavioral health treatment near me,Phrase,https://harborridge.example.test/admissions,OR,11.32,0,Microsoft Ads,System-Observed
TOUCH-000353,,2026-05-17T09:08:18,Paid Search,Microsoft Ads,CMP-2001,Behavioral Health - Brand (Bing),Detox Programs,behavioral health treatment near me,behavioral health treatment near me,Exact,https://harborridge.example.test/admissions,WA,8.86,0,Microsoft Ads,System-Observed
TOUCH-000354,,2026-05-23T18:08:47,Paid Search,Microsoft Ads,CMP-2001,Behavioral Health - Brand (Bing),Admissions,detox center near me,detox center near me,Broad,https://harborridge.example.test/admissions,OR,14.85,0,Microsoft Ads,System-Observed
TOUCH-000355,,2026-05-09T19:16:02,Paid Search,Microsoft Ads,CMP-2002,Residential Treatment - Geo (Bing),Admissions,inpatient mental health treatment,inpatient mental health treatment,Exact,https://harborridge.example.test/admissions,FL,12.32,0,Microsoft Ads,System-Observed
TOUCH-000356,,2026-05-23T08:22:48,Paid Search,Microsoft Ads,CMP-2002,Residential Treatment - Geo (Bing),Admissions,family intervention help,family intervention help,Exact,https://harborridge.example.test/admissions,OR,26.23,0,Microsoft Ads,System-Observed
TOUCH-000357,,2026-05-12T11:08:18,Paid Search,Microsoft Ads,CMP-2002,Residential Treatment - Geo (Bing),Detox Programs,residential treatment center,residential treatment center,Broad,https://harborridge.example.test/admissions,NV,10.56,0,Microsoft Ads,System-Observed
TOUCH-000358,,2026-05-20T10:40:17,Paid Search,Microsoft Ads,CMP-2002,Residential Treatment - Geo (Bing),Family Support,family intervention help,family intervention help,Exact,https://harborridge.example.test/admissions,UT,27.46,0,Microsoft Ads,System-Observed
TOUCH-000359,,2026-05-17T11:39:53,Paid Search,Microsoft Ads,CMP-2001,Behavioral Health - Brand (Bing),Family Support,inpatient mental health treatment,inpatient mental health treatment,Phrase,https://harborridge.example.test/admissions,WA,19.93,0,Microsoft Ads,System-Observed
TOUCH-000360,,2026-05-20T10:22:54,Paid Search,Microsoft Ads,CMP-2002,Residential Treatment - Geo (Bing),Residential Programs,family intervention help,family intervention help,Broad,https://harborridge.example.test/admissions,WA,25.02,0,Microsoft Ads,System-Observed
TOUCH-000361,,2026-05-17T07:34:56,Paid Search,Microsoft Ads,CMP-2002,Residential Treatment - Geo (Bing),Residential Programs,family intervention help,family intervention help,Exact,https://harborridge.example.test/admissions,CO,17.39,0,Microsoft Ads,System-Observed
TOUCH-000362,,2026-05-13T10:08:34,Paid Search,Microsoft Ads,CMP-2002,Residential Treatment - Geo (Bing),Residential Programs,behavioral health treatment near me,behavioral health treatment near me,Phrase,https://harborridge.example.test/admissions,CA,29.32,0,Microsoft Ads,System-Observed
TOUCH-000363,,2026-05-07T15:24:30,Paid Search,Microsoft Ads,CMP-2002,Residential Treatment - Geo (Bing),Detox Programs,inpatient mental health treatment,inpatient mental health treatment,Broad,https://harborridge.example.test/admissions,NV,9.3,0,Microsoft Ads,System-Observed
TOUCH-000364,,2026-05-27T20:03:03,Paid Search,Microsoft Ads,CMP-2002,Residential Treatment - Geo (Bing),Family Support,detox center near me,detox center near me,Phrase,https://harborridge.example.test/admissions,CA,21.27,0,Microsoft Ads,System-Observed
TOUCH-000365,,2026-05-22T15:33:04,Paid Search,Microsoft Ads,CMP-2001,Behavioral Health - Brand (Bing),Residential Programs,behavioral health treatment near me,behavioral health treatment near me,Broad,https://harborridge.example.test/admissions,NV,16.13,0,Microsoft Ads,System-Observed
TOUCH-000366,,2026-05-04T18:05:21,Paid Search,Microsoft Ads,CMP-2002,Residential Treatment - Geo (Bing),Family Support,family intervention help,family intervention help,Broad,https://harborridge.example.test/admissions,NY,25.08,0,Microsoft Ads,System-Observed
TOUCH-000367,,2026-05-17T11:47:58,Paid Search,Microsoft Ads,CMP-2002,Residential Treatment - Geo (Bing),Residential Programs,substance abuse treatment options,substance abuse treatment options,Broad,https://harborridge.example.test/admissions,WA,28.69,0,Microsoft Ads,System-Observed
TOUCH-000368,,2026-05-16T18:11:13,Paid Search,Microsoft Ads,CMP-2001,Behavioral Health - Brand (Bing),Family Support,inpatient mental health treatment,inpatient mental health treatment,Phrase,https://harborridge.example.test/admissions,FL,12.82,0,Microsoft Ads,System-Observed
TOUCH-000369,,2026-05-11T16:07:40,Paid Search,Microsoft Ads,CMP-2001,Behavioral Health - Brand (Bing),Residential Programs,residential treatment center,residential treatment center,Phrase,https://harborridge.example.test/admissions,UT,14.82,0,Microsoft Ads,System-Observed
TOUCH-000370,,2026-05-10T08:25:21,Paid Search,Microsoft Ads,CMP-2001,Behavioral Health - Brand (Bing),Family Support,inpatient mental health treatment,inpatient mental health treatment,Exact,https://harborridge.example.test/admissions,CA,22.28,0,Microsoft Ads,System-Observed
TOUCH-000371,,2026-05-04T10:59:49,Paid Search,Microsoft Ads,CMP-2001,Behavioral Health - Brand (Bing),Family Support,inpatient mental health treatment,inpatient mental health treatment,Broad,https://harborridge.example.test/admissions,FL,8.1,0,Microsoft Ads,System-Observed
TOUCH-000372,,2026-05-04T08:03:17,Paid Search,Microsoft Ads,CMP-2002,Residential Treatment - Geo (Bing),Admissions,substance abuse treatment options,substance abuse treatment options,Phrase,https://harborridge.example.test/admissions,OR,21.99,0,Microsoft Ads,System-Observed
TOUCH-000373,,2026-05-05T18:40:04,Paid Search,Microsoft Ads,CMP-2002,Residential Treatment - Geo (Bing),Residential Programs,family intervention help,family intervention help,Broad,https://harborridge.example.test/admissions,AZ,25.77,0,Microsoft Ads,System-Observed
TOUCH-000374,,2026-05-26T20:03:43,Paid Search,Microsoft Ads,CMP-2001,Behavioral Health - Brand (Bing),Detox Programs,substance abuse treatment options,substance abuse treatment options,Broad,https://harborridge.example.test/admissions,TX,24.11,0,Microsoft Ads,System-Observed
TOUCH-000375,,2026-05-20T11:54:48,Paid Search,Microsoft Ads,CMP-2002,Residential Treatment - Geo (Bing),Admissions,residential treatment center,residential treatment center,Phrase,https://harborridge.example.test/admissions,NY,13.39,0,Microsoft Ads,System-Observed
TOUCH-000376,,2026-05-05T08:50:28,Paid Search,Microsoft Ads,CMP-2001,Behavioral Health - Brand (Bing),Detox Programs,family intervention help,family intervention help,Exact,https://harborridge.example.test/admissions,CA,26.9,0,Microsoft Ads,System-Observed
TOUCH-000377,,2026-05-12T16:51:55,Paid Search,Microsoft Ads,CMP-2001,Behavioral Health - Brand (Bing),Admissions,detox center near me,detox center near me,Phrase,https://harborridge.example.test/admissions,TX,11.89,0,Microsoft Ads,System-Observed
TOUCH-000378,,2026-05-04T16:32:53,Paid Search,Microsoft Ads,CMP-2001,Behavioral Health - Brand (Bing),Family Support,behavioral health treatment near me,behavioral health treatment near me,Exact,https://harborridge.example.test/admissions,TX,27.3,0,Microsoft Ads,System-Observed
TOUCH-000379,,2026-05-19T07:54:20,Paid Search,Microsoft Ads,CMP-2001,Behavioral Health - Brand (Bing),Residential Programs,inpatient mental health treatment,inpatient mental health treatment,Exact,https://harborridge.example.test/admissions,CA,28.37,0,Microsoft Ads,System-Observed
TOUCH-000380,,2026-05-31T16:41:16,Paid Search,Microsoft Ads,CMP-2001,Behavioral Health - Brand (Bing),Detox Programs,behavioral health treatment near me,behavioral health treatment near me,Broad,https://harborridge.example.test/admissions,FL,25.34,0,Microsoft Ads,System-Observed
TOUCH-000381,,2026-05-12T14:01:02,Paid Search,Microsoft Ads,CMP-2001,Behavioral Health - Brand (Bing),Admissions,residential treatment center,residential treatment center,Broad,https://harborridge.example.test/admissions,TX,31.44,0,Microsoft Ads,System-Observed
TOUCH-000382,,2026-05-24T19:46:07,Paid Search,Microsoft Ads,CMP-2002,Residential Treatment - Geo (Bing),Residential Programs,family intervention help,family intervention help,Phrase,https://harborridge.example.test/admissions,NV,13.48,0,Microsoft Ads,System-Observed
TOUCH-000383,,2026-05-15T20:01:51,Paid Search,Microsoft Ads,CMP-2001,Behavioral Health - Brand (Bing),Family Support,residential treatment center,residential treatment center,Phrase,https://harborridge.example.test/admissions,UT,12.18,0,Microsoft Ads,System-Observed
TOUCH-000384,,2026-05-21T18:12:23,Paid Search,Microsoft Ads,CMP-2001,Behavioral Health - Brand (Bing),Family Support,substance abuse treatment options,substance abuse treatment options,Exact,https://harborridge.example.test/admissions,AZ,14.34,0,Microsoft Ads,System-Observed
TOUCH-000385,,2026-05-26T15:37:26,Paid Search,Microsoft Ads,CMP-2001,Behavioral Health - Brand (Bing),Family Support,behavioral health treatment near me,behavioral health treatment near me,Phrase,https://harborridge.example.test/admissions,NY,29.69,0,Microsoft Ads,System-Observed
TOUCH-000386,,2026-05-09T19:35:44,Paid Search,Microsoft Ads,CMP-2002,Residential Treatment - Geo (Bing),Family Support,residential treatment center,residential treatment center,Exact,https://harborridge.example.test/admissions,CO,28.7,0,Microsoft Ads,System-Observed
TOUCH-000387,,2026-05-24T15:13:46,Paid Search,Microsoft Ads,CMP-2002,Residential Treatment - Geo (Bing),Detox Programs,family intervention help,family intervention help,Broad,https://harborridge.example.test/admissions,TX,22.49,0,Microsoft Ads,System-Observed
TOUCH-000388,,2026-05-18T09:43:03,Paid Search,Microsoft Ads,CMP-2001,Behavioral Health - Brand (Bing),Family Support,detox center near me,detox center near me,Broad,https://harborridge.example.test/admissions,FL,21.58,0,Microsoft Ads,System-Observed
TOUCH-000389,,2026-05-16T20:43:21,Paid Social,Meta,CMP-3002,Recovery Journey - Lookalike,Family Support,,,,https://harborridge.example.test/family-support,FL,8.53,0,Meta,System-Observed
TOUCH-000390,,2026-05-22T13:36:40,Paid Social,Meta,CMP-3003,Local Community Awareness,Family Support,,,,https://harborridge.example.test/family-support,WA,11.55,0,Meta,System-Observed
TOUCH-000391,,2026-05-19T10:57:01,Paid Social,Meta,CMP-3002,Recovery Journey - Lookalike,Family Support,,,,https://harborridge.example.test/family-support,FL,13.68,0,Meta,System-Observed
TOUCH-000392,,2026-05-20T07:36:24,Paid Social,Meta,CMP-3002,Recovery Journey - Lookalike,Family Support,,,,https://harborridge.example.test/family-support,FL,4.43,0,Meta,System-Observed
TOUCH-000393,,2026-05-26T08:24:37,Paid Social,Meta,CMP-3001,Family Support Awareness,Community Awareness,,,,https://harborridge.example.test/family-support,AZ,8.91,0,Meta,System-Observed
TOUCH-000394,,2026-05-13T15:23:19,Paid Social,Meta,CMP-3003,Local Community Awareness,Family Support,,,,https://harborridge.example.test/family-support,AZ,3.13,0,Meta,System-Observed
TOUCH-000395,,2026-05-23T11:12:54,Paid Social,Meta,CMP-3002,Recovery Journey - Lookalike,Family Support,,,,https://harborridge.example.test/family-support,FL,12.23,0,Meta,System-Observed
TOUCH-000396,,2026-05-12T08:50:01,Paid Social,Meta,CMP-3003,Local Community Awareness,Family Support,,,,https://harborridge.example.test/family-support,FL,10.07,0,Meta,System-Observed
TOUCH-000397,,2026-05-25T20:28:22,Paid Social,Meta,CMP-3002,Recovery Journey - Lookalike,Community Awareness,,,,https://harborridge.example.test/family-support,CO,10.87,0,Meta,System-Observed
TOUCH-000398,,2026-05-04T17:57:14,Paid Social,Meta,CMP-3001,Family Support Awareness,Community Awareness,,,,https://harborridge.example.test/family-support,OR,7.55,0,Meta,System-Observed
TOUCH-000399,,2026-05-27T14:43:39,Paid Social,Meta,CMP-3001,Family Support Awareness,Family Support,,,,https://harborridge.example.test/family-support,FL,6.5,0,Meta,System-Observed
TOUCH-000400,,2026-05-09T19:35:20,Paid Social,Meta,CMP-3002,Recovery Journey - Lookalike,Community Awareness,,,,https://harborridge.example.test/family-support,TX,3.17,0,Meta,System-Observed
TOUCH-000401,,2026-05-22T12:19:55,Paid Social,Meta,CMP-3003,Local Community Awareness,Family Support,,,,https://harborridge.example.test/family-support,WA,3.42,0,Meta,System-Observed
TOUCH-000402,,2026-05-01T17:57:26,Paid Social,Meta,CMP-3001,Family Support Awareness,Community Awareness,,,,https://harborridge.example.test/family-support,WA,9.32,0,Meta,System-Observed
TOUCH-000403,,2026-05-01T07:39:36,Paid Social,Meta,CMP-3002,Recovery Journey - Lookalike,Community Awareness,,,,https://harborridge.example.test/family-support,TX,4.07,0,Meta,System-Observed
TOUCH-000404,,2026-05-28T08:42:22,Paid Social,Meta,CMP-3002,Recovery Journey - Lookalike,Family Support,,,,https://harborridge.example.test/family-support,CA,9.24,0,Meta,System-Observed
TOUCH-000405,,2026-05-19T10:56:26,Paid Social,Meta,CMP-3001,Family Support Awareness,Community Awareness,,,,https://harborridge.example.test/family-support,TX,4.29,0,Meta,System-Observed
TOUCH-000406,,2026-05-16T15:15:00,Paid Social,Meta,CMP-3002,Recovery Journey - Lookalike,Family Support,,,,https://harborridge.example.test/family-support,AZ,5.37,0,Meta,System-Observed
TOUCH-000407,,2026-05-22T11:13:40,Paid Social,Meta,CMP-3001,Family Support Awareness,Family Support,,,,https://harborridge.example.test/family-support,NV,8.21,0,Meta,System-Observed
TOUCH-000408,,2026-05-07T18:55:31,Paid Social,Meta,CMP-3001,Family Support Awareness,Family Support,,,,https://harborridge.example.test/family-support,NY,6.24,0,Meta,System-Observed
TOUCH-000409,,2026-05-19T07:32:05,Paid Social,Meta,CMP-3002,Recovery Journey - Lookalike,Family Support,,,,https://harborridge.example.test/family-support,NV,10.94,0,Meta,System-Observed
TOUCH-000410,,2026-05-22T11:46:38,Paid Social,Meta,CMP-3001,Family Support Awareness,Community Awareness,,,,https://harborridge.example.test/family-support,FL,4.1,0,Meta,System-Observed
TOUCH-000411,,2026-05-25T11:30:14,Paid Social,Meta,CMP-3003,Local Community Awareness,Community Awareness,,,,https://harborridge.example.test/family-support,OR,6.22,0,Meta,System-Observed
TOUCH-000412,,2026-05-18T12:48:01,Paid Social,Meta,CMP-3002,Recovery Journey - Lookalike,Community Awareness,,,,https://harborridge.example.test/family-support,UT,9.56,0,Meta,System-Observed
TOUCH-000413,,2026-05-08T10:57:56,Paid Social,Meta,CMP-3002,Recovery Journey - Lookalike,Family Support,,,,https://harborridge.example.test/family-support,FL,8.06,0,Meta,System-Observed
TOUCH-000414,,2026-05-08T12:29:05,Paid Social,Meta,CMP-3003,Local Community Awareness,Community Awareness,,,,https://harborridge.example.test/family-support,UT,6.46,0,Meta,System-Observed
TOUCH-000415,,2026-05-22T07:11:39,Paid Social,Meta,CMP-3001,Family Support Awareness,Family Support,,,,https://harborridge.example.test/family-support,TX,14.55,0,Meta,System-Observed
TOUCH-000416,,2026-05-03T18:09:28,Paid Social,Meta,CMP-3001,Family Support Awareness,Community Awareness,,,,https://harborridge.example.test/family-support,NY,9.57,0,Meta,System-Observed
TOUCH-000417,,2026-05-12T18:30:55,Paid Social,Meta,CMP-3003,Local Community Awareness,Family Support,,,,https://harborridge.example.test/family-support,TX,13.78,0,Meta,System-Observed
TOUCH-000418,,2026-05-10T17:05:18,Paid Social,Meta,CMP-3001,Family Support Awareness,Community Awareness,,,,https://harborridge.example.test/family-support,CO,5.59,0,Meta,System-Observed
TOUCH-000419,,2026-05-12T09:02:03,Paid Social,Meta,CMP-3003,Local Community Awareness,Family Support,,,,https://harborridge.example.test/family-support,OR,9.29,0,Meta,System-Observed
TOUCH-000420,,2026-05-03T08:42:53,Paid Social,Meta,CMP-3001,Family Support Awareness,Family Support,,,,https://harborridge.example.test/family-support,WA,7.41,0,Meta,System-Observed
TOUCH-000421,,2026-05-17T18:20:06,Paid Social,Meta,CMP-3002,Recovery Journey - Lookalike,Community Awareness,,,,https://harborridge.example.test/family-support,OR,14.9,0,Meta,System-Observed
TOUCH-000422,,2026-05-29T18:00:34,Paid Social,Meta,CMP-3001,Family Support Awareness,Family Support,,,,https://harborridge.example.test/family-support,NV,3.16,0,Meta,System-Observed
TOUCH-000423,,2026-05-18T18:42:04,Paid Social,Meta,CMP-3002,Recovery Journey - Lookalike,Community Awareness,,,,https://harborridge.example.test/family-support,OR,13.1,0,Meta,System-Observed
TOUCH-000424,,2026-05-03T08:05:08,Paid Social,Meta,CMP-3002,Recovery Journey - Lookalike,Family Support,,,,https://harborridge.example.test/family-support,AZ,14.22,0,Meta,System-Observed
TOUCH-000425,,2026-05-14T13:46:20,Paid Social,Meta,CMP-3001,Family Support Awareness,Family Support,,,,https://harborridge.example.test/family-support,UT,13.82,0,Meta,System-Observed
TOUCH-000426,,2026-05-07T17:22:02,Paid Social,Meta,CMP-3001,Family Support Awareness,Community Awareness,,,,https://harborridge.example.test/family-support,CA,12.34,0,Meta,System-Observed
TOUCH-000427,,2026-05-14T17:17:16,Paid Social,Meta,CMP-3003,Local Community Awareness,Family Support,,,,https://harborridge.example.test/family-support,CA,4.33,0,Meta,System-Observed
TOUCH-000428,,2026-05-09T19:50:07,Paid Social,Meta,CMP-3002,Recovery Journey - Lookalike,Community Awareness,,,,https://harborridge.example.test/family-support,UT,12.5,0,Meta,System-Observed
TOUCH-000429,,2026-05-27T17:02:38,Paid Social,Meta,CMP-3003,Local Community Awareness,Community Awareness,,,,https://harborridge.example.test/family-support,UT,11.45,0,Meta,System-Observed
TOUCH-000430,,2026-05-08T11:34:58,Paid Social,Meta,CMP-3001,Family Support Awareness,Community Awareness,,,,https://harborridge.example.test/family-support,TX,5.83,0,Meta,System-Observed
TOUCH-000431,,2026-05-05T12:48:45,Paid Social,Meta,CMP-3001,Family Support Awareness,Family Support,,,,https://harborridge.example.test/family-support,OR,11.04,0,Meta,System-Observed
TOUCH-000432,,2026-05-03T16:02:55,Paid Social,Meta,CMP-3001,Family Support Awareness,Community Awareness,,,,https://harborridge.example.test/family-support,UT,8.12,0,Meta,System-Observed
TOUCH-000433,,2026-05-12T18:59:26,Paid Social,Meta,CMP-3002,Recovery Journey - Lookalike,Community Awareness,,,,https://harborridge.example.test/family-support,CO,8.84,0,Meta,System-Observed
TOUCH-000434,,2026-05-02T14:11:08,Organic,Google Organic,,,,,,,https://harborridge.example.test/treatment-programs,AZ,,0,Google Analytics,System-Observed
TOUCH-000435,,2026-05-10T07:26:01,Organic,Google Organic,,,,,,,https://harborridge.example.test/treatment-programs,OR,,0,Google Analytics,System-Observed
TOUCH-000436,,2026-05-31T14:17:22,Organic,Google Organic,,,,,,,https://harborridge.example.test/treatment-programs,CA,,0,Google Analytics,System-Observed
TOUCH-000437,,2026-05-12T08:26:12,Organic,Google Organic,,,,,,,https://harborridge.example.test/treatment-programs,FL,,0,Google Analytics,System-Observed
TOUCH-000438,,2026-05-05T08:40:29,Organic,Google Organic,,,,,,,https://harborridge.example.test/treatment-programs,FL,,0,Google Analytics,System-Observed
TOUCH-000439,,2026-05-17T11:36:51,Organic,Google Organic,,,,,,,https://harborridge.example.test/treatment-programs,NY,,0,Google Analytics,System-Observed
TOUCH-000440,,2026-05-22T19:34:09,Organic,Google Organic,,,,,,,https://harborridge.example.test/treatment-programs,OR,,0,Google Analytics,System-Observed
TOUCH-000441,,2026-05-07T10:59:36,Organic,Google Organic,,,,,,,https://harborridge.example.test/treatment-programs,CA,,0,Google Analytics,System-Observed
TOUCH-000442,,2026-05-28T17:12:02,Organic,Google Organic,,,,,,,https://harborridge.example.test/treatment-programs,UT,,0,Google Analytics,System-Observed
TOUCH-000443,,2026-05-04T07:31:47,Organic,Google Organic,,,,,,,https://harborridge.example.test/treatment-programs,AZ,,0,Google Analytics,System-Observed
TOUCH-000444,,2026-05-04T13:06:43,Organic,Google Organic,,,,,,,https://harborridge.example.test/treatment-programs,NV,,0,Google Analytics,System-Observed
TOUCH-000445,,2026-05-28T08:46:07,Organic,Google Organic,,,,,,,https://harborridge.example.test/treatment-programs,UT,,0,Google Analytics,System-Observed
TOUCH-000446,,2026-05-27T13:24:04,Organic,Google Organic,,,,,,,https://harborridge.example.test/treatment-programs,NV,,0,Google Analytics,System-Observed
TOUCH-000447,,2026-05-16T08:34:35,Organic,Google Organic,,,,,,,https://harborridge.example.test/treatment-programs,CO,,0,Google Analytics,System-Observed
TOUCH-000448,,2026-05-29T17:59:25,Organic,Google Organic,,,,,,,https://harborridge.example.test/treatment-programs,OR,,0,Google Analytics,System-Observed
TOUCH-000449,,2026-05-17T12:07:19,Organic,Google Organic,,,,,,,https://harborridge.example.test/treatment-programs,OR,,0,Google Analytics,System-Observed
TOUCH-000450,,2026-05-28T12:45:01,Organic,Google Organic,,,,,,,https://harborridge.example.test/treatment-programs,TX,,0,Google Analytics,System-Observed
TOUCH-000451,,2026-05-06T07:34:43,Organic,Google Organic,,,,,,,https://harborridge.example.test/treatment-programs,UT,,0,Google Analytics,System-Observed
TOUCH-000452,,2026-05-08T11:41:39,Organic,Google Organic,,,,,,,https://harborridge.example.test/treatment-programs,CO,,0,Google Analytics,System-Observed
TOUCH-000453,,2026-05-30T19:05:12,Organic,Google Organic,,,,,,,https://harborridge.example.test/treatment-programs,CA,,0,Google Analytics,System-Observed
TOUCH-000454,,2026-05-09T20:31:59,Organic,Google Organic,,,,,,,https://harborridge.example.test/treatment-programs,CO,,0,Google Analytics,System-Observed
TOUCH-000455,,2026-05-23T19:59:20,Organic,Google Organic,,,,,,,https://harborridge.example.test/treatment-programs,TX,,0,Google Analytics,System-Observed
TOUCH-000456,,2026-05-14T15:20:35,Organic,Google Organic,,,,,,,https://harborridge.example.test/treatment-programs,FL,,0,Google Analytics,System-Observed
TOUCH-000457,,2026-05-12T15:52:46,Organic,Google Organic,,,,,,,https://harborridge.example.test/treatment-programs,NY,,0,Google Analytics,System-Observed
TOUCH-000458,,2026-05-14T13:26:46,Organic,Google Organic,,,,,,,https://harborridge.example.test/treatment-programs,FL,,0,Google Analytics,System-Observed
TOUCH-000459,,2026-05-03T15:31:48,Organic,Google Organic,,,,,,,https://harborridge.example.test/treatment-programs,FL,,0,Google Analytics,System-Observed
TOUCH-000460,,2026-05-08T16:12:27,Organic,Google Organic,,,,,,,https://harborridge.example.test/treatment-programs,NV,,0,Google Analytics,System-Observed
TOUCH-000461,,2026-05-31T18:57:58,Organic,Google Organic,,,,,,,https://harborridge.example.test/treatment-programs,NV,,0,Google Analytics,System-Observed
TOUCH-000462,,2026-05-18T16:54:10,Organic,Google Organic,,,,,,,https://harborridge.example.test/treatment-programs,AZ,,0,Google Analytics,System-Observed
TOUCH-000463,,2026-05-15T16:48:03,Organic,Google Organic,,,,,,,https://harborridge.example.test/treatment-programs,FL,,0,Google Analytics,System-Observed
TOUCH-000464,,2026-05-22T11:39:47,Organic,Google Organic,,,,,,,https://harborridge.example.test/treatment-programs,CA,,0,Google Analytics,System-Observed
TOUCH-000465,,2026-05-21T07:51:08,Organic,Google Organic,,,,,,,https://harborridge.example.test/treatment-programs,WA,,0,Google Analytics,System-Observed
TOUCH-000466,,2026-05-28T07:46:45,Organic,Google Organic,,,,,,,https://harborridge.example.test/treatment-programs,OR,,0,Google Analytics,System-Observed
TOUCH-000467,,2026-05-06T17:58:18,Organic,Google Organic,,,,,,,https://harborridge.example.test/treatment-programs,UT,,0,Google Analytics,System-Observed
TOUCH-000468,,2026-05-31T18:51:10,Organic,Google Organic,,,,,,,https://harborridge.example.test/treatment-programs,AZ,,0,Google Analytics,System-Observed
TOUCH-000469,,2026-05-21T18:08:34,Organic,Google Organic,,,,,,,https://harborridge.example.test/treatment-programs,WA,,0,Google Analytics,System-Observed
TOUCH-000470,,2026-05-25T17:50:11,Organic,Google Organic,,,,,,,https://harborridge.example.test/treatment-programs,AZ,,0,Google Analytics,System-Observed
TOUCH-000471,,2026-05-20T13:42:21,Organic,Google Organic,,,,,,,https://harborridge.example.test/treatment-programs,NY,,0,Google Analytics,System-Observed
TOUCH-000472,,2026-05-04T10:22:46,Organic,Google Organic,,,,,,,https://harborridge.example.test/treatment-programs,NV,,0,Google Analytics,System-Observed
TOUCH-000473,,2026-05-09T19:32:56,Organic,Google Organic,,,,,,,https://harborridge.example.test/treatment-programs,NV,,0,Google Analytics,System-Observed
TOUCH-000474,,2026-05-31T18:55:35,Organic,Google Organic,,,,,,,https://harborridge.example.test/treatment-programs,UT,,0,Google Analytics,System-Observed
TOUCH-000475,,2026-05-31T13:32:10,Organic,Google Organic,,,,,,,https://harborridge.example.test/treatment-programs,NY,,0,Google Analytics,System-Observed
TOUCH-000476,,2026-05-09T13:15:59,Organic,Google Organic,,,,,,,https://harborridge.example.test/treatment-programs,NY,,0,Google Analytics,System-Observed
TOUCH-000477,,2026-05-18T14:16:46,Organic,Google Organic,,,,,,,https://harborridge.example.test/treatment-programs,TX,,0,Google Analytics,System-Observed
TOUCH-000478,,2026-05-30T19:53:11,Organic,Google Organic,,,,,,,https://harborridge.example.test/treatment-programs,CA,,0,Google Analytics,System-Observed
TOUCH-000479,,2026-05-08T09:50:35,Organic,Google Organic,,,,,,,https://harborridge.example.test/treatment-programs,WA,,0,Google Analytics,System-Observed
TOUCH-000480,,2026-05-11T12:29:45,Organic,Google Organic,,,,,,,https://harborridge.example.test/treatment-programs,FL,,0,Google Analytics,System-Observed
TOUCH-000481,,2026-05-24T11:58:19,Organic,Google Organic,,,,,,,https://harborridge.example.test/treatment-programs,TX,,0,Google Analytics,System-Observed
TOUCH-000482,,2026-05-25T10:05:06,Organic,Google Organic,,,,,,,https://harborridge.example.test/treatment-programs,NY,,0,Google Analytics,System-Observed
TOUCH-000483,,2026-05-14T15:01:11,Organic,Google Organic,,,,,,,https://harborridge.example.test/treatment-programs,WA,,0,Google Analytics,System-Observed
TOUCH-000484,,2026-05-19T15:47:21,Organic,Google Organic,,,,,,,https://harborridge.example.test/treatment-programs,TX,,0,Google Analytics,System-Observed
TOUCH-000485,,2026-05-16T10:43:48,Organic,Google Organic,,,,,,,https://harborridge.example.test/treatment-programs,NY,,0,Google Analytics,System-Observed
TOUCH-000486,,2026-05-30T15:37:22,Organic,Google Organic,,,,,,,https://harborridge.example.test/treatment-programs,TX,,0,Google Analytics,System-Observed
TOUCH-000487,,2026-05-11T14:51:34,Organic,Google Organic,,,,,,,https://harborridge.example.test/treatment-programs,AZ,,0,Google Analytics,System-Observed
TOUCH-000488,,2026-05-20T14:31:03,Organic,Google Organic,,,,,,,https://harborridge.example.test/treatment-programs,CA,,0,Google Analytics,System-Observed
TOUCH-000489,,2026-05-23T13:07:26,Organic,Google Organic,,,,,,,https://harborridge.example.test/treatment-programs,WA,,0,Google Analytics,System-Observed
TOUCH-000490,,2026-05-04T20:53:14,Organic,Google Organic,,,,,,,https://harborridge.example.test/treatment-programs,WA,,0,Google Analytics,System-Observed
TOUCH-000491,,2026-05-15T09:14:16,Organic,Google Organic,,,,,,,https://harborridge.example.test/treatment-programs,CA,,0,Google Analytics,System-Observed
TOUCH-000492,,2026-05-26T09:04:14,Organic,Google Organic,,,,,,,https://harborridge.example.test/treatment-programs,TX,,0,Google Analytics,System-Observed
TOUCH-000493,,2026-05-01T15:43:29,Organic,Google Organic,,,,,,,https://harborridge.example.test/treatment-programs,CA,,0,Google Analytics,System-Observed
TOUCH-000494,,2026-05-08T09:59:19,Organic,Google Organic,,,,,,,https://harborridge.example.test/treatment-programs,WA,,0,Google Analytics,System-Observed
TOUCH-000495,,2026-05-27T08:56:05,Organic,Google Organic,,,,,,,https://harborridge.example.test/treatment-programs,FL,,0,Google Analytics,System-Observed
TOUCH-000496,,2026-05-08T17:45:51,Organic,Google Organic,,,,,,,https://harborridge.example.test/treatment-programs,OR,,0,Google Analytics,System-Observed
TOUCH-000497,,2026-05-20T14:42:08,Organic,Google Organic,,,,,,,https://harborridge.example.test/treatment-programs,FL,,0,Google Analytics,System-Observed
TOUCH-000498,,2026-05-09T18:34:53,Organic,Google Organic,,,,,,,https://harborridge.example.test/treatment-programs,NY,,0,Google Analytics,System-Observed
TOUCH-000499,,2026-05-26T20:26:46,Organic,Google Organic,,,,,,,https://harborridge.example.test/treatment-programs,OR,,0,Google Analytics,System-Observed
TOUCH-000500,,2026-05-01T09:55:04,Organic,Google Organic,,,,,,,https://harborridge.example.test/treatment-programs,AZ,,0,Google Analytics,System-Observed
TOUCH-000501,,2026-05-27T13:35:42,Organic,Google Organic,,,,,,,https://harborridge.example.test/treatment-programs,CA,,0,Google Analytics,System-Observed
TOUCH-000502,INQ-000225,2026-06-07T11:23:03,Paid Search,Google Ads,CMP-1004,Residential Treatment - Geo,Family Support,residential treatment center,residential treatment center,Phrase,https://harborridge.example.test/admissions,NY,17.45,1,Google Ads,System-Observed
TOUCH-000503,INQ-000226,2026-06-19T15:17:07,Paid Search,Google Ads,CMP-1001,Behavioral Health - Brand,Detox Programs,behavioral health treatment near me,behavioral health treatment near me,Phrase,https://harborridge.example.test/admissions,FL,44.63,1,Google Ads,System-Observed
TOUCH-000504,INQ-000227,2026-06-14T16:20:31,Organic,Google Organic,,,,,,,https://harborridge.example.test/treatment-programs,CA,,1,Google Organic,System-Observed
TOUCH-000505,INQ-000229,2026-06-16T12:20:33,Paid Search,Microsoft Ads,CMP-2002,Residential Treatment - Geo (Bing),Admissions,substance abuse treatment options,substance abuse treatment options,Broad,https://harborridge.example.test/admissions,TX,10.81,1,Microsoft Ads,System-Observed
TOUCH-000506,INQ-000230,2026-06-03T17:47:39,Paid Search,Google Ads,CMP-1001,Behavioral Health - Brand,Detox Programs,family intervention help,family intervention help,Exact,https://harborridge.example.test/admissions,NY,14.76,1,Google Ads,System-Observed
TOUCH-000507,INQ-000231,2026-06-09T10:51:33,Organic,Google Organic,,,,,,,https://harborridge.example.test/treatment-programs,TX,,1,Google Organic,System-Observed
TOUCH-000508,INQ-000232,2026-06-15T14:31:04,Paid Social,Meta,CMP-3002,Recovery Journey - Lookalike,Family Support,,,,https://harborridge.example.test/family-support,CO,11.53,1,Meta,System-Observed
TOUCH-000509,INQ-000235,2026-06-03T20:01:01,Direct,,,,,,,,https://harborridge.example.test/,FL,,1,Direct / Analytics,System-Observed
TOUCH-000510,INQ-000237,2026-06-27T13:48:50,Paid Search,Google Ads,CMP-1003,Detox Near Me - Geo,Admissions,family intervention help,family intervention help,Phrase,https://harborridge.example.test/admissions,WA,33.29,1,Google Ads,System-Observed
TOUCH-000511,INQ-000238,2026-06-22T16:26:09,Paid Search,Microsoft Ads,CMP-2001,Behavioral Health - Brand (Bing),Detox Programs,inpatient mental health treatment,inpatient mental health treatment,Broad,https://harborridge.example.test/admissions,FL,27.62,1,Microsoft Ads,System-Observed
TOUCH-000512,INQ-000239,2026-06-24T18:55:22,Organic,Google Organic,,,,,,,https://harborridge.example.test/treatment-programs,WA,,1,Google Organic,System-Observed
TOUCH-000513,INQ-000241,2026-06-04T20:06:13,Direct,,,,,,,,https://harborridge.example.test/,AZ,,1,Direct / Analytics,System-Observed
TOUCH-000514,INQ-000244,2026-06-19T16:37:24,Paid Search,Google Ads,CMP-1005,Family Crisis - Non-Brand,Admissions,inpatient mental health treatment,inpatient mental health treatment,Exact,https://harborridge.example.test/admissions,UT,41.74,1,Google Ads,System-Observed
TOUCH-000515,INQ-000245,2026-06-06T12:20:36,Paid Social,Meta,CMP-3003,Local Community Awareness,Family Support,,,,https://harborridge.example.test/family-support,CA,10.18,1,Meta,System-Observed
TOUCH-000516,INQ-000247,2026-06-27T13:10:34,Direct,,,,,,,,https://harborridge.example.test/,NV,,1,Direct / Analytics,System-Observed
TOUCH-000517,INQ-000248,2026-06-13T19:25:00,Organic,Google Organic,,,,,,,https://harborridge.example.test/treatment-programs,TX,,1,Google Organic,System-Observed
TOUCH-000518,INQ-000249,2026-06-03T14:30:07,Direct,,,,,,,,https://harborridge.example.test/,NY,,1,Direct / Analytics,System-Observed
TOUCH-000519,INQ-000250,2026-06-05T15:31:20,Paid Social,Meta,CMP-3003,Local Community Awareness,Community Awareness,,,,https://harborridge.example.test/family-support,FL,9.41,1,Meta,System-Observed
TOUCH-000520,INQ-000251,2026-06-08T10:00:16,Paid Search,Google Ads,CMP-1003,Detox Near Me - Geo,Detox Programs,substance abuse treatment options,substance abuse treatment options,Broad,https://harborridge.example.test/admissions,OR,14.72,1,Google Ads,System-Observed
TOUCH-000521,INQ-000254,2026-06-08T07:31:11,Paid Social,Meta,CMP-3002,Recovery Journey - Lookalike,Family Support,,,,https://harborridge.example.test/family-support,OR,14.32,1,Meta,System-Observed
TOUCH-000522,INQ-000255,2026-06-09T18:08:44,Paid Search,Microsoft Ads,CMP-2001,Behavioral Health - Brand (Bing),Admissions,inpatient mental health treatment,inpatient mental health treatment,Exact,https://harborridge.example.test/admissions,CA,30.4,1,Microsoft Ads,System-Observed
TOUCH-000523,INQ-000256,2026-06-01T09:53:36,Paid Social,Meta,CMP-3001,Family Support Awareness,Community Awareness,,,,https://harborridge.example.test/family-support,AZ,6.7,1,Meta,System-Observed
TOUCH-000524,INQ-000257,2026-06-22T09:37:54,Local,GBP,,,,,,,https://harborridge.example.test/contact,WA,,1,GBP,System-Observed
TOUCH-000525,INQ-000258,2026-06-02T13:40:59,Paid Social,Meta,CMP-3002,Recovery Journey - Lookalike,Community Awareness,,,,https://harborridge.example.test/family-support,UT,7.08,1,Meta,System-Observed
TOUCH-000526,INQ-000259,2026-06-12T14:05:51,Local,GBP,,,,,,,https://harborridge.example.test/contact,CO,,1,GBP,System-Observed
TOUCH-000527,INQ-000260,2026-06-02T19:24:08,Local,GBP,,,,,,,https://harborridge.example.test/contact,NY,,1,GBP,System-Observed
TOUCH-000528,INQ-000261,2026-06-10T11:17:31,Paid Search,Google Ads,CMP-1002,Behavioral Health - Non-Brand,Residential Programs,detox center near me,detox center near me,Phrase,https://harborridge.example.test/admissions,CA,43.08,1,Google Ads,System-Observed
TOUCH-000529,INQ-000265,2026-06-15T11:39:38,Direct,,,,,,,,https://harborridge.example.test/,NY,,1,Direct / Analytics,System-Observed
TOUCH-000530,INQ-000266,2026-06-09T15:11:15,Organic,Google Organic,,,,,,,https://harborridge.example.test/treatment-programs,AZ,,1,Google Organic,System-Observed
TOUCH-000531,INQ-000268,2026-06-19T09:40:24,Local,GBP,,,,,,,https://harborridge.example.test/contact,TX,,1,GBP,System-Observed
TOUCH-000532,INQ-000270,2026-06-18T18:35:16,Local,GBP,,,,,,,https://harborridge.example.test/contact,WA,,1,GBP,System-Observed
TOUCH-000533,INQ-000272,2026-06-04T08:06:29,Organic,Google Organic,,,,,,,https://harborridge.example.test/treatment-programs,FL,,1,Google Organic,System-Observed
TOUCH-000534,INQ-000277,2026-06-25T09:37:31,Local,GBP,,,,,,,https://harborridge.example.test/contact,AZ,,1,GBP,System-Observed
TOUCH-000535,INQ-000278,2026-06-15T14:56:58,Paid Social,Meta,CMP-3001,Family Support Awareness,Community Awareness,,,,https://harborridge.example.test/family-support,WA,9.99,1,Meta,System-Observed
TOUCH-000536,INQ-000279,2026-06-19T17:01:05,Local,GBP,,,,,,,https://harborridge.example.test/contact,FL,,1,GBP,System-Observed
TOUCH-000537,INQ-000280,2026-06-19T08:10:24,Paid Social,Meta,CMP-3003,Local Community Awareness,Community Awareness,,,,https://harborridge.example.test/family-support,UT,14.31,1,Meta,System-Observed
TOUCH-000538,INQ-000281,2026-06-04T11:13:45,Local,GBP,,,,,,,https://harborridge.example.test/contact,OR,,1,GBP,System-Observed
TOUCH-000539,INQ-000282,2026-06-07T16:16:05,Local,GBP,,,,,,,https://harborridge.example.test/contact,CO,,1,GBP,System-Observed
TOUCH-000540,INQ-000284,2026-06-26T09:00:24,Direct,,,,,,,,https://harborridge.example.test/,NV,,1,Direct / Analytics,System-Observed
TOUCH-000541,INQ-000286,2026-06-24T18:59:44,Paid Search,Google Ads,CMP-1005,Family Crisis - Non-Brand,Residential Programs,inpatient mental health treatment,inpatient mental health treatment,Broad,https://harborridge.example.test/admissions,OR,36.2,1,Google Ads,System-Observed
TOUCH-000542,INQ-000288,2026-06-11T15:14:54,Organic,Google Organic,,,,,,,https://harborridge.example.test/treatment-programs,CO,,1,Google Organic,System-Observed
TOUCH-000543,INQ-000289,2026-06-26T19:57:07,Local,GBP,,,,,,,https://harborridge.example.test/contact,CO,,1,GBP,System-Observed
TOUCH-000544,INQ-000290,2026-06-21T14:21:33,Organic,Google Organic,,,,,,,https://harborridge.example.test/treatment-programs,OR,,1,Google Organic,System-Observed
TOUCH-000545,INQ-000291,2026-06-10T15:53:12,Organic,Google Organic,,,,,,,https://harborridge.example.test/treatment-programs,NV,,1,Google Organic,System-Observed
TOUCH-000546,INQ-000292,2026-06-08T13:19:50,Paid Search,Google Ads,CMP-1004,Residential Treatment - Geo,Admissions,residential treatment center,residential treatment center,Exact,https://harborridge.example.test/admissions,NV,44.44,1,Google Ads,System-Observed
TOUCH-000547,INQ-000293,2026-06-09T11:54:44,Paid Search,Google Ads,CMP-1001,Behavioral Health - Brand,Residential Programs,family intervention help,family intervention help,Broad,https://harborridge.example.test/admissions,NY,17.37,1,Google Ads,System-Observed
TOUCH-000548,INQ-000294,2026-06-07T09:58:44,Paid Search,Google Ads,CMP-1003,Detox Near Me - Geo,Family Support,detox center near me,detox center near me,Broad,https://harborridge.example.test/admissions,AZ,19.51,1,Google Ads,System-Observed
TOUCH-000549,INQ-000296,2026-06-24T17:49:54,Paid Social,Meta,CMP-3001,Family Support Awareness,Community Awareness,,,,https://harborridge.example.test/family-support,UT,8.12,1,Meta,System-Observed
TOUCH-000550,INQ-000299,2026-06-07T11:22:57,Direct,,,,,,,,https://harborridge.example.test/,CA,,1,Direct / Analytics,System-Observed
TOUCH-000551,INQ-000300,2026-06-18T10:58:23,Organic,Google Organic,,,,,,,https://harborridge.example.test/treatment-programs,NY,,1,Google Organic,System-Observed
TOUCH-000552,INQ-000301,2026-06-21T12:05:35,Paid Search,Google Ads,CMP-1005,Family Crisis - Non-Brand,Residential Programs,family intervention help,family intervention help,Phrase,https://harborridge.example.test/admissions,CA,21.7,1,Google Ads,System-Observed
TOUCH-000553,INQ-000302,2026-06-03T17:00:25,Paid Search,Google Ads,CMP-1001,Behavioral Health - Brand,Detox Programs,behavioral health treatment near me,behavioral health treatment near me,Broad,https://harborridge.example.test/admissions,NY,27.56,1,Google Ads,System-Observed
TOUCH-000554,INQ-000304,2026-06-02T16:25:06,Direct,,,,,,,,https://harborridge.example.test/,UT,,1,Direct / Analytics,System-Observed
TOUCH-000555,INQ-000305,2026-06-06T07:20:36,Organic,Google Organic,,,,,,,https://harborridge.example.test/treatment-programs,OR,,1,Google Organic,System-Observed
TOUCH-000556,INQ-000309,2026-06-02T19:57:07,Paid Search,Microsoft Ads,CMP-2001,Behavioral Health - Brand (Bing),Admissions,behavioral health treatment near me,behavioral health treatment near me,Exact,https://harborridge.example.test/admissions,NV,13.24,1,Microsoft Ads,System-Observed
TOUCH-000557,INQ-000310,2026-06-07T11:22:26,Organic,Google Organic,,,,,,,https://harborridge.example.test/treatment-programs,UT,,1,Google Organic,System-Observed
TOUCH-000558,INQ-000313,2026-06-24T17:22:35,Paid Search,Google Ads,CMP-1004,Residential Treatment - Geo,Admissions,substance abuse treatment options,substance abuse treatment options,Exact,https://harborridge.example.test/admissions,CO,21.74,1,Google Ads,System-Observed
TOUCH-000559,INQ-000314,2026-06-12T10:58:57,Paid Search,Google Ads,CMP-1002,Behavioral Health - Non-Brand,Family Support,residential treatment center,residential treatment center,Broad,https://harborridge.example.test/admissions,FL,47.16,1,Google Ads,System-Observed
TOUCH-000560,INQ-000315,2026-06-22T09:19:14,Paid Search,Microsoft Ads,CMP-2002,Residential Treatment - Geo (Bing),Residential Programs,inpatient mental health treatment,inpatient mental health treatment,Broad,https://harborridge.example.test/admissions,NY,9.18,1,Microsoft Ads,System-Observed
TOUCH-000561,INQ-000316,2026-06-14T16:06:40,Paid Search,Google Ads,CMP-1004,Residential Treatment - Geo,Admissions,family intervention help,family intervention help,Broad,https://harborridge.example.test/admissions,UT,38.06,1,Google Ads,System-Observed
TOUCH-000562,INQ-000317,2026-06-03T18:41:26,Direct,,,,,,,,https://harborridge.example.test/,NY,,1,Direct / Analytics,System-Observed
TOUCH-000563,INQ-000319,2026-06-05T14:59:07,Direct,,,,,,,,https://harborridge.example.test/,OR,,1,Direct / Analytics,System-Observed
TOUCH-000564,INQ-000320,2026-06-06T14:48:38,Paid Search,Google Ads,CMP-1003,Detox Near Me - Geo,Detox Programs,detox center near me,detox center near me,Exact,https://harborridge.example.test/admissions,CO,20.96,1,Google Ads,System-Observed
TOUCH-000565,INQ-000321,2026-06-11T13:14:19,Direct,,,,,,,,https://harborridge.example.test/,WA,,1,Direct / Analytics,System-Observed
TOUCH-000566,INQ-000322,2026-06-11T06:16:11,Direct,,,,,,,,https://harborridge.example.test/,CO,,1,Direct / Analytics,System-Observed
TOUCH-000567,INQ-000323,2026-06-13T15:06:25,Paid Search,Google Ads,CMP-1005,Family Crisis - Non-Brand,Detox Programs,detox center near me,detox center near me,Exact,https://harborridge.example.test/admissions,WA,29.53,1,Google Ads,System-Observed
TOUCH-000568,INQ-000324,2026-06-06T13:08:36,Paid Social,Meta,CMP-3001,Family Support Awareness,Family Support,,,,https://harborridge.example.test/family-support,NY,6.42,1,Meta,System-Observed
TOUCH-000569,INQ-000327,2026-06-18T07:30:40,Paid Social,Meta,CMP-3003,Local Community Awareness,Family Support,,,,https://harborridge.example.test/family-support,CA,11.92,1,Meta,System-Observed
TOUCH-000570,INQ-000328,2026-06-23T09:18:30,Organic,Google Organic,,,,,,,https://harborridge.example.test/treatment-programs,TX,,1,Google Organic,System-Observed
TOUCH-000571,INQ-000329,2026-06-01T20:15:33,Paid Social,Meta,CMP-3002,Recovery Journey - Lookalike,Family Support,,,,https://harborridge.example.test/family-support,FL,9.37,1,Meta,System-Observed
TOUCH-000572,INQ-000330,2026-06-10T12:10:22,Organic,Google Organic,,,,,,,https://harborridge.example.test/treatment-programs,FL,,1,Google Organic,System-Observed
TOUCH-000573,INQ-000332,2026-06-08T12:26:13,Paid Social,Meta,CMP-3002,Recovery Journey - Lookalike,Community Awareness,,,,https://harborridge.example.test/family-support,WA,12.59,1,Meta,System-Observed
TOUCH-000574,INQ-000334,2026-06-13T08:08:15,Paid Search,Microsoft Ads,CMP-2002,Residential Treatment - Geo (Bing),Family Support,detox center near me,detox center near me,Broad,https://harborridge.example.test/admissions,CO,31.54,1,Microsoft Ads,System-Observed
TOUCH-000575,INQ-000335,2026-06-01T06:52:51,Direct,,,,,,,,https://harborridge.example.test/,CO,,1,Direct / Analytics,System-Observed
TOUCH-000576,INQ-000336,2026-06-04T17:14:26,Organic,Google Organic,,,,,,,https://harborridge.example.test/treatment-programs,TX,,1,Google Organic,System-Observed
TOUCH-000577,INQ-000337,2026-06-22T19:22:46,Local,GBP,,,,,,,https://harborridge.example.test/contact,WA,,1,GBP,System-Observed
TOUCH-000578,INQ-000338,2026-06-08T09:38:47,Organic,Google Organic,,,,,,,https://harborridge.example.test/treatment-programs,WA,,1,Google Organic,System-Observed
TOUCH-000579,INQ-000340,2026-06-15T14:52:28,Organic,Google Organic,,,,,,,https://harborridge.example.test/treatment-programs,UT,,1,Google Organic,System-Observed
TOUCH-000580,INQ-000341,2026-06-04T10:31:55,Paid Search,Google Ads,CMP-1002,Behavioral Health - Non-Brand,Residential Programs,detox center near me,detox center near me,Broad,https://harborridge.example.test/admissions,FL,27.38,1,Google Ads,System-Observed
TOUCH-000581,INQ-000343,2026-06-10T09:12:51,Organic,Google Organic,,,,,,,https://harborridge.example.test/treatment-programs,AZ,,1,Google Organic,System-Observed
TOUCH-000582,INQ-000345,2026-06-01T20:26:14,Paid Search,Google Ads,CMP-1005,Family Crisis - Non-Brand,Family Support,family intervention help,family intervention help,Broad,https://harborridge.example.test/admissions,CO,16.38,1,Google Ads,System-Observed
TOUCH-000583,INQ-000346,2026-06-06T07:52:29,Direct,,,,,,,,https://harborridge.example.test/,FL,,1,Direct / Analytics,System-Observed
TOUCH-000584,INQ-000347,2026-06-26T05:57:52,Organic,Google Organic,,,,,,,https://harborridge.example.test/treatment-programs,AZ,,1,Google Organic,System-Observed
TOUCH-000585,INQ-000349,2026-06-04T16:35:32,Local,GBP,,,,,,,https://harborridge.example.test/contact,NY,,1,GBP,System-Observed
TOUCH-000586,INQ-000351,2026-06-03T18:07:36,Local,GBP,,,,,,,https://harborridge.example.test/contact,FL,,1,GBP,System-Observed
TOUCH-000587,INQ-000352,2026-06-16T15:04:26,Local,GBP,,,,,,,https://harborridge.example.test/contact,CO,,1,GBP,System-Observed
TOUCH-000588,INQ-000353,2026-06-03T19:50:42,Paid Search,Google Ads,CMP-1004,Residential Treatment - Geo,Residential Programs,substance abuse treatment options,substance abuse treatment options,Exact,https://harborridge.example.test/admissions,WA,41.42,1,Google Ads,System-Observed
TOUCH-000589,INQ-000354,2026-06-07T08:25:04,Paid Search,Google Ads,CMP-1003,Detox Near Me - Geo,Residential Programs,family intervention help,family intervention help,Broad,https://harborridge.example.test/admissions,UT,21.37,1,Google Ads,System-Observed
TOUCH-000590,INQ-000355,2026-06-15T14:34:57,Organic,Google Organic,,,,,,,https://harborridge.example.test/treatment-programs,AZ,,1,Google Organic,System-Observed
TOUCH-000591,INQ-000356,2026-06-03T09:11:53,Paid Social,Meta,CMP-3003,Local Community Awareness,Family Support,,,,https://harborridge.example.test/family-support,UT,6.54,1,Meta,System-Observed
TOUCH-000592,INQ-000357,2026-06-24T17:34:19,Paid Search,Google Ads,CMP-1003,Detox Near Me - Geo,Residential Programs,substance abuse treatment options,substance abuse treatment options,Phrase,https://harborridge.example.test/admissions,OR,37.21,1,Google Ads,System-Observed
TOUCH-000593,INQ-000359,2026-06-04T16:30:55,Paid Search,Google Ads,CMP-1004,Residential Treatment - Geo,Detox Programs,behavioral health treatment near me,behavioral health treatment near me,Phrase,https://harborridge.example.test/admissions,NY,38.62,1,Google Ads,System-Observed
TOUCH-000594,INQ-000361,2026-06-12T14:30:30,Direct,,,,,,,,https://harborridge.example.test/,AZ,,1,Direct / Analytics,System-Observed
TOUCH-000595,INQ-000364,2026-06-14T15:12:51,Direct,,,,,,,,https://harborridge.example.test/,TX,,1,Direct / Analytics,System-Observed
TOUCH-000596,INQ-000365,2026-06-21T12:10:48,Paid Search,Google Ads,CMP-1003,Detox Near Me - Geo,Family Support,substance abuse treatment options,substance abuse treatment options,Broad,https://harborridge.example.test/admissions,WA,16.7,1,Google Ads,System-Observed
TOUCH-000597,INQ-000367,2026-06-10T08:05:42,Paid Search,Microsoft Ads,CMP-2002,Residential Treatment - Geo (Bing),Family Support,substance abuse treatment options,substance abuse treatment options,Phrase,https://harborridge.example.test/admissions,NV,10.99,1,Microsoft Ads,System-Observed
TOUCH-000598,INQ-000369,2026-06-05T17:26:49,Paid Social,Meta,CMP-3003,Local Community Awareness,Family Support,,,,https://harborridge.example.test/family-support,UT,5.68,1,Meta,System-Observed
TOUCH-000599,INQ-000370,2026-06-08T15:55:02,Direct,,,,,,,,https://harborridge.example.test/,CA,,1,Direct / Analytics,System-Observed
TOUCH-000600,INQ-000371,2026-06-04T15:30:33,Organic,Google Organic,,,,,,,https://harborridge.example.test/treatment-programs,NY,,1,Google Organic,System-Observed
TOUCH-000601,INQ-000373,2026-06-21T12:45:36,Paid Search,Google Ads,CMP-1002,Behavioral Health - Non-Brand,Residential Programs,behavioral health treatment near me,behavioral health treatment near me,Phrase,https://harborridge.example.test/admissions,CA,44.49,1,Google Ads,System-Observed
TOUCH-000602,INQ-000375,2026-06-10T13:19:51,Organic,Google Organic,,,,,,,https://harborridge.example.test/treatment-programs,NV,,1,Google Organic,System-Observed
TOUCH-000603,INQ-000376,2026-06-10T05:56:14,Organic,Google Organic,,,,,,,https://harborridge.example.test/treatment-programs,TX,,1,Google Organic,System-Observed
TOUCH-000604,INQ-000377,2026-06-12T13:18:55,Direct,,,,,,,,https://harborridge.example.test/,UT,,1,Direct / Analytics,System-Observed
TOUCH-000605,INQ-000379,2026-06-14T08:44:49,Organic,Google Organic,,,,,,,https://harborridge.example.test/treatment-programs,NV,,1,Google Organic,System-Observed
TOUCH-000606,INQ-000380,2026-06-13T20:14:59,Organic,Google Organic,,,,,,,https://harborridge.example.test/treatment-programs,OR,,1,Google Organic,System-Observed
TOUCH-000607,INQ-000383,2026-06-23T15:24:33,Paid Search,Google Ads,CMP-1003,Detox Near Me - Geo,Admissions,detox center near me,detox center near me,Phrase,https://harborridge.example.test/admissions,TX,34.59,1,Google Ads,System-Observed
TOUCH-000608,INQ-000384,2026-06-13T17:02:52,Organic,Google Organic,,,,,,,https://harborridge.example.test/treatment-programs,NV,,1,Google Organic,System-Observed
TOUCH-000609,INQ-000385,2026-06-07T07:42:06,Organic,Google Organic,,,,,,,https://harborridge.example.test/treatment-programs,OR,,1,Google Organic,System-Observed
TOUCH-000610,INQ-000386,2026-06-05T20:47:49,Paid Search,Google Ads,CMP-1004,Residential Treatment - Geo,Detox Programs,family intervention help,family intervention help,Phrase,https://harborridge.example.test/admissions,AZ,37.0,1,Google Ads,System-Observed
TOUCH-000611,INQ-000388,2026-06-07T17:46:45,Paid Search,Google Ads,CMP-1004,Residential Treatment - Geo,Admissions,family intervention help,family intervention help,Phrase,https://harborridge.example.test/admissions,TX,33.42,1,Google Ads,System-Observed
TOUCH-000612,INQ-000392,2026-06-18T17:33:57,Direct,,,,,,,,https://harborridge.example.test/,CO,,1,Direct / Analytics,System-Observed
TOUCH-000613,INQ-000395,2026-06-25T12:53:41,Paid Search,Google Ads,CMP-1001,Behavioral Health - Brand,Family Support,detox center near me,detox center near me,Exact,https://harborridge.example.test/admissions,TX,40.6,1,Google Ads,System-Observed
TOUCH-000614,INQ-000397,2026-06-02T12:50:13,Paid Search,Google Ads,CMP-1002,Behavioral Health - Non-Brand,Family Support,inpatient mental health treatment,inpatient mental health treatment,Exact,https://harborridge.example.test/admissions,OR,33.16,1,Google Ads,System-Observed
TOUCH-000615,INQ-000399,2026-06-06T08:11:48,Direct,,,,,,,,https://harborridge.example.test/,TX,,1,Direct / Analytics,System-Observed
TOUCH-000616,INQ-000402,2026-06-03T18:45:01,Paid Search,Google Ads,CMP-1002,Behavioral Health - Non-Brand,Residential Programs,residential treatment center,residential treatment center,Exact,https://harborridge.example.test/admissions,CO,19.25,1,Google Ads,System-Observed
TOUCH-000617,INQ-000403,2026-06-21T13:43:55,Direct,,,,,,,,https://harborridge.example.test/,CA,,1,Direct / Analytics,System-Observed
TOUCH-000618,INQ-000405,2026-06-03T08:55:03,Organic,Google Organic,,,,,,,https://harborridge.example.test/treatment-programs,OR,,1,Google Organic,System-Observed
TOUCH-000619,INQ-000406,2026-06-26T15:14:41,Direct,,,,,,,,https://harborridge.example.test/,UT,,1,Direct / Analytics,System-Observed
TOUCH-000620,INQ-000407,2026-06-18T12:36:47,Paid Search,Google Ads,CMP-1005,Family Crisis - Non-Brand,Detox Programs,residential treatment center,residential treatment center,Exact,https://harborridge.example.test/admissions,TX,38.66,1,Google Ads,System-Observed
TOUCH-000621,INQ-000411,2026-06-18T15:41:35,Organic,Google Organic,,,,,,,https://harborridge.example.test/treatment-programs,OR,,1,Google Organic,System-Observed
TOUCH-000622,INQ-000413,2026-06-12T17:51:47,Paid Search,Google Ads,CMP-1004,Residential Treatment - Geo,Detox Programs,inpatient mental health treatment,inpatient mental health treatment,Broad,https://harborridge.example.test/admissions,TX,20.69,1,Google Ads,System-Observed
TOUCH-000623,INQ-000414,2026-06-09T08:47:55,Paid Search,Microsoft Ads,CMP-2001,Behavioral Health - Brand (Bing),Family Support,detox center near me,detox center near me,Broad,https://harborridge.example.test/admissions,NY,8.49,1,Microsoft Ads,System-Observed
TOUCH-000624,INQ-000416,2026-06-13T07:15:24,Paid Search,Google Ads,CMP-1001,Behavioral Health - Brand,Admissions,family intervention help,family intervention help,Phrase,https://harborridge.example.test/admissions,CA,35.86,1,Google Ads,System-Observed
TOUCH-000625,INQ-000417,2026-06-11T11:07:38,Organic,Google Organic,,,,,,,https://harborridge.example.test/treatment-programs,CO,,1,Google Organic,System-Observed
TOUCH-000626,INQ-000420,2026-06-25T20:33:39,Direct,,,,,,,,https://harborridge.example.test/,UT,,1,Direct / Analytics,System-Observed
TOUCH-000627,INQ-000422,2026-06-06T13:11:05,Local,GBP,,,,,,,https://harborridge.example.test/contact,OR,,1,GBP,System-Observed
TOUCH-000628,INQ-000423,2026-06-15T08:18:38,Organic,Google Organic,,,,,,,https://harborridge.example.test/treatment-programs,CO,,1,Google Organic,System-Observed
TOUCH-000629,INQ-000425,2026-06-10T18:47:53,Local,GBP,,,,,,,https://harborridge.example.test/contact,UT,,1,GBP,System-Observed
TOUCH-000630,INQ-000426,2026-06-21T17:44:54,Paid Search,Google Ads,CMP-1005,Family Crisis - Non-Brand,Admissions,inpatient mental health treatment,inpatient mental health treatment,Exact,https://harborridge.example.test/admissions,FL,26.59,1,Google Ads,System-Observed
TOUCH-000631,INQ-000427,2026-06-23T16:46:41,Paid Search,Google Ads,CMP-1005,Family Crisis - Non-Brand,Family Support,inpatient mental health treatment,inpatient mental health treatment,Exact,https://harborridge.example.test/admissions,AZ,24.59,1,Google Ads,System-Observed
TOUCH-000632,INQ-000429,2026-06-23T13:48:28,Local,GBP,,,,,,,https://harborridge.example.test/contact,TX,,1,GBP,System-Observed
TOUCH-000633,INQ-000431,2026-06-14T11:06:13,Direct,,,,,,,,https://harborridge.example.test/,UT,,1,Direct / Analytics,System-Observed
TOUCH-000634,INQ-000434,2026-06-15T17:55:05,Paid Search,Google Ads,CMP-1003,Detox Near Me - Geo,Residential Programs,family intervention help,family intervention help,Exact,https://harborridge.example.test/admissions,FL,36.17,1,Google Ads,System-Observed
TOUCH-000635,INQ-000435,2026-06-21T09:55:07,Paid Search,Google Ads,CMP-1001,Behavioral Health - Brand,Admissions,substance abuse treatment options,substance abuse treatment options,Broad,https://harborridge.example.test/admissions,NY,31.9,1,Google Ads,System-Observed
TOUCH-000636,INQ-000437,2026-06-24T16:06:20,Organic,Google Organic,,,,,,,https://harborridge.example.test/treatment-programs,CO,,1,Google Organic,System-Observed
TOUCH-000637,INQ-000438,2026-06-03T13:20:30,Organic,Google Organic,,,,,,,https://harborridge.example.test/treatment-programs,NY,,1,Google Organic,System-Observed
TOUCH-000638,INQ-000440,2026-06-10T13:25:18,Paid Search,Google Ads,CMP-1001,Behavioral Health - Brand,Residential Programs,residential treatment center,residential treatment center,Broad,https://harborridge.example.test/admissions,AZ,32.15,1,Google Ads,System-Observed
TOUCH-000639,INQ-000441,2026-06-25T12:51:26,Local,GBP,,,,,,,https://harborridge.example.test/contact,UT,,1,GBP,System-Observed
TOUCH-000640,INQ-000442,2026-06-15T12:41:01,Direct,,,,,,,,https://harborridge.example.test/,TX,,1,Direct / Analytics,System-Observed
TOUCH-000641,INQ-000447,2026-06-05T06:58:17,Organic,Google Organic,,,,,,,https://harborridge.example.test/treatment-programs,TX,,1,Google Organic,System-Observed
TOUCH-000642,INQ-000448,2026-06-10T14:48:02,Paid Search,Google Ads,CMP-1002,Behavioral Health - Non-Brand,Admissions,behavioral health treatment near me,behavioral health treatment near me,Exact,https://harborridge.example.test/admissions,AZ,29.48,1,Google Ads,System-Observed
TOUCH-000643,,2026-06-02T20:59:54,Paid Search,Google Ads,CMP-1004,Residential Treatment - Geo,Residential Programs,behavioral health treatment near me,behavioral health treatment near me,Phrase,https://harborridge.example.test/admissions,OR,33.33,0,Google Ads,System-Observed
TOUCH-000644,,2026-06-06T08:01:43,Paid Search,Google Ads,CMP-1002,Behavioral Health - Non-Brand,Residential Programs,behavioral health treatment near me,behavioral health treatment near me,Phrase,https://harborridge.example.test/admissions,NV,17.69,0,Google Ads,System-Observed
TOUCH-000645,,2026-06-26T07:21:37,Paid Search,Google Ads,CMP-1004,Residential Treatment - Geo,Residential Programs,detox center near me,detox center near me,Broad,https://harborridge.example.test/admissions,OR,35.92,0,Google Ads,System-Observed
TOUCH-000646,,2026-06-23T09:36:50,Paid Search,Google Ads,CMP-1002,Behavioral Health - Non-Brand,Residential Programs,residential treatment center,residential treatment center,Phrase,https://harborridge.example.test/admissions,OR,18.51,0,Google Ads,System-Observed
TOUCH-000647,,2026-06-20T18:12:23,Paid Search,Google Ads,CMP-1003,Detox Near Me - Geo,Residential Programs,inpatient mental health treatment,inpatient mental health treatment,Exact,https://harborridge.example.test/admissions,CA,26.7,0,Google Ads,System-Observed
TOUCH-000648,,2026-06-21T15:22:21,Paid Search,Google Ads,CMP-1003,Detox Near Me - Geo,Admissions,inpatient mental health treatment,inpatient mental health treatment,Exact,https://harborridge.example.test/admissions,FL,44.32,0,Google Ads,System-Observed
TOUCH-000649,,2026-06-17T13:45:13,Paid Search,Google Ads,CMP-1001,Behavioral Health - Brand,Family Support,detox center near me,detox center near me,Phrase,https://harborridge.example.test/admissions,WA,14.83,0,Google Ads,System-Observed
TOUCH-000650,,2026-06-16T17:33:03,Paid Search,Google Ads,CMP-1004,Residential Treatment - Geo,Family Support,detox center near me,detox center near me,Phrase,https://harborridge.example.test/admissions,AZ,14.85,0,Google Ads,System-Observed
TOUCH-000651,,2026-06-20T20:23:33,Paid Search,Google Ads,CMP-1002,Behavioral Health - Non-Brand,Family Support,inpatient mental health treatment,inpatient mental health treatment,Exact,https://harborridge.example.test/admissions,NY,42.96,0,Google Ads,System-Observed
TOUCH-000652,,2026-06-23T14:23:49,Paid Search,Google Ads,CMP-1003,Detox Near Me - Geo,Admissions,behavioral health treatment near me,behavioral health treatment near me,Broad,https://harborridge.example.test/admissions,AZ,21.76,0,Google Ads,System-Observed
TOUCH-000653,,2026-06-14T12:45:12,Paid Search,Google Ads,CMP-1003,Detox Near Me - Geo,Residential Programs,inpatient mental health treatment,inpatient mental health treatment,Broad,https://harborridge.example.test/admissions,FL,43.48,0,Google Ads,System-Observed
TOUCH-000654,,2026-06-06T17:55:26,Paid Search,Google Ads,CMP-1002,Behavioral Health - Non-Brand,Admissions,residential treatment center,residential treatment center,Phrase,https://harborridge.example.test/admissions,CO,16.54,0,Google Ads,System-Observed
TOUCH-000655,,2026-06-28T16:39:52,Paid Search,Google Ads,CMP-1004,Residential Treatment - Geo,Admissions,family intervention help,family intervention help,Broad,https://harborridge.example.test/admissions,NV,24.27,0,Google Ads,System-Observed
TOUCH-000656,,2026-06-01T13:51:57,Paid Search,Google Ads,CMP-1001,Behavioral Health - Brand,Residential Programs,substance abuse treatment options,substance abuse treatment options,Broad,https://harborridge.example.test/admissions,AZ,16.37,0,Google Ads,System-Observed
TOUCH-000657,,2026-06-06T17:24:30,Paid Search,Google Ads,CMP-1001,Behavioral Health - Brand,Residential Programs,residential treatment center,residential treatment center,Exact,https://harborridge.example.test/admissions,FL,34.44,0,Google Ads,System-Observed
TOUCH-000658,,2026-06-21T17:49:02,Paid Search,Google Ads,CMP-1003,Detox Near Me - Geo,Family Support,inpatient mental health treatment,inpatient mental health treatment,Exact,https://harborridge.example.test/admissions,OR,23.87,0,Google Ads,System-Observed
TOUCH-000659,,2026-06-18T11:02:35,Paid Search,Google Ads,CMP-1002,Behavioral Health - Non-Brand,Detox Programs,inpatient mental health treatment,inpatient mental health treatment,Broad,https://harborridge.example.test/admissions,UT,14.71,0,Google Ads,System-Observed
TOUCH-000660,,2026-06-13T11:10:46,Paid Search,Google Ads,CMP-1004,Residential Treatment - Geo,Family Support,substance abuse treatment options,substance abuse treatment options,Broad,https://harborridge.example.test/admissions,NY,38.22,0,Google Ads,System-Observed
TOUCH-000661,,2026-06-28T14:42:55,Paid Search,Google Ads,CMP-1004,Residential Treatment - Geo,Detox Programs,substance abuse treatment options,substance abuse treatment options,Broad,https://harborridge.example.test/admissions,UT,35.41,0,Google Ads,System-Observed
TOUCH-000662,,2026-06-04T09:17:07,Paid Search,Google Ads,CMP-1003,Detox Near Me - Geo,Admissions,substance abuse treatment options,substance abuse treatment options,Phrase,https://harborridge.example.test/admissions,FL,28.33,0,Google Ads,System-Observed
TOUCH-000663,,2026-06-02T11:00:49,Paid Search,Google Ads,CMP-1005,Family Crisis - Non-Brand,Detox Programs,behavioral health treatment near me,behavioral health treatment near me,Broad,https://harborridge.example.test/admissions,OR,29.41,0,Google Ads,System-Observed
TOUCH-000664,,2026-06-03T11:47:40,Paid Search,Google Ads,CMP-1003,Detox Near Me - Geo,Family Support,family intervention help,family intervention help,Phrase,https://harborridge.example.test/admissions,WA,33.27,0,Google Ads,System-Observed
TOUCH-000665,,2026-06-20T11:31:24,Paid Search,Google Ads,CMP-1004,Residential Treatment - Geo,Admissions,behavioral health treatment near me,behavioral health treatment near me,Phrase,https://harborridge.example.test/admissions,FL,36.18,0,Google Ads,System-Observed
TOUCH-000666,,2026-06-20T14:14:48,Paid Search,Google Ads,CMP-1005,Family Crisis - Non-Brand,Residential Programs,substance abuse treatment options,substance abuse treatment options,Phrase,https://harborridge.example.test/admissions,NV,21.3,0,Google Ads,System-Observed
TOUCH-000667,,2026-06-29T07:03:43,Paid Search,Google Ads,CMP-1005,Family Crisis - Non-Brand,Residential Programs,detox center near me,detox center near me,Phrase,https://harborridge.example.test/admissions,CO,18.35,0,Google Ads,System-Observed
TOUCH-000668,,2026-06-12T08:20:03,Paid Search,Google Ads,CMP-1003,Detox Near Me - Geo,Family Support,behavioral health treatment near me,behavioral health treatment near me,Exact,https://harborridge.example.test/admissions,AZ,17.35,0,Google Ads,System-Observed
TOUCH-000669,,2026-06-21T14:48:45,Paid Search,Google Ads,CMP-1001,Behavioral Health - Brand,Residential Programs,substance abuse treatment options,substance abuse treatment options,Exact,https://harborridge.example.test/admissions,UT,22.65,0,Google Ads,System-Observed
TOUCH-000670,,2026-06-19T08:47:31,Paid Search,Google Ads,CMP-1004,Residential Treatment - Geo,Residential Programs,inpatient mental health treatment,inpatient mental health treatment,Broad,https://harborridge.example.test/admissions,AZ,23.97,0,Google Ads,System-Observed
TOUCH-000671,,2026-06-04T07:35:08,Paid Search,Google Ads,CMP-1002,Behavioral Health - Non-Brand,Admissions,family intervention help,family intervention help,Exact,https://harborridge.example.test/admissions,OR,34.04,0,Google Ads,System-Observed
TOUCH-000672,,2026-06-19T11:09:13,Paid Search,Google Ads,CMP-1002,Behavioral Health - Non-Brand,Family Support,substance abuse treatment options,substance abuse treatment options,Exact,https://harborridge.example.test/admissions,FL,19.23,0,Google Ads,System-Observed
TOUCH-000673,,2026-06-26T07:19:27,Paid Search,Google Ads,CMP-1004,Residential Treatment - Geo,Family Support,substance abuse treatment options,substance abuse treatment options,Phrase,https://harborridge.example.test/admissions,TX,27.99,0,Google Ads,System-Observed
TOUCH-000674,,2026-06-09T13:33:55,Paid Search,Google Ads,CMP-1001,Behavioral Health - Brand,Admissions,residential treatment center,residential treatment center,Phrase,https://harborridge.example.test/admissions,UT,24.56,0,Google Ads,System-Observed
TOUCH-000675,,2026-06-18T11:20:19,Paid Search,Google Ads,CMP-1004,Residential Treatment - Geo,Admissions,substance abuse treatment options,substance abuse treatment options,Exact,https://harborridge.example.test/admissions,CA,20.44,0,Google Ads,System-Observed
TOUCH-000676,,2026-06-06T18:58:54,Paid Search,Google Ads,CMP-1001,Behavioral Health - Brand,Family Support,family intervention help,family intervention help,Phrase,https://harborridge.example.test/admissions,NV,30.97,0,Google Ads,System-Observed
TOUCH-000677,,2026-06-04T08:57:37,Paid Search,Google Ads,CMP-1003,Detox Near Me - Geo,Residential Programs,residential treatment center,residential treatment center,Broad,https://harborridge.example.test/admissions,TX,36.35,0,Google Ads,System-Observed
TOUCH-000678,,2026-06-04T10:45:12,Paid Search,Google Ads,CMP-1005,Family Crisis - Non-Brand,Residential Programs,detox center near me,detox center near me,Phrase,https://harborridge.example.test/admissions,AZ,27.6,0,Google Ads,System-Observed
TOUCH-000679,,2026-06-03T18:17:21,Paid Search,Google Ads,CMP-1003,Detox Near Me - Geo,Detox Programs,detox center near me,detox center near me,Broad,https://harborridge.example.test/admissions,CA,24.4,0,Google Ads,System-Observed
TOUCH-000680,,2026-06-16T17:20:07,Paid Search,Google Ads,CMP-1003,Detox Near Me - Geo,Residential Programs,detox center near me,detox center near me,Exact,https://harborridge.example.test/admissions,UT,24.15,0,Google Ads,System-Observed
TOUCH-000681,,2026-06-01T20:00:25,Paid Search,Google Ads,CMP-1002,Behavioral Health - Non-Brand,Detox Programs,substance abuse treatment options,substance abuse treatment options,Exact,https://harborridge.example.test/admissions,AZ,28.84,0,Google Ads,System-Observed
TOUCH-000682,,2026-06-14T10:12:15,Paid Search,Google Ads,CMP-1005,Family Crisis - Non-Brand,Family Support,family intervention help,family intervention help,Exact,https://harborridge.example.test/admissions,FL,15.47,0,Google Ads,System-Observed
TOUCH-000683,,2026-06-19T20:27:36,Paid Search,Google Ads,CMP-1001,Behavioral Health - Brand,Family Support,behavioral health treatment near me,behavioral health treatment near me,Exact,https://harborridge.example.test/admissions,AZ,15.56,0,Google Ads,System-Observed
TOUCH-000684,,2026-06-19T19:49:44,Paid Search,Google Ads,CMP-1004,Residential Treatment - Geo,Detox Programs,substance abuse treatment options,substance abuse treatment options,Broad,https://harborridge.example.test/admissions,CO,43.13,0,Google Ads,System-Observed
TOUCH-000685,,2026-06-01T13:53:04,Paid Search,Google Ads,CMP-1004,Residential Treatment - Geo,Admissions,inpatient mental health treatment,inpatient mental health treatment,Phrase,https://harborridge.example.test/admissions,NY,25.39,0,Google Ads,System-Observed
TOUCH-000686,,2026-06-28T17:57:33,Paid Search,Google Ads,CMP-1003,Detox Near Me - Geo,Admissions,inpatient mental health treatment,inpatient mental health treatment,Broad,https://harborridge.example.test/admissions,CO,20.85,0,Google Ads,System-Observed
TOUCH-000687,,2026-06-15T20:52:38,Paid Search,Google Ads,CMP-1003,Detox Near Me - Geo,Family Support,inpatient mental health treatment,inpatient mental health treatment,Exact,https://harborridge.example.test/admissions,WA,45.41,0,Google Ads,System-Observed
TOUCH-000688,,2026-06-18T20:18:58,Paid Search,Google Ads,CMP-1004,Residential Treatment - Geo,Residential Programs,detox center near me,detox center near me,Broad,https://harborridge.example.test/admissions,WA,22.66,0,Google Ads,System-Observed
TOUCH-000689,,2026-06-08T13:21:00,Paid Search,Google Ads,CMP-1004,Residential Treatment - Geo,Family Support,family intervention help,family intervention help,Exact,https://harborridge.example.test/admissions,OR,41.34,0,Google Ads,System-Observed
TOUCH-000690,,2026-06-14T14:16:44,Paid Search,Google Ads,CMP-1003,Detox Near Me - Geo,Admissions,inpatient mental health treatment,inpatient mental health treatment,Phrase,https://harborridge.example.test/admissions,NV,18.62,0,Google Ads,System-Observed
TOUCH-000691,,2026-06-04T12:18:30,Paid Search,Google Ads,CMP-1003,Detox Near Me - Geo,Admissions,substance abuse treatment options,substance abuse treatment options,Exact,https://harborridge.example.test/admissions,NY,18.19,0,Google Ads,System-Observed
TOUCH-000692,,2026-06-27T10:36:50,Paid Search,Google Ads,CMP-1001,Behavioral Health - Brand,Family Support,detox center near me,detox center near me,Exact,https://harborridge.example.test/admissions,UT,22.5,0,Google Ads,System-Observed
TOUCH-000693,,2026-06-10T20:47:37,Paid Search,Google Ads,CMP-1003,Detox Near Me - Geo,Admissions,substance abuse treatment options,substance abuse treatment options,Exact,https://harborridge.example.test/admissions,TX,14.74,0,Google Ads,System-Observed
TOUCH-000694,,2026-06-09T14:01:53,Paid Search,Google Ads,CMP-1002,Behavioral Health - Non-Brand,Residential Programs,substance abuse treatment options,substance abuse treatment options,Phrase,https://harborridge.example.test/admissions,FL,15.15,0,Google Ads,System-Observed
TOUCH-000695,,2026-06-18T08:49:41,Paid Search,Google Ads,CMP-1004,Residential Treatment - Geo,Residential Programs,inpatient mental health treatment,inpatient mental health treatment,Exact,https://harborridge.example.test/admissions,AZ,41.17,0,Google Ads,System-Observed
TOUCH-000696,,2026-06-18T11:19:10,Paid Search,Google Ads,CMP-1003,Detox Near Me - Geo,Family Support,family intervention help,family intervention help,Exact,https://harborridge.example.test/admissions,WA,38.68,0,Google Ads,System-Observed
TOUCH-000697,,2026-06-14T11:08:23,Paid Search,Google Ads,CMP-1005,Family Crisis - Non-Brand,Residential Programs,behavioral health treatment near me,behavioral health treatment near me,Broad,https://harborridge.example.test/admissions,CA,36.16,0,Google Ads,System-Observed
TOUCH-000698,,2026-06-30T18:10:01,Paid Search,Google Ads,CMP-1002,Behavioral Health - Non-Brand,Residential Programs,substance abuse treatment options,substance abuse treatment options,Phrase,https://harborridge.example.test/admissions,FL,37.71,0,Google Ads,System-Observed
TOUCH-000699,,2026-06-14T18:10:01,Paid Search,Google Ads,CMP-1004,Residential Treatment - Geo,Detox Programs,family intervention help,family intervention help,Broad,https://harborridge.example.test/admissions,NY,14.75,0,Google Ads,System-Observed
TOUCH-000700,,2026-06-28T19:00:41,Paid Search,Google Ads,CMP-1004,Residential Treatment - Geo,Admissions,family intervention help,family intervention help,Phrase,https://harborridge.example.test/admissions,NV,41.62,0,Google Ads,System-Observed
TOUCH-000701,,2026-06-11T07:41:36,Paid Search,Google Ads,CMP-1004,Residential Treatment - Geo,Detox Programs,substance abuse treatment options,substance abuse treatment options,Exact,https://harborridge.example.test/admissions,NY,39.08,0,Google Ads,System-Observed
TOUCH-000702,,2026-06-13T10:52:28,Paid Search,Google Ads,CMP-1005,Family Crisis - Non-Brand,Family Support,substance abuse treatment options,substance abuse treatment options,Broad,https://harborridge.example.test/admissions,TX,29.86,0,Google Ads,System-Observed
TOUCH-000703,,2026-06-30T10:46:30,Paid Search,Google Ads,CMP-1002,Behavioral Health - Non-Brand,Admissions,inpatient mental health treatment,inpatient mental health treatment,Phrase,https://harborridge.example.test/admissions,WA,22.22,0,Google Ads,System-Observed
TOUCH-000704,,2026-06-14T13:58:24,Paid Search,Google Ads,CMP-1003,Detox Near Me - Geo,Residential Programs,residential treatment center,residential treatment center,Phrase,https://harborridge.example.test/admissions,OR,34.35,0,Google Ads,System-Observed
TOUCH-000705,,2026-06-03T20:48:10,Paid Search,Google Ads,CMP-1003,Detox Near Me - Geo,Detox Programs,family intervention help,family intervention help,Phrase,https://harborridge.example.test/admissions,OR,23.0,0,Google Ads,System-Observed
TOUCH-000706,,2026-06-11T10:15:35,Paid Search,Google Ads,CMP-1001,Behavioral Health - Brand,Residential Programs,residential treatment center,residential treatment center,Exact,https://harborridge.example.test/admissions,NV,34.88,0,Google Ads,System-Observed
TOUCH-000707,,2026-06-19T09:14:21,Paid Search,Google Ads,CMP-1003,Detox Near Me - Geo,Admissions,residential treatment center,residential treatment center,Broad,https://harborridge.example.test/admissions,OR,27.47,0,Google Ads,System-Observed
TOUCH-000708,,2026-06-17T20:33:45,Paid Search,Google Ads,CMP-1002,Behavioral Health - Non-Brand,Detox Programs,substance abuse treatment options,substance abuse treatment options,Broad,https://harborridge.example.test/admissions,FL,22.01,0,Google Ads,System-Observed
TOUCH-000709,,2026-06-15T11:15:18,Paid Search,Google Ads,CMP-1002,Behavioral Health - Non-Brand,Detox Programs,detox center near me,detox center near me,Exact,https://harborridge.example.test/admissions,WA,26.64,0,Google Ads,System-Observed
TOUCH-000710,,2026-06-25T14:40:03,Paid Search,Google Ads,CMP-1003,Detox Near Me - Geo,Admissions,family intervention help,family intervention help,Broad,https://harborridge.example.test/admissions,WA,40.59,0,Google Ads,System-Observed
TOUCH-000711,,2026-06-01T12:24:59,Paid Search,Google Ads,CMP-1004,Residential Treatment - Geo,Detox Programs,inpatient mental health treatment,inpatient mental health treatment,Exact,https://harborridge.example.test/admissions,UT,27.17,0,Google Ads,System-Observed
TOUCH-000712,,2026-06-05T09:35:59,Paid Search,Google Ads,CMP-1005,Family Crisis - Non-Brand,Residential Programs,residential treatment center,residential treatment center,Broad,https://harborridge.example.test/admissions,TX,44.88,0,Google Ads,System-Observed
TOUCH-000713,,2026-06-08T14:22:23,Paid Search,Google Ads,CMP-1003,Detox Near Me - Geo,Family Support,inpatient mental health treatment,inpatient mental health treatment,Exact,https://harborridge.example.test/admissions,FL,27.24,0,Google Ads,System-Observed
TOUCH-000714,,2026-06-05T11:14:19,Paid Search,Google Ads,CMP-1001,Behavioral Health - Brand,Admissions,behavioral health treatment near me,behavioral health treatment near me,Exact,https://harborridge.example.test/admissions,NV,33.4,0,Google Ads,System-Observed
TOUCH-000715,,2026-06-20T19:19:29,Paid Search,Google Ads,CMP-1005,Family Crisis - Non-Brand,Admissions,inpatient mental health treatment,inpatient mental health treatment,Broad,https://harborridge.example.test/admissions,OR,30.3,0,Google Ads,System-Observed
TOUCH-000716,,2026-06-11T08:44:10,Paid Search,Google Ads,CMP-1003,Detox Near Me - Geo,Residential Programs,inpatient mental health treatment,inpatient mental health treatment,Exact,https://harborridge.example.test/admissions,OR,21.12,0,Google Ads,System-Observed
TOUCH-000717,,2026-06-10T07:38:09,Paid Search,Google Ads,CMP-1002,Behavioral Health - Non-Brand,Family Support,detox center near me,detox center near me,Exact,https://harborridge.example.test/admissions,UT,27.25,0,Google Ads,System-Observed
TOUCH-000718,,2026-06-09T19:45:44,Paid Search,Google Ads,CMP-1005,Family Crisis - Non-Brand,Detox Programs,family intervention help,family intervention help,Phrase,https://harborridge.example.test/admissions,TX,26.78,0,Google Ads,System-Observed
TOUCH-000719,,2026-06-01T09:36:02,Paid Search,Google Ads,CMP-1005,Family Crisis - Non-Brand,Family Support,residential treatment center,residential treatment center,Broad,https://harborridge.example.test/admissions,TX,41.98,0,Google Ads,System-Observed
TOUCH-000720,,2026-06-12T16:10:33,Paid Search,Google Ads,CMP-1005,Family Crisis - Non-Brand,Detox Programs,family intervention help,family intervention help,Broad,https://harborridge.example.test/admissions,CO,21.95,0,Google Ads,System-Observed
TOUCH-000721,,2026-06-14T15:09:16,Paid Search,Google Ads,CMP-1005,Family Crisis - Non-Brand,Family Support,behavioral health treatment near me,behavioral health treatment near me,Phrase,https://harborridge.example.test/admissions,TX,26.79,0,Google Ads,System-Observed
TOUCH-000722,,2026-06-29T16:37:08,Paid Search,Google Ads,CMP-1002,Behavioral Health - Non-Brand,Residential Programs,residential treatment center,residential treatment center,Exact,https://harborridge.example.test/admissions,FL,15.8,0,Google Ads,System-Observed
TOUCH-000723,,2026-06-10T12:50:55,Paid Search,Google Ads,CMP-1003,Detox Near Me - Geo,Family Support,substance abuse treatment options,substance abuse treatment options,Broad,https://harborridge.example.test/admissions,OR,35.14,0,Google Ads,System-Observed
TOUCH-000724,,2026-06-02T17:46:40,Paid Search,Google Ads,CMP-1001,Behavioral Health - Brand,Admissions,family intervention help,family intervention help,Exact,https://harborridge.example.test/admissions,NV,20.71,0,Google Ads,System-Observed
TOUCH-000725,,2026-06-09T12:12:26,Paid Search,Google Ads,CMP-1002,Behavioral Health - Non-Brand,Family Support,residential treatment center,residential treatment center,Exact,https://harborridge.example.test/admissions,NV,37.27,0,Google Ads,System-Observed
TOUCH-000726,,2026-06-11T17:29:28,Paid Search,Google Ads,CMP-1005,Family Crisis - Non-Brand,Admissions,family intervention help,family intervention help,Phrase,https://harborridge.example.test/admissions,UT,36.39,0,Google Ads,System-Observed
TOUCH-000727,,2026-06-26T08:03:10,Paid Search,Google Ads,CMP-1004,Residential Treatment - Geo,Residential Programs,family intervention help,family intervention help,Exact,https://harborridge.example.test/admissions,AZ,28.61,0,Google Ads,System-Observed
TOUCH-000728,,2026-06-21T07:15:36,Paid Search,Google Ads,CMP-1005,Family Crisis - Non-Brand,Family Support,family intervention help,family intervention help,Phrase,https://harborridge.example.test/admissions,TX,31.03,0,Google Ads,System-Observed
TOUCH-000729,,2026-06-22T15:17:02,Paid Search,Google Ads,CMP-1005,Family Crisis - Non-Brand,Family Support,detox center near me,detox center near me,Exact,https://harborridge.example.test/admissions,CA,41.56,0,Google Ads,System-Observed
TOUCH-000730,,2026-06-23T13:55:16,Paid Search,Google Ads,CMP-1004,Residential Treatment - Geo,Admissions,detox center near me,detox center near me,Phrase,https://harborridge.example.test/admissions,FL,39.52,0,Google Ads,System-Observed
TOUCH-000731,,2026-06-05T12:20:58,Paid Search,Google Ads,CMP-1001,Behavioral Health - Brand,Admissions,inpatient mental health treatment,inpatient mental health treatment,Exact,https://harborridge.example.test/admissions,OR,20.28,0,Google Ads,System-Observed
TOUCH-000732,,2026-06-16T10:47:24,Paid Search,Google Ads,CMP-1003,Detox Near Me - Geo,Detox Programs,behavioral health treatment near me,behavioral health treatment near me,Exact,https://harborridge.example.test/admissions,UT,15.0,0,Google Ads,System-Observed
TOUCH-000733,,2026-06-10T10:44:23,Paid Search,Google Ads,CMP-1002,Behavioral Health - Non-Brand,Admissions,behavioral health treatment near me,behavioral health treatment near me,Broad,https://harborridge.example.test/admissions,NY,19.74,0,Google Ads,System-Observed
TOUCH-000734,,2026-06-19T15:38:28,Paid Search,Google Ads,CMP-1004,Residential Treatment - Geo,Residential Programs,detox center near me,detox center near me,Exact,https://harborridge.example.test/admissions,NY,29.55,0,Google Ads,System-Observed
TOUCH-000735,,2026-06-30T08:47:19,Paid Search,Google Ads,CMP-1003,Detox Near Me - Geo,Family Support,residential treatment center,residential treatment center,Exact,https://harborridge.example.test/admissions,AZ,21.17,0,Google Ads,System-Observed
TOUCH-000736,,2026-06-28T08:46:36,Paid Search,Google Ads,CMP-1002,Behavioral Health - Non-Brand,Admissions,family intervention help,family intervention help,Phrase,https://harborridge.example.test/admissions,TX,30.02,0,Google Ads,System-Observed
TOUCH-000737,,2026-06-24T17:22:19,Paid Search,Google Ads,CMP-1003,Detox Near Me - Geo,Admissions,substance abuse treatment options,substance abuse treatment options,Phrase,https://harborridge.example.test/admissions,FL,23.73,0,Google Ads,System-Observed
TOUCH-000738,,2026-06-23T19:16:28,Paid Search,Google Ads,CMP-1003,Detox Near Me - Geo,Admissions,family intervention help,family intervention help,Phrase,https://harborridge.example.test/admissions,WA,30.22,0,Google Ads,System-Observed
TOUCH-000739,,2026-06-29T16:47:01,Paid Search,Google Ads,CMP-1002,Behavioral Health - Non-Brand,Residential Programs,inpatient mental health treatment,inpatient mental health treatment,Broad,https://harborridge.example.test/admissions,CA,25.37,0,Google Ads,System-Observed
TOUCH-000740,,2026-06-08T20:27:20,Paid Search,Google Ads,CMP-1005,Family Crisis - Non-Brand,Family Support,detox center near me,detox center near me,Broad,https://harborridge.example.test/admissions,CO,33.2,0,Google Ads,System-Observed
TOUCH-000741,,2026-06-21T13:45:22,Paid Search,Google Ads,CMP-1002,Behavioral Health - Non-Brand,Family Support,detox center near me,detox center near me,Broad,https://harborridge.example.test/admissions,CO,18.4,0,Google Ads,System-Observed
TOUCH-000742,,2026-06-15T11:54:04,Paid Search,Google Ads,CMP-1002,Behavioral Health - Non-Brand,Family Support,family intervention help,family intervention help,Exact,https://harborridge.example.test/admissions,CO,20.21,0,Google Ads,System-Observed
TOUCH-000743,,2026-06-06T14:26:53,Paid Search,Google Ads,CMP-1002,Behavioral Health - Non-Brand,Residential Programs,behavioral health treatment near me,behavioral health treatment near me,Exact,https://harborridge.example.test/admissions,UT,34.42,0,Google Ads,System-Observed
TOUCH-000744,,2026-06-05T07:16:34,Paid Search,Google Ads,CMP-1002,Behavioral Health - Non-Brand,Family Support,family intervention help,family intervention help,Phrase,https://harborridge.example.test/admissions,FL,16.82,0,Google Ads,System-Observed
TOUCH-000745,,2026-06-19T10:07:30,Paid Search,Google Ads,CMP-1003,Detox Near Me - Geo,Detox Programs,substance abuse treatment options,substance abuse treatment options,Broad,https://harborridge.example.test/admissions,WA,15.51,0,Google Ads,System-Observed
TOUCH-000746,,2026-06-02T16:01:05,Paid Search,Google Ads,CMP-1003,Detox Near Me - Geo,Residential Programs,family intervention help,family intervention help,Broad,https://harborridge.example.test/admissions,NV,32.05,0,Google Ads,System-Observed
TOUCH-000747,,2026-06-08T20:46:09,Paid Search,Google Ads,CMP-1002,Behavioral Health - Non-Brand,Residential Programs,inpatient mental health treatment,inpatient mental health treatment,Exact,https://harborridge.example.test/admissions,WA,35.49,0,Google Ads,System-Observed
TOUCH-000748,,2026-06-11T19:23:21,Paid Search,Google Ads,CMP-1005,Family Crisis - Non-Brand,Family Support,detox center near me,detox center near me,Broad,https://harborridge.example.test/admissions,FL,29.66,0,Google Ads,System-Observed
TOUCH-000749,,2026-06-29T07:13:20,Paid Search,Google Ads,CMP-1001,Behavioral Health - Brand,Detox Programs,family intervention help,family intervention help,Exact,https://harborridge.example.test/admissions,FL,36.39,0,Google Ads,System-Observed
TOUCH-000750,,2026-06-23T11:01:10,Paid Search,Google Ads,CMP-1005,Family Crisis - Non-Brand,Residential Programs,behavioral health treatment near me,behavioral health treatment near me,Exact,https://harborridge.example.test/admissions,WA,26.58,0,Google Ads,System-Observed
TOUCH-000751,,2026-06-01T07:01:15,Paid Search,Google Ads,CMP-1005,Family Crisis - Non-Brand,Family Support,residential treatment center,residential treatment center,Broad,https://harborridge.example.test/admissions,NV,16.34,0,Google Ads,System-Observed
TOUCH-000752,,2026-06-27T20:01:42,Paid Search,Google Ads,CMP-1005,Family Crisis - Non-Brand,Residential Programs,substance abuse treatment options,substance abuse treatment options,Broad,https://harborridge.example.test/admissions,UT,47.22,0,Google Ads,System-Observed
TOUCH-000753,,2026-06-17T07:36:24,Paid Search,Google Ads,CMP-1005,Family Crisis - Non-Brand,Family Support,detox center near me,detox center near me,Exact,https://harborridge.example.test/admissions,FL,42.35,0,Google Ads,System-Observed
TOUCH-000754,,2026-06-28T08:32:01,Paid Search,Google Ads,CMP-1002,Behavioral Health - Non-Brand,Family Support,family intervention help,family intervention help,Phrase,https://harborridge.example.test/admissions,TX,39.42,0,Google Ads,System-Observed
TOUCH-000755,,2026-06-21T16:26:01,Paid Search,Google Ads,CMP-1002,Behavioral Health - Non-Brand,Residential Programs,behavioral health treatment near me,behavioral health treatment near me,Exact,https://harborridge.example.test/admissions,NV,34.53,0,Google Ads,System-Observed
TOUCH-000756,,2026-06-18T19:44:25,Paid Search,Google Ads,CMP-1003,Detox Near Me - Geo,Family Support,residential treatment center,residential treatment center,Broad,https://harborridge.example.test/admissions,TX,24.75,0,Google Ads,System-Observed
TOUCH-000757,,2026-06-27T10:15:38,Paid Search,Google Ads,CMP-1005,Family Crisis - Non-Brand,Family Support,detox center near me,detox center near me,Exact,https://harborridge.example.test/admissions,TX,41.49,0,Google Ads,System-Observed
TOUCH-000758,,2026-06-23T19:55:33,Paid Search,Google Ads,CMP-1003,Detox Near Me - Geo,Family Support,substance abuse treatment options,substance abuse treatment options,Phrase,https://harborridge.example.test/admissions,AZ,38.48,0,Google Ads,System-Observed
TOUCH-000759,,2026-06-24T07:41:18,Paid Search,Google Ads,CMP-1005,Family Crisis - Non-Brand,Detox Programs,behavioral health treatment near me,behavioral health treatment near me,Broad,https://harborridge.example.test/admissions,NV,28.86,0,Google Ads,System-Observed
TOUCH-000760,,2026-06-30T12:08:13,Paid Search,Google Ads,CMP-1004,Residential Treatment - Geo,Family Support,behavioral health treatment near me,behavioral health treatment near me,Phrase,https://harborridge.example.test/admissions,NY,29.62,0,Google Ads,System-Observed
TOUCH-000761,,2026-06-06T10:40:21,Paid Search,Google Ads,CMP-1001,Behavioral Health - Brand,Detox Programs,family intervention help,family intervention help,Exact,https://harborridge.example.test/admissions,NV,29.94,0,Google Ads,System-Observed
TOUCH-000762,,2026-06-20T13:24:09,Paid Search,Google Ads,CMP-1001,Behavioral Health - Brand,Family Support,inpatient mental health treatment,inpatient mental health treatment,Broad,https://harborridge.example.test/admissions,UT,33.67,0,Google Ads,System-Observed
TOUCH-000763,,2026-06-27T12:43:18,Paid Search,Google Ads,CMP-1005,Family Crisis - Non-Brand,Detox Programs,family intervention help,family intervention help,Phrase,https://harborridge.example.test/admissions,CA,22.65,0,Google Ads,System-Observed
TOUCH-000764,,2026-06-11T17:06:24,Paid Search,Google Ads,CMP-1005,Family Crisis - Non-Brand,Residential Programs,behavioral health treatment near me,behavioral health treatment near me,Broad,https://harborridge.example.test/admissions,OR,25.26,0,Google Ads,System-Observed
TOUCH-000765,,2026-06-08T19:42:34,Paid Search,Google Ads,CMP-1002,Behavioral Health - Non-Brand,Family Support,behavioral health treatment near me,behavioral health treatment near me,Phrase,https://harborridge.example.test/admissions,UT,35.36,0,Google Ads,System-Observed
TOUCH-000766,,2026-06-04T14:07:27,Paid Search,Google Ads,CMP-1001,Behavioral Health - Brand,Residential Programs,family intervention help,family intervention help,Broad,https://harborridge.example.test/admissions,TX,16.02,0,Google Ads,System-Observed
TOUCH-000767,,2026-06-21T12:54:27,Paid Search,Google Ads,CMP-1002,Behavioral Health - Non-Brand,Residential Programs,family intervention help,family intervention help,Broad,https://harborridge.example.test/admissions,WA,27.23,0,Google Ads,System-Observed
TOUCH-000768,,2026-06-07T11:11:20,Paid Search,Google Ads,CMP-1004,Residential Treatment - Geo,Residential Programs,substance abuse treatment options,substance abuse treatment options,Broad,https://harborridge.example.test/admissions,AZ,21.04,0,Google Ads,System-Observed
TOUCH-000769,,2026-06-07T16:04:24,Paid Search,Google Ads,CMP-1001,Behavioral Health - Brand,Admissions,residential treatment center,residential treatment center,Broad,https://harborridge.example.test/admissions,UT,21.25,0,Google Ads,System-Observed
TOUCH-000770,,2026-06-24T19:14:00,Paid Search,Google Ads,CMP-1001,Behavioral Health - Brand,Residential Programs,residential treatment center,residential treatment center,Broad,https://harborridge.example.test/admissions,NV,28.62,0,Google Ads,System-Observed
TOUCH-000771,,2026-06-01T14:31:06,Paid Search,Google Ads,CMP-1005,Family Crisis - Non-Brand,Admissions,residential treatment center,residential treatment center,Exact,https://harborridge.example.test/admissions,AZ,15.68,0,Google Ads,System-Observed
TOUCH-000772,,2026-06-09T17:49:44,Paid Search,Google Ads,CMP-1003,Detox Near Me - Geo,Admissions,detox center near me,detox center near me,Exact,https://harborridge.example.test/admissions,UT,44.64,0,Google Ads,System-Observed
TOUCH-000773,,2026-06-30T11:05:58,Paid Search,Google Ads,CMP-1003,Detox Near Me - Geo,Detox Programs,substance abuse treatment options,substance abuse treatment options,Phrase,https://harborridge.example.test/admissions,TX,45.71,0,Google Ads,System-Observed
TOUCH-000774,,2026-06-23T15:18:12,Paid Search,Google Ads,CMP-1005,Family Crisis - Non-Brand,Family Support,behavioral health treatment near me,behavioral health treatment near me,Phrase,https://harborridge.example.test/admissions,UT,46.41,0,Google Ads,System-Observed
TOUCH-000775,,2026-06-10T07:05:16,Paid Search,Google Ads,CMP-1004,Residential Treatment - Geo,Detox Programs,inpatient mental health treatment,inpatient mental health treatment,Broad,https://harborridge.example.test/admissions,NV,24.76,0,Google Ads,System-Observed
TOUCH-000776,,2026-06-05T09:45:57,Paid Search,Google Ads,CMP-1005,Family Crisis - Non-Brand,Family Support,inpatient mental health treatment,inpatient mental health treatment,Broad,https://harborridge.example.test/admissions,OR,22.91,0,Google Ads,System-Observed
TOUCH-000777,,2026-06-07T20:08:43,Paid Search,Google Ads,CMP-1002,Behavioral Health - Non-Brand,Admissions,inpatient mental health treatment,inpatient mental health treatment,Broad,https://harborridge.example.test/admissions,AZ,31.64,0,Google Ads,System-Observed
TOUCH-000778,,2026-06-26T08:12:27,Paid Search,Google Ads,CMP-1005,Family Crisis - Non-Brand,Detox Programs,substance abuse treatment options,substance abuse treatment options,Exact,https://harborridge.example.test/admissions,TX,35.48,0,Google Ads,System-Observed
TOUCH-000779,,2026-06-30T07:02:13,Paid Search,Google Ads,CMP-1003,Detox Near Me - Geo,Admissions,inpatient mental health treatment,inpatient mental health treatment,Phrase,https://harborridge.example.test/admissions,NY,34.23,0,Google Ads,System-Observed
TOUCH-000780,,2026-06-16T19:28:09,Paid Search,Google Ads,CMP-1005,Family Crisis - Non-Brand,Family Support,family intervention help,family intervention help,Broad,https://harborridge.example.test/admissions,UT,36.1,0,Google Ads,System-Observed
TOUCH-000781,,2026-06-14T16:05:45,Paid Search,Google Ads,CMP-1003,Detox Near Me - Geo,Detox Programs,detox center near me,detox center near me,Phrase,https://harborridge.example.test/admissions,TX,18.51,0,Google Ads,System-Observed
TOUCH-000782,,2026-06-29T16:47:41,Paid Search,Google Ads,CMP-1003,Detox Near Me - Geo,Residential Programs,residential treatment center,residential treatment center,Phrase,https://harborridge.example.test/admissions,OR,30.03,0,Google Ads,System-Observed
TOUCH-000783,,2026-06-27T18:37:00,Paid Search,Google Ads,CMP-1001,Behavioral Health - Brand,Detox Programs,detox center near me,detox center near me,Phrase,https://harborridge.example.test/admissions,NV,31.67,0,Google Ads,System-Observed
TOUCH-000784,,2026-06-07T13:33:08,Paid Search,Google Ads,CMP-1005,Family Crisis - Non-Brand,Detox Programs,behavioral health treatment near me,behavioral health treatment near me,Broad,https://harborridge.example.test/admissions,WA,19.34,0,Google Ads,System-Observed
TOUCH-000785,,2026-06-23T11:29:29,Paid Search,Google Ads,CMP-1005,Family Crisis - Non-Brand,Detox Programs,family intervention help,family intervention help,Phrase,https://harborridge.example.test/admissions,CA,32.99,0,Google Ads,System-Observed
TOUCH-000786,,2026-06-24T18:40:13,Paid Search,Google Ads,CMP-1005,Family Crisis - Non-Brand,Admissions,substance abuse treatment options,substance abuse treatment options,Exact,https://harborridge.example.test/admissions,CA,41.97,0,Google Ads,System-Observed
TOUCH-000787,,2026-06-04T11:41:51,Paid Search,Google Ads,CMP-1005,Family Crisis - Non-Brand,Detox Programs,detox center near me,detox center near me,Broad,https://harborridge.example.test/admissions,WA,29.1,0,Google Ads,System-Observed
TOUCH-000788,,2026-06-05T16:48:15,Paid Search,Google Ads,CMP-1002,Behavioral Health - Non-Brand,Detox Programs,behavioral health treatment near me,behavioral health treatment near me,Exact,https://harborridge.example.test/admissions,AZ,34.47,0,Google Ads,System-Observed
TOUCH-000789,,2026-06-25T11:20:30,Paid Search,Google Ads,CMP-1004,Residential Treatment - Geo,Residential Programs,inpatient mental health treatment,inpatient mental health treatment,Exact,https://harborridge.example.test/admissions,NV,28.75,0,Google Ads,System-Observed
TOUCH-000790,,2026-06-08T11:12:03,Paid Search,Google Ads,CMP-1003,Detox Near Me - Geo,Residential Programs,behavioral health treatment near me,behavioral health treatment near me,Exact,https://harborridge.example.test/admissions,WA,47.1,0,Google Ads,System-Observed
TOUCH-000791,,2026-06-24T18:25:53,Paid Search,Google Ads,CMP-1003,Detox Near Me - Geo,Admissions,substance abuse treatment options,substance abuse treatment options,Exact,https://harborridge.example.test/admissions,CA,46.99,0,Google Ads,System-Observed
TOUCH-000792,,2026-06-14T10:37:14,Paid Search,Google Ads,CMP-1001,Behavioral Health - Brand,Family Support,detox center near me,detox center near me,Phrase,https://harborridge.example.test/admissions,FL,30.85,0,Google Ads,System-Observed
TOUCH-000793,,2026-06-17T20:08:46,Paid Search,Google Ads,CMP-1005,Family Crisis - Non-Brand,Admissions,behavioral health treatment near me,behavioral health treatment near me,Phrase,https://harborridge.example.test/admissions,UT,31.99,0,Google Ads,System-Observed
TOUCH-000794,,2026-06-11T11:29:09,Paid Search,Google Ads,CMP-1005,Family Crisis - Non-Brand,Detox Programs,substance abuse treatment options,substance abuse treatment options,Broad,https://harborridge.example.test/admissions,AZ,20.2,0,Google Ads,System-Observed
TOUCH-000795,,2026-06-13T10:30:31,Paid Search,Google Ads,CMP-1002,Behavioral Health - Non-Brand,Family Support,behavioral health treatment near me,behavioral health treatment near me,Exact,https://harborridge.example.test/admissions,AZ,36.23,0,Google Ads,System-Observed
TOUCH-000796,,2026-06-05T15:01:40,Paid Search,Google Ads,CMP-1001,Behavioral Health - Brand,Residential Programs,residential treatment center,residential treatment center,Broad,https://harborridge.example.test/admissions,NY,39.16,0,Google Ads,System-Observed
TOUCH-000797,,2026-06-29T17:40:16,Paid Search,Google Ads,CMP-1002,Behavioral Health - Non-Brand,Family Support,substance abuse treatment options,substance abuse treatment options,Phrase,https://harborridge.example.test/admissions,OR,27.63,0,Google Ads,System-Observed
TOUCH-000798,,2026-06-14T19:17:53,Paid Search,Google Ads,CMP-1003,Detox Near Me - Geo,Detox Programs,residential treatment center,residential treatment center,Broad,https://harborridge.example.test/admissions,AZ,38.35,0,Google Ads,System-Observed
TOUCH-000799,,2026-06-12T16:07:34,Paid Search,Google Ads,CMP-1005,Family Crisis - Non-Brand,Admissions,substance abuse treatment options,substance abuse treatment options,Broad,https://harborridge.example.test/admissions,TX,20.49,0,Google Ads,System-Observed
TOUCH-000800,,2026-06-05T12:17:41,Paid Search,Google Ads,CMP-1004,Residential Treatment - Geo,Admissions,detox center near me,detox center near me,Phrase,https://harborridge.example.test/admissions,TX,17.38,0,Google Ads,System-Observed
TOUCH-000801,,2026-06-22T15:59:39,Paid Search,Google Ads,CMP-1002,Behavioral Health - Non-Brand,Admissions,detox center near me,detox center near me,Phrase,https://harborridge.example.test/admissions,CA,18.66,0,Google Ads,System-Observed
TOUCH-000802,,2026-06-07T07:11:38,Paid Search,Google Ads,CMP-1005,Family Crisis - Non-Brand,Admissions,inpatient mental health treatment,inpatient mental health treatment,Broad,https://harborridge.example.test/admissions,AZ,20.76,0,Google Ads,System-Observed
TOUCH-000803,,2026-06-01T17:58:30,Paid Search,Google Ads,CMP-1005,Family Crisis - Non-Brand,Family Support,detox center near me,detox center near me,Exact,https://harborridge.example.test/admissions,TX,21.22,0,Google Ads,System-Observed
TOUCH-000804,,2026-06-25T16:06:39,Paid Search,Google Ads,CMP-1004,Residential Treatment - Geo,Detox Programs,detox center near me,detox center near me,Phrase,https://harborridge.example.test/admissions,NV,27.98,0,Google Ads,System-Observed
TOUCH-000805,,2026-06-03T11:19:26,Paid Search,Google Ads,CMP-1003,Detox Near Me - Geo,Family Support,detox center near me,detox center near me,Phrase,https://harborridge.example.test/admissions,AZ,29.14,0,Google Ads,System-Observed
TOUCH-000806,,2026-06-16T13:29:32,Paid Search,Google Ads,CMP-1004,Residential Treatment - Geo,Detox Programs,detox center near me,detox center near me,Phrase,https://harborridge.example.test/admissions,UT,23.01,0,Google Ads,System-Observed
TOUCH-000807,,2026-06-23T17:38:49,Paid Search,Microsoft Ads,CMP-2001,Behavioral Health - Brand (Bing),Residential Programs,inpatient mental health treatment,inpatient mental health treatment,Phrase,https://harborridge.example.test/admissions,NY,19.38,0,Microsoft Ads,System-Observed
TOUCH-000808,,2026-06-22T16:47:18,Paid Search,Microsoft Ads,CMP-2001,Behavioral Health - Brand (Bing),Family Support,substance abuse treatment options,substance abuse treatment options,Phrase,https://harborridge.example.test/admissions,OR,21.26,0,Microsoft Ads,System-Observed
TOUCH-000809,,2026-06-17T16:36:01,Paid Search,Microsoft Ads,CMP-2002,Residential Treatment - Geo (Bing),Residential Programs,residential treatment center,residential treatment center,Phrase,https://harborridge.example.test/admissions,UT,18.18,0,Microsoft Ads,System-Observed
TOUCH-000810,,2026-06-13T20:57:22,Paid Search,Microsoft Ads,CMP-2001,Behavioral Health - Brand (Bing),Family Support,inpatient mental health treatment,inpatient mental health treatment,Exact,https://harborridge.example.test/admissions,UT,26.95,0,Microsoft Ads,System-Observed
TOUCH-000811,,2026-06-18T14:43:45,Paid Search,Microsoft Ads,CMP-2001,Behavioral Health - Brand (Bing),Family Support,inpatient mental health treatment,inpatient mental health treatment,Broad,https://harborridge.example.test/admissions,OR,22.46,0,Microsoft Ads,System-Observed
TOUCH-000812,,2026-06-13T09:43:06,Paid Search,Microsoft Ads,CMP-2002,Residential Treatment - Geo (Bing),Detox Programs,family intervention help,family intervention help,Phrase,https://harborridge.example.test/admissions,CA,23.46,0,Microsoft Ads,System-Observed
TOUCH-000813,,2026-06-05T17:09:00,Paid Search,Microsoft Ads,CMP-2001,Behavioral Health - Brand (Bing),Family Support,family intervention help,family intervention help,Exact,https://harborridge.example.test/admissions,NY,25.83,0,Microsoft Ads,System-Observed
TOUCH-000814,,2026-06-23T15:33:03,Paid Search,Microsoft Ads,CMP-2002,Residential Treatment - Geo (Bing),Admissions,family intervention help,family intervention help,Phrase,https://harborridge.example.test/admissions,NV,29.98,0,Microsoft Ads,System-Observed
TOUCH-000815,,2026-06-13T18:11:04,Paid Search,Microsoft Ads,CMP-2002,Residential Treatment - Geo (Bing),Admissions,family intervention help,family intervention help,Phrase,https://harborridge.example.test/admissions,OR,13.96,0,Microsoft Ads,System-Observed
TOUCH-000816,,2026-06-16T16:01:19,Paid Search,Microsoft Ads,CMP-2001,Behavioral Health - Brand (Bing),Family Support,residential treatment center,residential treatment center,Exact,https://harborridge.example.test/admissions,OR,14.47,0,Microsoft Ads,System-Observed
TOUCH-000817,,2026-06-11T13:56:49,Paid Search,Microsoft Ads,CMP-2002,Residential Treatment - Geo (Bing),Residential Programs,detox center near me,detox center near me,Phrase,https://harborridge.example.test/admissions,CA,18.05,0,Microsoft Ads,System-Observed
TOUCH-000818,,2026-06-18T10:03:00,Paid Search,Microsoft Ads,CMP-2002,Residential Treatment - Geo (Bing),Residential Programs,residential treatment center,residential treatment center,Broad,https://harborridge.example.test/admissions,FL,31.91,0,Microsoft Ads,System-Observed
TOUCH-000819,,2026-06-29T15:51:46,Paid Search,Microsoft Ads,CMP-2002,Residential Treatment - Geo (Bing),Detox Programs,behavioral health treatment near me,behavioral health treatment near me,Exact,https://harborridge.example.test/admissions,NY,13.26,0,Microsoft Ads,System-Observed
TOUCH-000820,,2026-06-30T19:16:37,Paid Search,Microsoft Ads,CMP-2002,Residential Treatment - Geo (Bing),Admissions,residential treatment center,residential treatment center,Broad,https://harborridge.example.test/admissions,FL,21.41,0,Microsoft Ads,System-Observed
TOUCH-000821,,2026-06-09T14:41:58,Paid Search,Microsoft Ads,CMP-2002,Residential Treatment - Geo (Bing),Family Support,family intervention help,family intervention help,Broad,https://harborridge.example.test/admissions,OR,9.52,0,Microsoft Ads,System-Observed
TOUCH-000822,,2026-06-18T13:49:23,Paid Search,Microsoft Ads,CMP-2001,Behavioral Health - Brand (Bing),Admissions,residential treatment center,residential treatment center,Phrase,https://harborridge.example.test/admissions,FL,17.53,0,Microsoft Ads,System-Observed
TOUCH-000823,,2026-06-04T18:14:15,Paid Search,Microsoft Ads,CMP-2001,Behavioral Health - Brand (Bing),Residential Programs,inpatient mental health treatment,inpatient mental health treatment,Exact,https://harborridge.example.test/admissions,NY,28.29,0,Microsoft Ads,System-Observed
TOUCH-000824,,2026-06-24T15:21:20,Paid Search,Microsoft Ads,CMP-2001,Behavioral Health - Brand (Bing),Detox Programs,family intervention help,family intervention help,Exact,https://harborridge.example.test/admissions,UT,15.01,0,Microsoft Ads,System-Observed
TOUCH-000825,,2026-06-20T17:21:57,Paid Search,Microsoft Ads,CMP-2001,Behavioral Health - Brand (Bing),Residential Programs,detox center near me,detox center near me,Phrase,https://harborridge.example.test/admissions,FL,27.82,0,Microsoft Ads,System-Observed
TOUCH-000826,,2026-06-16T07:44:18,Paid Search,Microsoft Ads,CMP-2001,Behavioral Health - Brand (Bing),Residential Programs,family intervention help,family intervention help,Phrase,https://harborridge.example.test/admissions,UT,14.57,0,Microsoft Ads,System-Observed
TOUCH-000827,,2026-06-06T12:41:05,Paid Search,Microsoft Ads,CMP-2002,Residential Treatment - Geo (Bing),Family Support,detox center near me,detox center near me,Phrase,https://harborridge.example.test/admissions,AZ,16.22,0,Microsoft Ads,System-Observed
TOUCH-000828,,2026-06-06T10:18:14,Paid Search,Microsoft Ads,CMP-2001,Behavioral Health - Brand (Bing),Detox Programs,behavioral health treatment near me,behavioral health treatment near me,Broad,https://harborridge.example.test/admissions,CO,26.69,0,Microsoft Ads,System-Observed
TOUCH-000829,,2026-06-16T19:02:01,Paid Search,Microsoft Ads,CMP-2002,Residential Treatment - Geo (Bing),Family Support,substance abuse treatment options,substance abuse treatment options,Phrase,https://harborridge.example.test/admissions,CO,9.17,0,Microsoft Ads,System-Observed
TOUCH-000830,,2026-06-29T12:41:47,Paid Search,Microsoft Ads,CMP-2001,Behavioral Health - Brand (Bing),Admissions,residential treatment center,residential treatment center,Exact,https://harborridge.example.test/admissions,TX,22.34,0,Microsoft Ads,System-Observed
TOUCH-000831,,2026-06-04T12:01:40,Paid Social,Meta,CMP-3002,Recovery Journey - Lookalike,Community Awareness,,,,https://harborridge.example.test/family-support,FL,3.23,0,Meta,System-Observed
TOUCH-000832,,2026-06-24T12:00:43,Paid Social,Meta,CMP-3002,Recovery Journey - Lookalike,Community Awareness,,,,https://harborridge.example.test/family-support,NV,6.06,0,Meta,System-Observed
TOUCH-000833,,2026-06-02T13:56:33,Paid Social,Meta,CMP-3001,Family Support Awareness,Community Awareness,,,,https://harborridge.example.test/family-support,CO,3.32,0,Meta,System-Observed
TOUCH-000834,,2026-06-14T12:35:35,Paid Social,Meta,CMP-3001,Family Support Awareness,Community Awareness,,,,https://harborridge.example.test/family-support,UT,8.08,0,Meta,System-Observed
TOUCH-000835,,2026-06-08T12:16:13,Paid Social,Meta,CMP-3003,Local Community Awareness,Community Awareness,,,,https://harborridge.example.test/family-support,CA,11.52,0,Meta,System-Observed
TOUCH-000836,,2026-06-22T16:47:57,Paid Social,Meta,CMP-3002,Recovery Journey - Lookalike,Family Support,,,,https://harborridge.example.test/family-support,TX,5.46,0,Meta,System-Observed
TOUCH-000837,,2026-06-23T12:52:02,Paid Social,Meta,CMP-3002,Recovery Journey - Lookalike,Community Awareness,,,,https://harborridge.example.test/family-support,CO,11.61,0,Meta,System-Observed
TOUCH-000838,,2026-06-27T11:43:13,Paid Social,Meta,CMP-3003,Local Community Awareness,Family Support,,,,https://harborridge.example.test/family-support,NY,7.11,0,Meta,System-Observed
TOUCH-000839,,2026-06-25T12:51:03,Paid Social,Meta,CMP-3002,Recovery Journey - Lookalike,Family Support,,,,https://harborridge.example.test/family-support,NV,5.55,0,Meta,System-Observed
TOUCH-000840,,2026-06-06T07:14:31,Paid Social,Meta,CMP-3001,Family Support Awareness,Community Awareness,,,,https://harborridge.example.test/family-support,OR,3.09,0,Meta,System-Observed
TOUCH-000841,,2026-06-29T18:20:50,Paid Social,Meta,CMP-3003,Local Community Awareness,Community Awareness,,,,https://harborridge.example.test/family-support,OR,11.81,0,Meta,System-Observed
TOUCH-000842,,2026-06-10T12:39:12,Paid Social,Meta,CMP-3001,Family Support Awareness,Family Support,,,,https://harborridge.example.test/family-support,UT,10.64,0,Meta,System-Observed
TOUCH-000843,,2026-06-16T20:27:31,Paid Social,Meta,CMP-3001,Family Support Awareness,Family Support,,,,https://harborridge.example.test/family-support,OR,11.93,0,Meta,System-Observed
TOUCH-000844,,2026-06-07T15:56:32,Paid Social,Meta,CMP-3001,Family Support Awareness,Family Support,,,,https://harborridge.example.test/family-support,NV,14.1,0,Meta,System-Observed
TOUCH-000845,,2026-06-10T14:47:34,Paid Social,Meta,CMP-3001,Family Support Awareness,Family Support,,,,https://harborridge.example.test/family-support,OR,10.2,0,Meta,System-Observed
TOUCH-000846,,2026-06-12T13:13:30,Paid Social,Meta,CMP-3002,Recovery Journey - Lookalike,Family Support,,,,https://harborridge.example.test/family-support,OR,10.52,0,Meta,System-Observed
TOUCH-000847,,2026-06-30T17:14:43,Paid Social,Meta,CMP-3002,Recovery Journey - Lookalike,Community Awareness,,,,https://harborridge.example.test/family-support,UT,9.98,0,Meta,System-Observed
TOUCH-000848,,2026-06-21T16:15:20,Paid Social,Meta,CMP-3001,Family Support Awareness,Family Support,,,,https://harborridge.example.test/family-support,WA,14.19,0,Meta,System-Observed
TOUCH-000849,,2026-06-01T16:44:59,Paid Social,Meta,CMP-3001,Family Support Awareness,Community Awareness,,,,https://harborridge.example.test/family-support,WA,12.9,0,Meta,System-Observed
TOUCH-000850,,2026-06-27T16:07:37,Paid Social,Meta,CMP-3002,Recovery Journey - Lookalike,Community Awareness,,,,https://harborridge.example.test/family-support,AZ,4.13,0,Meta,System-Observed
TOUCH-000851,,2026-06-14T20:59:40,Paid Social,Meta,CMP-3001,Family Support Awareness,Family Support,,,,https://harborridge.example.test/family-support,CA,4.02,0,Meta,System-Observed
TOUCH-000852,,2026-06-05T16:33:10,Paid Social,Meta,CMP-3002,Recovery Journey - Lookalike,Family Support,,,,https://harborridge.example.test/family-support,NY,7.64,0,Meta,System-Observed
TOUCH-000853,,2026-06-07T07:02:38,Paid Social,Meta,CMP-3003,Local Community Awareness,Family Support,,,,https://harborridge.example.test/family-support,CA,12.87,0,Meta,System-Observed
TOUCH-000854,,2026-06-05T15:48:16,Paid Social,Meta,CMP-3003,Local Community Awareness,Community Awareness,,,,https://harborridge.example.test/family-support,WA,14.2,0,Meta,System-Observed
TOUCH-000855,,2026-06-08T15:05:30,Paid Social,Meta,CMP-3002,Recovery Journey - Lookalike,Community Awareness,,,,https://harborridge.example.test/family-support,UT,10.54,0,Meta,System-Observed
TOUCH-000856,,2026-06-08T17:17:59,Paid Social,Meta,CMP-3002,Recovery Journey - Lookalike,Family Support,,,,https://harborridge.example.test/family-support,UT,12.71,0,Meta,System-Observed
TOUCH-000857,,2026-06-20T19:46:06,Paid Social,Meta,CMP-3001,Family Support Awareness,Family Support,,,,https://harborridge.example.test/family-support,UT,6.12,0,Meta,System-Observed
TOUCH-000858,,2026-06-24T16:03:53,Paid Social,Meta,CMP-3001,Family Support Awareness,Family Support,,,,https://harborridge.example.test/family-support,CO,7.07,0,Meta,System-Observed
TOUCH-000859,,2026-06-30T14:52:56,Paid Social,Meta,CMP-3003,Local Community Awareness,Family Support,,,,https://harborridge.example.test/family-support,CO,3.34,0,Meta,System-Observed
TOUCH-000860,,2026-06-04T19:28:48,Paid Social,Meta,CMP-3003,Local Community Awareness,Family Support,,,,https://harborridge.example.test/family-support,NV,5.75,0,Meta,System-Observed
TOUCH-000861,,2026-06-11T09:07:53,Paid Social,Meta,CMP-3001,Family Support Awareness,Family Support,,,,https://harborridge.example.test/family-support,NY,9.62,0,Meta,System-Observed
TOUCH-000862,,2026-06-01T11:30:32,Paid Social,Meta,CMP-3002,Recovery Journey - Lookalike,Community Awareness,,,,https://harborridge.example.test/family-support,TX,12.54,0,Meta,System-Observed
TOUCH-000863,,2026-06-02T16:57:55,Paid Social,Meta,CMP-3002,Recovery Journey - Lookalike,Family Support,,,,https://harborridge.example.test/family-support,TX,4.7,0,Meta,System-Observed
TOUCH-000864,,2026-06-22T17:04:41,Paid Social,Meta,CMP-3002,Recovery Journey - Lookalike,Family Support,,,,https://harborridge.example.test/family-support,NY,13.22,0,Meta,System-Observed
TOUCH-000865,,2026-06-08T20:47:20,Paid Social,Meta,CMP-3001,Family Support Awareness,Family Support,,,,https://harborridge.example.test/family-support,CO,5.72,0,Meta,System-Observed
TOUCH-000866,,2026-06-27T16:09:27,Paid Social,Meta,CMP-3002,Recovery Journey - Lookalike,Community Awareness,,,,https://harborridge.example.test/family-support,UT,6.93,0,Meta,System-Observed
TOUCH-000867,,2026-06-04T12:19:42,Paid Social,Meta,CMP-3003,Local Community Awareness,Family Support,,,,https://harborridge.example.test/family-support,NY,10.95,0,Meta,System-Observed
TOUCH-000868,,2026-06-05T08:27:42,Paid Social,Meta,CMP-3002,Recovery Journey - Lookalike,Family Support,,,,https://harborridge.example.test/family-support,CO,12.69,0,Meta,System-Observed
TOUCH-000869,,2026-06-09T14:13:44,Paid Social,Meta,CMP-3001,Family Support Awareness,Family Support,,,,https://harborridge.example.test/family-support,TX,8.22,0,Meta,System-Observed
TOUCH-000870,,2026-06-13T15:15:22,Paid Social,Meta,CMP-3002,Recovery Journey - Lookalike,Family Support,,,,https://harborridge.example.test/family-support,NY,5.21,0,Meta,System-Observed
TOUCH-000871,,2026-06-01T13:42:39,Paid Social,Meta,CMP-3002,Recovery Journey - Lookalike,Family Support,,,,https://harborridge.example.test/family-support,CO,12.93,0,Meta,System-Observed
TOUCH-000872,,2026-06-12T08:02:49,Paid Social,Meta,CMP-3001,Family Support Awareness,Community Awareness,,,,https://harborridge.example.test/family-support,OR,14.27,0,Meta,System-Observed
TOUCH-000873,,2026-06-21T20:26:09,Paid Social,Meta,CMP-3002,Recovery Journey - Lookalike,Family Support,,,,https://harborridge.example.test/family-support,WA,13.59,0,Meta,System-Observed
TOUCH-000874,,2026-06-08T17:02:14,Paid Social,Meta,CMP-3001,Family Support Awareness,Family Support,,,,https://harborridge.example.test/family-support,OR,12.78,0,Meta,System-Observed
TOUCH-000875,,2026-06-15T08:17:35,Paid Social,Meta,CMP-3002,Recovery Journey - Lookalike,Family Support,,,,https://harborridge.example.test/family-support,OR,8.87,0,Meta,System-Observed
TOUCH-000876,,2026-06-02T16:07:57,Paid Social,Meta,CMP-3002,Recovery Journey - Lookalike,Community Awareness,,,,https://harborridge.example.test/family-support,FL,7.76,0,Meta,System-Observed
TOUCH-000877,,2026-06-03T16:48:10,Paid Social,Meta,CMP-3002,Recovery Journey - Lookalike,Family Support,,,,https://harborridge.example.test/family-support,WA,8.99,0,Meta,System-Observed
TOUCH-000878,,2026-06-10T12:10:06,Paid Social,Meta,CMP-3003,Local Community Awareness,Family Support,,,,https://harborridge.example.test/family-support,CO,13.99,0,Meta,System-Observed
TOUCH-000879,,2026-06-20T08:31:48,Paid Social,Meta,CMP-3003,Local Community Awareness,Community Awareness,,,,https://harborridge.example.test/family-support,NY,8.99,0,Meta,System-Observed
TOUCH-000880,,2026-06-26T17:47:50,Paid Social,Meta,CMP-3003,Local Community Awareness,Family Support,,,,https://harborridge.example.test/family-support,AZ,8.75,0,Meta,System-Observed
TOUCH-000881,,2026-06-06T15:38:29,Paid Social,Meta,CMP-3002,Recovery Journey - Lookalike,Family Support,,,,https://harborridge.example.test/family-support,NV,11.31,0,Meta,System-Observed
TOUCH-000882,,2026-06-25T07:29:40,Paid Social,Meta,CMP-3002,Recovery Journey - Lookalike,Community Awareness,,,,https://harborridge.example.test/family-support,CO,10.49,0,Meta,System-Observed
TOUCH-000883,,2026-06-27T11:00:01,Paid Social,Meta,CMP-3001,Family Support Awareness,Family Support,,,,https://harborridge.example.test/family-support,AZ,12.32,0,Meta,System-Observed
TOUCH-000884,,2026-06-05T16:56:19,Paid Social,Meta,CMP-3001,Family Support Awareness,Community Awareness,,,,https://harborridge.example.test/family-support,WA,3.8,0,Meta,System-Observed
TOUCH-000885,,2026-06-11T19:32:32,Paid Social,Meta,CMP-3001,Family Support Awareness,Community Awareness,,,,https://harborridge.example.test/family-support,NY,8.21,0,Meta,System-Observed
TOUCH-000886,,2026-06-28T17:39:48,Paid Social,Meta,CMP-3001,Family Support Awareness,Family Support,,,,https://harborridge.example.test/family-support,WA,3.81,0,Meta,System-Observed
TOUCH-000887,,2026-06-26T12:11:54,Paid Social,Meta,CMP-3002,Recovery Journey - Lookalike,Family Support,,,,https://harborridge.example.test/family-support,NV,4.54,0,Meta,System-Observed
TOUCH-000888,,2026-06-12T14:45:40,Paid Social,Meta,CMP-3002,Recovery Journey - Lookalike,Community Awareness,,,,https://harborridge.example.test/family-support,UT,9.06,0,Meta,System-Observed
TOUCH-000889,,2026-06-25T19:49:33,Paid Social,Meta,CMP-3001,Family Support Awareness,Family Support,,,,https://harborridge.example.test/family-support,OR,6.28,0,Meta,System-Observed
TOUCH-000890,,2026-06-13T17:03:55,Paid Social,Meta,CMP-3002,Recovery Journey - Lookalike,Family Support,,,,https://harborridge.example.test/family-support,AZ,8.07,0,Meta,System-Observed
TOUCH-000891,,2026-06-11T11:36:27,Paid Social,Meta,CMP-3002,Recovery Journey - Lookalike,Family Support,,,,https://harborridge.example.test/family-support,UT,14.4,0,Meta,System-Observed
TOUCH-000892,,2026-06-14T16:18:40,Paid Social,Meta,CMP-3003,Local Community Awareness,Community Awareness,,,,https://harborridge.example.test/family-support,AZ,6.38,0,Meta,System-Observed
TOUCH-000893,,2026-06-13T07:35:00,Paid Social,Meta,CMP-3003,Local Community Awareness,Family Support,,,,https://harborridge.example.test/family-support,NV,14.51,0,Meta,System-Observed
TOUCH-000894,,2026-06-24T09:14:18,Paid Social,Meta,CMP-3001,Family Support Awareness,Family Support,,,,https://harborridge.example.test/family-support,AZ,6.09,0,Meta,System-Observed
TOUCH-000895,,2026-06-21T18:14:02,Paid Social,Meta,CMP-3003,Local Community Awareness,Family Support,,,,https://harborridge.example.test/family-support,FL,7.87,0,Meta,System-Observed
TOUCH-000896,,2026-06-13T14:57:01,Paid Social,Meta,CMP-3002,Recovery Journey - Lookalike,Community Awareness,,,,https://harborridge.example.test/family-support,AZ,11.26,0,Meta,System-Observed
TOUCH-000897,,2026-06-16T09:35:49,Paid Social,Meta,CMP-3003,Local Community Awareness,Family Support,,,,https://harborridge.example.test/family-support,NV,9.98,0,Meta,System-Observed
TOUCH-000898,,2026-06-07T07:36:30,Paid Social,Meta,CMP-3002,Recovery Journey - Lookalike,Community Awareness,,,,https://harborridge.example.test/family-support,CO,13.57,0,Meta,System-Observed
TOUCH-000899,,2026-06-01T10:29:17,Paid Social,Meta,CMP-3003,Local Community Awareness,Community Awareness,,,,https://harborridge.example.test/family-support,TX,3.84,0,Meta,System-Observed
TOUCH-000900,,2026-06-13T17:00:59,Paid Social,Meta,CMP-3001,Family Support Awareness,Family Support,,,,https://harborridge.example.test/family-support,NV,4.67,0,Meta,System-Observed
TOUCH-000901,,2026-06-02T18:10:14,Paid Social,Meta,CMP-3003,Local Community Awareness,Community Awareness,,,,https://harborridge.example.test/family-support,WA,5.75,0,Meta,System-Observed
TOUCH-000902,,2026-06-10T20:00:12,Paid Social,Meta,CMP-3002,Recovery Journey - Lookalike,Family Support,,,,https://harborridge.example.test/family-support,NY,8.34,0,Meta,System-Observed
TOUCH-000903,,2026-06-03T07:57:29,Paid Social,Meta,CMP-3003,Local Community Awareness,Family Support,,,,https://harborridge.example.test/family-support,CA,14.07,0,Meta,System-Observed
TOUCH-000904,,2026-06-05T16:57:53,Paid Social,Meta,CMP-3002,Recovery Journey - Lookalike,Family Support,,,,https://harborridge.example.test/family-support,CO,11.91,0,Meta,System-Observed
TOUCH-000905,,2026-06-06T19:28:41,Paid Social,Meta,CMP-3001,Family Support Awareness,Community Awareness,,,,https://harborridge.example.test/family-support,WA,10.93,0,Meta,System-Observed
TOUCH-000906,,2026-06-21T11:58:06,Organic,Google Organic,,,,,,,https://harborridge.example.test/treatment-programs,UT,,0,Google Analytics,System-Observed
TOUCH-000907,,2026-06-03T13:32:25,Organic,Google Organic,,,,,,,https://harborridge.example.test/treatment-programs,OR,,0,Google Analytics,System-Observed
TOUCH-000908,,2026-06-23T09:45:55,Organic,Google Organic,,,,,,,https://harborridge.example.test/treatment-programs,OR,,0,Google Analytics,System-Observed
TOUCH-000909,,2026-06-07T12:55:37,Organic,Google Organic,,,,,,,https://harborridge.example.test/treatment-programs,CA,,0,Google Analytics,System-Observed
TOUCH-000910,,2026-06-23T17:17:04,Organic,Google Organic,,,,,,,https://harborridge.example.test/treatment-programs,FL,,0,Google Analytics,System-Observed
TOUCH-000911,,2026-06-10T14:56:29,Organic,Google Organic,,,,,,,https://harborridge.example.test/treatment-programs,AZ,,0,Google Analytics,System-Observed
TOUCH-000912,,2026-06-01T17:34:42,Organic,Google Organic,,,,,,,https://harborridge.example.test/treatment-programs,TX,,0,Google Analytics,System-Observed
TOUCH-000913,,2026-06-10T13:37:26,Organic,Google Organic,,,,,,,https://harborridge.example.test/treatment-programs,UT,,0,Google Analytics,System-Observed
TOUCH-000914,,2026-06-23T11:55:39,Organic,Google Organic,,,,,,,https://harborridge.example.test/treatment-programs,UT,,0,Google Analytics,System-Observed
TOUCH-000915,,2026-06-12T08:55:07,Organic,Google Organic,,,,,,,https://harborridge.example.test/treatment-programs,NY,,0,Google Analytics,System-Observed
TOUCH-000916,,2026-06-25T20:49:03,Organic,Google Organic,,,,,,,https://harborridge.example.test/treatment-programs,FL,,0,Google Analytics,System-Observed
TOUCH-000917,,2026-06-25T20:57:39,Organic,Google Organic,,,,,,,https://harborridge.example.test/treatment-programs,OR,,0,Google Analytics,System-Observed
TOUCH-000918,,2026-06-21T18:26:42,Organic,Google Organic,,,,,,,https://harborridge.example.test/treatment-programs,CO,,0,Google Analytics,System-Observed
TOUCH-000919,,2026-06-06T18:45:08,Organic,Google Organic,,,,,,,https://harborridge.example.test/treatment-programs,AZ,,0,Google Analytics,System-Observed
TOUCH-000920,,2026-06-01T08:57:24,Organic,Google Organic,,,,,,,https://harborridge.example.test/treatment-programs,OR,,0,Google Analytics,System-Observed
TOUCH-000921,,2026-06-11T19:55:16,Organic,Google Organic,,,,,,,https://harborridge.example.test/treatment-programs,NV,,0,Google Analytics,System-Observed
TOUCH-000922,,2026-06-13T17:54:43,Organic,Google Organic,,,,,,,https://harborridge.example.test/treatment-programs,OR,,0,Google Analytics,System-Observed
TOUCH-000923,,2026-06-11T16:29:28,Organic,Google Organic,,,,,,,https://harborridge.example.test/treatment-programs,TX,,0,Google Analytics,System-Observed
TOUCH-000924,,2026-06-20T08:23:29,Organic,Google Organic,,,,,,,https://harborridge.example.test/treatment-programs,AZ,,0,Google Analytics,System-Observed
TOUCH-000925,,2026-06-10T18:53:36,Organic,Google Organic,,,,,,,https://harborridge.example.test/treatment-programs,WA,,0,Google Analytics,System-Observed
TOUCH-000926,,2026-06-06T19:06:56,Organic,Google Organic,,,,,,,https://harborridge.example.test/treatment-programs,NV,,0,Google Analytics,System-Observed
TOUCH-000927,,2026-06-18T16:32:54,Organic,Google Organic,,,,,,,https://harborridge.example.test/treatment-programs,CA,,0,Google Analytics,System-Observed
TOUCH-000928,,2026-06-19T13:13:18,Organic,Google Organic,,,,,,,https://harborridge.example.test/treatment-programs,OR,,0,Google Analytics,System-Observed
TOUCH-000929,,2026-06-14T13:37:44,Organic,Google Organic,,,,,,,https://harborridge.example.test/treatment-programs,AZ,,0,Google Analytics,System-Observed
TOUCH-000930,,2026-06-04T14:15:06,Organic,Google Organic,,,,,,,https://harborridge.example.test/treatment-programs,NY,,0,Google Analytics,System-Observed
TOUCH-000931,,2026-06-15T20:03:49,Organic,Google Organic,,,,,,,https://harborridge.example.test/treatment-programs,WA,,0,Google Analytics,System-Observed
TOUCH-000932,,2026-06-28T20:30:55,Organic,Google Organic,,,,,,,https://harborridge.example.test/treatment-programs,OR,,0,Google Analytics,System-Observed
TOUCH-000933,,2026-06-25T08:18:35,Organic,Google Organic,,,,,,,https://harborridge.example.test/treatment-programs,CO,,0,Google Analytics,System-Observed
TOUCH-000934,,2026-06-02T17:56:11,Organic,Google Organic,,,,,,,https://harborridge.example.test/treatment-programs,NY,,0,Google Analytics,System-Observed
TOUCH-000935,,2026-06-28T17:31:33,Organic,Google Organic,,,,,,,https://harborridge.example.test/treatment-programs,NV,,0,Google Analytics,System-Observed
TOUCH-000936,,2026-06-16T12:10:01,Organic,Google Organic,,,,,,,https://harborridge.example.test/treatment-programs,NV,,0,Google Analytics,System-Observed
TOUCH-000937,,2026-06-20T12:26:37,Organic,Google Organic,,,,,,,https://harborridge.example.test/treatment-programs,TX,,0,Google Analytics,System-Observed
TOUCH-000938,,2026-06-15T19:38:29,Organic,Google Organic,,,,,,,https://harborridge.example.test/treatment-programs,UT,,0,Google Analytics,System-Observed
TOUCH-000939,,2026-06-23T14:59:22,Organic,Google Organic,,,,,,,https://harborridge.example.test/treatment-programs,OR,,0,Google Analytics,System-Observed
TOUCH-000940,,2026-06-16T20:42:18,Organic,Google Organic,,,,,,,https://harborridge.example.test/treatment-programs,CO,,0,Google Analytics,System-Observed
TOUCH-000941,,2026-06-24T12:00:33,Organic,Google Organic,,,,,,,https://harborridge.example.test/treatment-programs,AZ,,0,Google Analytics,System-Observed
TOUCH-000942,,2026-06-16T18:52:12,Organic,Google Organic,,,,,,,https://harborridge.example.test/treatment-programs,UT,,0,Google Analytics,System-Observed
TOUCH-000943,,2026-06-30T11:05:29,Organic,Google Organic,,,,,,,https://harborridge.example.test/treatment-programs,AZ,,0,Google Analytics,System-Observed
TOUCH-000944,,2026-06-26T20:43:59,Organic,Google Organic,,,,,,,https://harborridge.example.test/treatment-programs,TX,,0,Google Analytics,System-Observed
TOUCH-000945,,2026-06-24T18:39:12,Organic,Google Organic,,,,,,,https://harborridge.example.test/treatment-programs,CO,,0,Google Analytics,System-Observed
TOUCH-000946,,2026-06-13T20:37:22,Organic,Google Organic,,,,,,,https://harborridge.example.test/treatment-programs,NY,,0,Google Analytics,System-Observed
TOUCH-000947,,2026-06-29T20:16:06,Organic,Google Organic,,,,,,,https://harborridge.example.test/treatment-programs,TX,,0,Google Analytics,System-Observed
TOUCH-000948,,2026-06-27T18:43:32,Organic,Google Organic,,,,,,,https://harborridge.example.test/treatment-programs,AZ,,0,Google Analytics,System-Observed
TOUCH-000949,,2026-06-17T13:17:45,Organic,Google Organic,,,,,,,https://harborridge.example.test/treatment-programs,AZ,,0,Google Analytics,System-Observed
TOUCH-000950,,2026-06-05T10:15:24,Organic,Google Organic,,,,,,,https://harborridge.example.test/treatment-programs,CA,,0,Google Analytics,System-Observed
TOUCH-000951,,2026-06-23T14:37:04,Organic,Google Organic,,,,,,,https://harborridge.example.test/treatment-programs,NY,,0,Google Analytics,System-Observed
TOUCH-000952,,2026-06-18T10:05:46,Organic,Google Organic,,,,,,,https://harborridge.example.test/treatment-programs,NY,,0,Google Analytics,System-Observed
TOUCH-000953,,2026-06-04T17:55:06,Organic,Google Organic,,,,,,,https://harborridge.example.test/treatment-programs,FL,,0,Google Analytics,System-Observed
TOUCH-000954,,2026-06-24T12:58:11,Organic,Google Organic,,,,,,,https://harborridge.example.test/treatment-programs,OR,,0,Google Analytics,System-Observed
TOUCH-000955,,2026-06-10T11:45:48,Organic,Google Organic,,,,,,,https://harborridge.example.test/treatment-programs,FL,,0,Google Analytics,System-Observed
TOUCH-000956,,2026-06-15T09:30:25,Organic,Google Organic,,,,,,,https://harborridge.example.test/treatment-programs,UT,,0,Google Analytics,System-Observed
TOUCH-000957,,2026-06-09T10:44:08,Organic,Google Organic,,,,,,,https://harborridge.example.test/treatment-programs,UT,,0,Google Analytics,System-Observed
TOUCH-000958,,2026-06-02T13:33:32,Organic,Google Organic,,,,,,,https://harborridge.example.test/treatment-programs,WA,,0,Google Analytics,System-Observed
TOUCH-000959,,2026-06-19T16:34:32,Organic,Google Organic,,,,,,,https://harborridge.example.test/treatment-programs,NY,,0,Google Analytics,System-Observed
TOUCH-000960,,2026-06-06T20:32:12,Organic,Google Organic,,,,,,,https://harborridge.example.test/treatment-programs,OR,,0,Google Analytics,System-Observed
TOUCH-000961,,2026-06-12T16:37:29,Organic,Google Organic,,,,,,,https://harborridge.example.test/treatment-programs,AZ,,0,Google Analytics,System-Observed
TOUCH-000962,,2026-06-30T11:34:44,Organic,Google Organic,,,,,,,https://harborridge.example.test/treatment-programs,UT,,0,Google Analytics,System-Observed
TOUCH-000963,,2026-06-02T13:38:17,Organic,Google Organic,,,,,,,https://harborridge.example.test/treatment-programs,WA,,0,Google Analytics,System-Observed
TOUCH-000964,,2026-06-21T14:46:37,Organic,Google Organic,,,,,,,https://harborridge.example.test/treatment-programs,CA,,0,Google Analytics,System-Observed
TOUCH-000965,,2026-06-16T07:30:16,Organic,Google Organic,,,,,,,https://harborridge.example.test/treatment-programs,WA,,0,Google Analytics,System-Observed
TOUCH-000966,,2026-06-22T09:14:35,Organic,Google Organic,,,,,,,https://harborridge.example.test/treatment-programs,OR,,0,Google Analytics,System-Observed
TOUCH-000967,,2026-06-15T19:14:38,Organic,Google Organic,,,,,,,https://harborridge.example.test/treatment-programs,OR,,0,Google Analytics,System-Observed
TOUCH-000968,,2026-06-04T15:43:30,Organic,Google Organic,,,,,,,https://harborridge.example.test/treatment-programs,CA,,0,Google Analytics,System-Observed
TOUCH-000969,,2026-06-22T16:43:51,Organic,Google Organic,,,,,,,https://harborridge.example.test/treatment-programs,OR,,0,Google Analytics,System-Observed
TOUCH-000970,,2026-06-23T19:22:54,Organic,Google Organic,,,,,,,https://harborridge.example.test/treatment-programs,AZ,,0,Google Analytics,System-Observed
TOUCH-000971,,2026-06-01T18:22:19,Organic,Google Organic,,,,,,,https://harborridge.example.test/treatment-programs,WA,,0,Google Analytics,System-Observed
TOUCH-000972,,2026-06-10T14:21:09,Organic,Google Organic,,,,,,,https://harborridge.example.test/treatment-programs,CO,,0,Google Analytics,System-Observed
TOUCH-000973,,2026-06-05T16:20:15,Organic,Google Organic,,,,,,,https://harborridge.example.test/treatment-programs,CA,,0,Google Analytics,System-Observed
TOUCH-000974,INQ-000456,2026-07-02T14:53:15,Paid Search,Google Ads,CMP-1001,Behavioral Health - Brand,Detox Programs,substance abuse treatment options,substance abuse treatment options,Phrase,https://harborridge.example.test/admissions,CO,31.83,1,Google Ads,System-Observed
TOUCH-000975,INQ-000457,2026-07-03T16:02:24,Paid Search,Google Ads,CMP-1002,Behavioral Health - Non-Brand,Family Support,behavioral health treatment near me,behavioral health treatment near me,Exact,https://harborridge.example.test/admissions,TX,48.81,1,Google Ads,System-Observed
TOUCH-000976,INQ-000458,2026-07-28T14:32:32,Direct,,,,,,,,https://harborridge.example.test/,NY,,1,Direct / Analytics,System-Observed
TOUCH-000977,INQ-000460,2026-07-02T13:36:27,Direct,,,,,,,,https://harborridge.example.test/,UT,,1,Direct / Analytics,System-Observed
TOUCH-000978,INQ-000461,2026-07-13T20:34:48,Paid Social,Meta,CMP-3003,Local Community Awareness,Community Awareness,,,,https://harborridge.example.test/family-support,UT,13.45,1,Meta,System-Observed
TOUCH-000979,INQ-000462,2026-07-04T14:38:20,Paid Search,Google Ads,CMP-1003,Detox Near Me - Geo,Residential Programs,substance abuse treatment options,substance abuse treatment options,Exact,https://harborridge.example.test/admissions,UT,47.1,1,Google Ads,System-Observed
TOUCH-000980,INQ-000464,2026-07-16T11:10:47,Paid Search,Google Ads,CMP-1003,Detox Near Me - Geo,Admissions,behavioral health treatment near me,behavioral health treatment near me,Broad,https://harborridge.example.test/admissions,CA,31.25,1,Google Ads,System-Observed
TOUCH-000981,INQ-000467,2026-07-25T08:24:57,Paid Search,Google Ads,CMP-1005,Family Crisis - Non-Brand,Family Support,inpatient mental health treatment,inpatient mental health treatment,Exact,https://harborridge.example.test/admissions,AZ,43.86,1,Google Ads,System-Observed
TOUCH-000982,INQ-000468,2026-07-21T07:40:21,Paid Search,Google Ads,CMP-1005,Family Crisis - Non-Brand,Residential Programs,residential treatment center,residential treatment center,Broad,https://harborridge.example.test/admissions,CO,28.17,1,Google Ads,System-Observed
TOUCH-000983,INQ-000469,2026-07-04T13:46:17,Local,GBP,,,,,,,https://harborridge.example.test/contact,UT,,1,GBP,System-Observed
TOUCH-000984,INQ-000470,2026-07-12T07:35:02,Paid Search,Google Ads,CMP-1002,Behavioral Health - Non-Brand,Residential Programs,inpatient mental health treatment,inpatient mental health treatment,Exact,https://harborridge.example.test/admissions,WA,20.01,1,Google Ads,System-Observed
TOUCH-000985,INQ-000471,2026-07-18T07:07:36,Direct,,,,,,,,https://harborridge.example.test/,OR,,1,Direct / Analytics,System-Observed
TOUCH-000986,INQ-000472,2026-07-06T08:52:25,Paid Search,Google Ads,CMP-1002,Behavioral Health - Non-Brand,Residential Programs,family intervention help,family intervention help,Phrase,https://harborridge.example.test/admissions,TX,35.24,1,Google Ads,System-Observed
TOUCH-000987,INQ-000474,2026-07-03T16:29:29,Organic,Google Organic,,,,,,,https://harborridge.example.test/treatment-programs,OR,,1,Google Organic,System-Observed
TOUCH-000988,INQ-000475,2026-07-14T11:13:38,Paid Search,Google Ads,CMP-1004,Residential Treatment - Geo,Family Support,inpatient mental health treatment,inpatient mental health treatment,Phrase,https://harborridge.example.test/admissions,WA,23.38,1,Google Ads,System-Observed
TOUCH-000989,INQ-000477,2026-07-18T18:36:20,Paid Search,Google Ads,CMP-1005,Family Crisis - Non-Brand,Residential Programs,inpatient mental health treatment,inpatient mental health treatment,Broad,https://harborridge.example.test/admissions,CA,21.26,1,Google Ads,System-Observed
TOUCH-000990,INQ-000478,2026-07-09T13:25:33,Local,GBP,,,,,,,https://harborridge.example.test/contact,NV,,1,GBP,System-Observed
TOUCH-000991,INQ-000479,2026-07-16T09:48:28,Organic,Google Organic,,,,,,,https://harborridge.example.test/treatment-programs,NY,,1,Google Organic,System-Observed
TOUCH-000992,INQ-000485,2026-07-27T10:03:19,Local,GBP,,,,,,,https://harborridge.example.test/contact,CA,,1,GBP,System-Observed
TOUCH-000993,INQ-000488,2026-07-20T13:42:40,Local,GBP,,,,,,,https://harborridge.example.test/contact,CO,,1,GBP,System-Observed
TOUCH-000994,INQ-000490,2026-07-12T19:50:27,Direct,,,,,,,,https://harborridge.example.test/,NY,,1,Direct / Analytics,System-Observed
TOUCH-000995,INQ-000491,2026-07-07T07:13:46,Direct,,,,,,,,https://harborridge.example.test/,NY,,1,Direct / Analytics,System-Observed
TOUCH-000996,INQ-000495,2026-07-13T13:59:32,Direct,,,,,,,,https://harborridge.example.test/,CO,,1,Direct / Analytics,System-Observed
TOUCH-000997,INQ-000496,2026-07-10T08:25:38,Direct,,,,,,,,https://harborridge.example.test/,CO,,1,Direct / Analytics,System-Observed
TOUCH-000998,INQ-000498,2026-07-05T18:13:53,Paid Social,Meta,CMP-3001,Family Support Awareness,Community Awareness,,,,https://harborridge.example.test/family-support,UT,6.43,1,Meta,System-Observed
TOUCH-000999,INQ-000499,2026-07-07T08:14:47,Direct,,,,,,,,https://harborridge.example.test/,TX,,1,Direct / Analytics,System-Observed
TOUCH-001000,INQ-000500,2026-07-03T08:33:57,Paid Search,Google Ads,CMP-1003,Detox Near Me - Geo,Detox Programs,inpatient mental health treatment,inpatient mental health treatment,Phrase,https://harborridge.example.test/admissions,TX,45.78,1,Google Ads,System-Observed
TOUCH-001001,INQ-000501,2026-07-23T08:00:03,Paid Search,Google Ads,CMP-1003,Detox Near Me - Geo,Family Support,residential treatment center,residential treatment center,Broad,https://harborridge.example.test/admissions,AZ,37.45,1,Google Ads,System-Observed
TOUCH-001002,INQ-000502,2026-07-16T11:38:27,Paid Search,Google Ads,CMP-1002,Behavioral Health - Non-Brand,Residential Programs,family intervention help,family intervention help,Exact,https://harborridge.example.test/admissions,FL,36.82,1,Google Ads,System-Observed
TOUCH-001003,INQ-000504,2026-07-26T18:16:13,Local,GBP,,,,,,,https://harborridge.example.test/contact,NY,,1,GBP,System-Observed
TOUCH-001004,INQ-000505,2026-07-27T18:46:12,Organic,Google Organic,,,,,,,https://harborridge.example.test/treatment-programs,NY,,1,Google Organic,System-Observed
TOUCH-001005,INQ-000506,2026-07-01T10:19:37,Paid Search,Microsoft Ads,CMP-2002,Residential Treatment - Geo (Bing),Detox Programs,residential treatment center,residential treatment center,Broad,https://harborridge.example.test/admissions,NV,13.69,1,Microsoft Ads,System-Observed
TOUCH-001006,INQ-000507,2026-07-27T09:52:52,Paid Search,Google Ads,CMP-1005,Family Crisis - Non-Brand,Detox Programs,substance abuse treatment options,substance abuse treatment options,Exact,https://harborridge.example.test/admissions,TX,42.46,1,Google Ads,System-Observed
TOUCH-001007,INQ-000508,2026-07-26T08:50:25,Paid Search,Google Ads,CMP-1001,Behavioral Health - Brand,Admissions,inpatient mental health treatment,inpatient mental health treatment,Exact,https://harborridge.example.test/admissions,NV,15.51,1,Google Ads,System-Observed
TOUCH-001008,INQ-000509,2026-07-05T15:22:28,Paid Search,Google Ads,CMP-1002,Behavioral Health - Non-Brand,Detox Programs,family intervention help,family intervention help,Broad,https://harborridge.example.test/admissions,WA,35.1,1,Google Ads,System-Observed
TOUCH-001009,INQ-000510,2026-07-05T07:33:15,Organic,Google Organic,,,,,,,https://harborridge.example.test/treatment-programs,CO,,1,Google Organic,System-Observed
TOUCH-001010,INQ-000511,2026-07-05T19:06:12,Organic,Google Organic,,,,,,,https://harborridge.example.test/treatment-programs,NV,,1,Google Organic,System-Observed
TOUCH-001011,INQ-000512,2026-07-04T11:24:36,Paid Search,Google Ads,CMP-1003,Detox Near Me - Geo,Detox Programs,inpatient mental health treatment,inpatient mental health treatment,Phrase,https://harborridge.example.test/admissions,NY,29.56,1,Google Ads,System-Observed
TOUCH-001012,INQ-000513,2026-07-09T08:54:33,Organic,Google Organic,,,,,,,https://harborridge.example.test/treatment-programs,TX,,1,Google Organic,System-Observed
TOUCH-001013,INQ-000514,2026-07-03T15:11:08,Paid Search,Google Ads,CMP-1004,Residential Treatment - Geo,Residential Programs,residential treatment center,residential treatment center,Broad,https://harborridge.example.test/admissions,NY,44.23,1,Google Ads,System-Observed
TOUCH-001014,INQ-000515,2026-07-22T16:34:36,Organic,Google Organic,,,,,,,https://harborridge.example.test/treatment-programs,OR,,1,Google Organic,System-Observed
TOUCH-001015,INQ-000516,2026-07-01T06:49:32,Paid Search,Google Ads,CMP-1001,Behavioral Health - Brand,Detox Programs,family intervention help,family intervention help,Exact,https://harborridge.example.test/admissions,CO,24.09,1,Google Ads,System-Observed
TOUCH-001016,INQ-000519,2026-07-10T11:20:17,Paid Search,Google Ads,CMP-1001,Behavioral Health - Brand,Detox Programs,behavioral health treatment near me,behavioral health treatment near me,Broad,https://harborridge.example.test/admissions,FL,39.12,1,Google Ads,System-Observed
TOUCH-001017,INQ-000520,2026-07-15T08:59:59,Paid Social,Meta,CMP-3002,Recovery Journey - Lookalike,Community Awareness,,,,https://harborridge.example.test/family-support,NV,5.13,1,Meta,System-Observed
TOUCH-001018,INQ-000521,2026-07-08T07:59:04,Paid Search,Google Ads,CMP-1002,Behavioral Health - Non-Brand,Family Support,behavioral health treatment near me,behavioral health treatment near me,Exact,https://harborridge.example.test/admissions,AZ,20.21,1,Google Ads,System-Observed
TOUCH-001019,INQ-000522,2026-07-22T18:10:11,Paid Search,Google Ads,CMP-1004,Residential Treatment - Geo,Family Support,inpatient mental health treatment,inpatient mental health treatment,Phrase,https://harborridge.example.test/admissions,UT,21.97,1,Google Ads,System-Observed
TOUCH-001020,INQ-000523,2026-07-27T10:27:34,Paid Search,Google Ads,CMP-1004,Residential Treatment - Geo,Residential Programs,detox center near me,detox center near me,Broad,https://harborridge.example.test/admissions,FL,41.85,1,Google Ads,System-Observed
TOUCH-001021,INQ-000525,2026-07-06T16:04:33,Local,GBP,,,,,,,https://harborridge.example.test/contact,NV,,1,GBP,System-Observed
TOUCH-001022,INQ-000526,2026-07-20T17:20:46,Direct,,,,,,,,https://harborridge.example.test/,FL,,1,Direct / Analytics,System-Observed
TOUCH-001023,INQ-000527,2026-07-22T10:52:57,Paid Search,Google Ads,CMP-1003,Detox Near Me - Geo,Admissions,inpatient mental health treatment,inpatient mental health treatment,Exact,https://harborridge.example.test/admissions,CA,18.92,1,Google Ads,System-Observed
TOUCH-001024,INQ-000529,2026-07-26T10:45:07,Organic,Google Organic,,,,,,,https://harborridge.example.test/treatment-programs,FL,,1,Google Organic,System-Observed
TOUCH-001025,INQ-000530,2026-07-14T18:59:11,Organic,Google Organic,,,,,,,https://harborridge.example.test/treatment-programs,UT,,1,Google Organic,System-Observed
TOUCH-001026,INQ-000531,2026-07-25T17:57:44,Paid Search,Google Ads,CMP-1004,Residential Treatment - Geo,Family Support,detox center near me,detox center near me,Exact,https://harborridge.example.test/admissions,NY,18.58,1,Google Ads,System-Observed
TOUCH-001027,INQ-000532,2026-07-17T08:54:33,Organic,Google Organic,,,,,,,https://harborridge.example.test/treatment-programs,AZ,,1,Google Organic,System-Observed
TOUCH-001028,INQ-000534,2026-07-13T18:08:01,Local,GBP,,,,,,,https://harborridge.example.test/contact,NV,,1,GBP,System-Observed
TOUCH-001029,INQ-000535,2026-07-06T15:10:51,Direct,,,,,,,,https://harborridge.example.test/,WA,,1,Direct / Analytics,System-Observed
TOUCH-001030,INQ-000536,2026-07-17T13:03:17,Organic,Google Organic,,,,,,,https://harborridge.example.test/treatment-programs,NY,,1,Google Organic,System-Observed
TOUCH-001031,INQ-000538,2026-07-01T20:18:32,Organic,Google Organic,,,,,,,https://harborridge.example.test/treatment-programs,AZ,,1,Google Organic,System-Observed
TOUCH-001032,INQ-000539,2026-07-13T18:04:55,Organic,Google Organic,,,,,,,https://harborridge.example.test/treatment-programs,FL,,1,Google Organic,System-Observed
TOUCH-001033,INQ-000542,2026-07-26T14:37:50,Paid Search,Google Ads,CMP-1001,Behavioral Health - Brand,Residential Programs,inpatient mental health treatment,inpatient mental health treatment,Exact,https://harborridge.example.test/admissions,AZ,43.18,1,Google Ads,System-Observed
TOUCH-001034,INQ-000545,2026-07-05T13:01:34,Paid Search,Google Ads,CMP-1003,Detox Near Me - Geo,Detox Programs,residential treatment center,residential treatment center,Exact,https://harborridge.example.test/admissions,CA,40.15,1,Google Ads,System-Observed
TOUCH-001035,INQ-000546,2026-07-16T19:33:25,Direct,,,,,,,,https://harborridge.example.test/,TX,,1,Direct / Analytics,System-Observed
TOUCH-001036,INQ-000548,2026-07-12T18:16:49,Local,GBP,,,,,,,https://harborridge.example.test/contact,TX,,1,GBP,System-Observed
TOUCH-001037,INQ-000550,2026-07-15T07:42:36,Paid Search,Google Ads,CMP-1001,Behavioral Health - Brand,Detox Programs,substance abuse treatment options,substance abuse treatment options,Exact,https://harborridge.example.test/admissions,TX,41.49,1,Google Ads,System-Observed
TOUCH-001038,INQ-000551,2026-07-06T07:23:55,Paid Search,Google Ads,CMP-1001,Behavioral Health - Brand,Detox Programs,family intervention help,family intervention help,Broad,https://harborridge.example.test/admissions,AZ,15.86,1,Google Ads,System-Observed
TOUCH-001039,INQ-000552,2026-07-25T07:26:07,Paid Search,Google Ads,CMP-1004,Residential Treatment - Geo,Residential Programs,residential treatment center,residential treatment center,Phrase,https://harborridge.example.test/admissions,NV,17.65,1,Google Ads,System-Observed
TOUCH-001040,INQ-000555,2026-07-07T19:27:53,Paid Search,Google Ads,CMP-1002,Behavioral Health - Non-Brand,Residential Programs,substance abuse treatment options,substance abuse treatment options,Broad,https://harborridge.example.test/admissions,NV,28.72,1,Google Ads,System-Observed
TOUCH-001041,INQ-000556,2026-07-15T12:02:23,Paid Search,Google Ads,CMP-1002,Behavioral Health - Non-Brand,Detox Programs,inpatient mental health treatment,inpatient mental health treatment,Exact,https://harborridge.example.test/admissions,UT,16.36,1,Google Ads,System-Observed
TOUCH-001042,INQ-000557,2026-07-02T13:36:51,Paid Search,Google Ads,CMP-1002,Behavioral Health - Non-Brand,Family Support,detox center near me,detox center near me,Broad,https://harborridge.example.test/admissions,CO,24.02,1,Google Ads,System-Observed
TOUCH-001043,INQ-000558,2026-07-12T09:15:33,Local,GBP,,,,,,,https://harborridge.example.test/contact,CO,,1,GBP,System-Observed
TOUCH-001044,INQ-000559,2026-07-05T17:34:08,Paid Search,Microsoft Ads,CMP-2002,Residential Treatment - Geo (Bing),Residential Programs,family intervention help,family intervention help,Phrase,https://harborridge.example.test/admissions,NY,31.34,1,Microsoft Ads,System-Observed
TOUCH-001045,INQ-000560,2026-07-13T13:14:36,Local,GBP,,,,,,,https://harborridge.example.test/contact,NY,,1,GBP,System-Observed
TOUCH-001046,INQ-000561,2026-07-27T11:57:44,Paid Search,Google Ads,CMP-1002,Behavioral Health - Non-Brand,Residential Programs,inpatient mental health treatment,inpatient mental health treatment,Exact,https://harborridge.example.test/admissions,WA,38.79,1,Google Ads,System-Observed
TOUCH-001047,INQ-000565,2026-07-20T17:29:37,Paid Search,Google Ads,CMP-1002,Behavioral Health - Non-Brand,Family Support,detox center near me,detox center near me,Broad,https://harborridge.example.test/admissions,TX,16.52,1,Google Ads,System-Observed
TOUCH-001048,INQ-000568,2026-07-11T12:24:10,Paid Search,Google Ads,CMP-1002,Behavioral Health - Non-Brand,Detox Programs,residential treatment center,residential treatment center,Phrase,https://harborridge.example.test/admissions,CO,40.9,1,Google Ads,System-Observed
TOUCH-001049,INQ-000571,2026-07-13T10:38:36,Paid Search,Google Ads,CMP-1003,Detox Near Me - Geo,Detox Programs,detox center near me,detox center near me,Exact,https://harborridge.example.test/admissions,WA,33.85,1,Google Ads,System-Observed
TOUCH-001050,INQ-000572,2026-07-07T13:53:47,Direct,,,,,,,,https://harborridge.example.test/,NV,,1,Direct / Analytics,System-Observed
TOUCH-001051,INQ-000573,2026-07-08T11:24:38,Paid Search,Google Ads,CMP-1005,Family Crisis - Non-Brand,Residential Programs,family intervention help,family intervention help,Exact,https://harborridge.example.test/admissions,FL,25.51,1,Google Ads,System-Observed
TOUCH-001052,INQ-000574,2026-07-11T08:24:52,Paid Search,Google Ads,CMP-1003,Detox Near Me - Geo,Admissions,family intervention help,family intervention help,Exact,https://harborridge.example.test/admissions,FL,16.78,1,Google Ads,System-Observed
TOUCH-001053,INQ-000575,2026-07-08T20:28:12,Direct,,,,,,,,https://harborridge.example.test/,OR,,1,Direct / Analytics,System-Observed
TOUCH-001054,INQ-000576,2026-07-25T11:30:36,Paid Search,Google Ads,CMP-1001,Behavioral Health - Brand,Admissions,family intervention help,family intervention help,Phrase,https://harborridge.example.test/admissions,OR,30.71,1,Google Ads,System-Observed
TOUCH-001055,INQ-000577,2026-07-09T13:54:57,Organic,Google Organic,,,,,,,https://harborridge.example.test/treatment-programs,NV,,1,Google Organic,System-Observed
TOUCH-001056,INQ-000579,2026-07-19T10:39:21,Organic,Google Organic,,,,,,,https://harborridge.example.test/treatment-programs,NV,,1,Google Organic,System-Observed
TOUCH-001057,INQ-000582,2026-07-25T13:45:00,Paid Search,Google Ads,CMP-1001,Behavioral Health - Brand,Family Support,residential treatment center,residential treatment center,Broad,https://harborridge.example.test/admissions,CA,22.57,1,Google Ads,System-Observed
TOUCH-001058,INQ-000583,2026-07-15T11:47:00,Direct,,,,,,,,https://harborridge.example.test/,AZ,,1,Direct / Analytics,System-Observed
TOUCH-001059,INQ-000584,2026-07-25T13:06:20,Organic,Google Organic,,,,,,,https://harborridge.example.test/treatment-programs,AZ,,1,Google Organic,System-Observed
TOUCH-001060,INQ-000585,2026-07-05T14:23:43,Organic,Google Organic,,,,,,,https://harborridge.example.test/treatment-programs,NY,,1,Google Organic,System-Observed
TOUCH-001061,INQ-000586,2026-07-01T17:33:51,Paid Search,Google Ads,CMP-1002,Behavioral Health - Non-Brand,Admissions,inpatient mental health treatment,inpatient mental health treatment,Exact,https://harborridge.example.test/admissions,AZ,27.32,1,Google Ads,System-Observed
TOUCH-001062,INQ-000588,2026-07-07T17:43:28,Direct,,,,,,,,https://harborridge.example.test/,CA,,1,Direct / Analytics,System-Observed
TOUCH-001063,INQ-000589,2026-07-13T18:25:36,Direct,,,,,,,,https://harborridge.example.test/,FL,,1,Direct / Analytics,System-Observed
TOUCH-001064,INQ-000590,2026-07-02T18:31:45,Paid Search,Google Ads,CMP-1001,Behavioral Health - Brand,Family Support,inpatient mental health treatment,inpatient mental health treatment,Exact,https://harborridge.example.test/admissions,TX,38.91,1,Google Ads,System-Observed
TOUCH-001065,INQ-000591,2026-07-17T09:32:35,Paid Search,Microsoft Ads,CMP-2002,Residential Treatment - Geo (Bing),Admissions,family intervention help,family intervention help,Phrase,https://harborridge.example.test/admissions,AZ,10.72,1,Microsoft Ads,System-Observed
TOUCH-001066,INQ-000593,2026-07-05T11:03:45,Organic,Google Organic,,,,,,,https://harborridge.example.test/treatment-programs,OR,,1,Google Organic,System-Observed
TOUCH-001067,INQ-000594,2026-07-21T15:48:32,Organic,Google Organic,,,,,,,https://harborridge.example.test/treatment-programs,NY,,1,Google Organic,System-Observed
TOUCH-001068,INQ-000596,2026-07-28T16:17:27,Organic,Google Organic,,,,,,,https://harborridge.example.test/treatment-programs,AZ,,1,Google Organic,System-Observed
TOUCH-001069,INQ-000598,2026-07-02T07:00:35,Direct,,,,,,,,https://harborridge.example.test/,OR,,1,Direct / Analytics,System-Observed
TOUCH-001070,INQ-000600,2026-07-19T07:36:09,Paid Search,Google Ads,CMP-1003,Detox Near Me - Geo,Admissions,behavioral health treatment near me,behavioral health treatment near me,Exact,https://harborridge.example.test/admissions,CO,29.43,1,Google Ads,System-Observed
TOUCH-001071,INQ-000601,2026-07-26T11:02:05,Local,GBP,,,,,,,https://harborridge.example.test/contact,UT,,1,GBP,System-Observed
TOUCH-001072,INQ-000602,2026-07-12T17:49:29,Paid Search,Google Ads,CMP-1005,Family Crisis - Non-Brand,Admissions,residential treatment center,residential treatment center,Phrase,https://harborridge.example.test/admissions,NY,37.22,1,Google Ads,System-Observed
TOUCH-001073,INQ-000603,2026-07-27T12:22:10,Local,GBP,,,,,,,https://harborridge.example.test/contact,CA,,1,GBP,System-Observed
TOUCH-001074,INQ-000605,2026-07-17T05:36:40,Paid Search,Google Ads,CMP-1005,Family Crisis - Non-Brand,Family Support,detox center near me,detox center near me,Broad,https://harborridge.example.test/admissions,WA,24.94,1,Google Ads,System-Observed
TOUCH-001075,INQ-000606,2026-07-09T17:23:30,Direct,,,,,,,,https://harborridge.example.test/,NV,,1,Direct / Analytics,System-Observed
TOUCH-001076,INQ-000611,2026-07-05T19:00:41,Direct,,,,,,,,https://harborridge.example.test/,NV,,1,Direct / Analytics,System-Observed
TOUCH-001077,INQ-000612,2026-07-16T19:17:38,Paid Social,Meta,CMP-3002,Recovery Journey - Lookalike,Family Support,,,,https://harborridge.example.test/family-support,AZ,6.13,1,Meta,System-Observed
TOUCH-001078,INQ-000613,2026-07-26T09:07:08,Organic,Google Organic,,,,,,,https://harborridge.example.test/treatment-programs,UT,,1,Google Organic,System-Observed
TOUCH-001079,INQ-000614,2026-07-05T12:35:17,Organic,Google Organic,,,,,,,https://harborridge.example.test/treatment-programs,OR,,1,Google Organic,System-Observed
TOUCH-001080,INQ-000615,2026-07-19T19:23:06,Paid Search,Google Ads,CMP-1005,Family Crisis - Non-Brand,Residential Programs,family intervention help,family intervention help,Phrase,https://harborridge.example.test/admissions,FL,28.56,1,Google Ads,System-Observed
TOUCH-001081,INQ-000617,2026-07-07T15:39:44,Local,GBP,,,,,,,https://harborridge.example.test/contact,TX,,1,GBP,System-Observed
TOUCH-001082,INQ-000618,2026-07-06T07:50:34,Local,GBP,,,,,,,https://harborridge.example.test/contact,FL,,1,GBP,System-Observed
TOUCH-001083,INQ-000620,2026-07-13T18:11:56,Paid Social,Meta,CMP-3003,Local Community Awareness,Family Support,,,,https://harborridge.example.test/family-support,NV,6.98,1,Meta,System-Observed
TOUCH-001084,INQ-000621,2026-07-05T08:44:21,Paid Search,Google Ads,CMP-1003,Detox Near Me - Geo,Detox Programs,substance abuse treatment options,substance abuse treatment options,Broad,https://harborridge.example.test/admissions,CA,46.2,1,Google Ads,System-Observed
TOUCH-001085,INQ-000623,2026-07-19T09:33:03,Organic,Google Organic,,,,,,,https://harborridge.example.test/treatment-programs,NV,,1,Google Organic,System-Observed
TOUCH-001086,INQ-000624,2026-07-15T14:44:33,Direct,,,,,,,,https://harborridge.example.test/,NY,,1,Direct / Analytics,System-Observed
TOUCH-001087,INQ-000625,2026-07-06T16:17:09,Paid Search,Google Ads,CMP-1003,Detox Near Me - Geo,Admissions,family intervention help,family intervention help,Phrase,https://harborridge.example.test/admissions,UT,47.11,1,Google Ads,System-Observed
TOUCH-001088,INQ-000626,2026-07-27T12:46:35,Organic,Google Organic,,,,,,,https://harborridge.example.test/treatment-programs,OR,,1,Google Organic,System-Observed
TOUCH-001089,INQ-000627,2026-07-15T11:24:44,Local,GBP,,,,,,,https://harborridge.example.test/contact,FL,,1,GBP,System-Observed
TOUCH-001090,INQ-000628,2026-07-19T07:33:33,Paid Search,Google Ads,CMP-1001,Behavioral Health - Brand,Residential Programs,inpatient mental health treatment,inpatient mental health treatment,Phrase,https://harborridge.example.test/admissions,CA,14.08,1,Google Ads,System-Observed
TOUCH-001091,INQ-000630,2026-07-14T10:12:10,Paid Search,Google Ads,CMP-1003,Detox Near Me - Geo,Residential Programs,inpatient mental health treatment,inpatient mental health treatment,Broad,https://harborridge.example.test/admissions,WA,21.85,1,Google Ads,System-Observed
TOUCH-001092,INQ-000631,2026-07-04T19:06:54,Organic,Google Organic,,,,,,,https://harborridge.example.test/treatment-programs,UT,,1,Google Organic,System-Observed
TOUCH-001093,INQ-000632,2026-07-06T12:03:37,Paid Search,Microsoft Ads,CMP-2002,Residential Treatment - Geo (Bing),Family Support,detox center near me,detox center near me,Exact,https://harborridge.example.test/admissions,NV,9.09,1,Microsoft Ads,System-Observed
TOUCH-001094,INQ-000634,2026-07-20T12:38:53,Local,GBP,,,,,,,https://harborridge.example.test/contact,WA,,1,GBP,System-Observed
TOUCH-001095,INQ-000635,2026-07-28T09:54:43,Direct,,,,,,,,https://harborridge.example.test/,FL,,1,Direct / Analytics,System-Observed
TOUCH-001096,INQ-000636,2026-07-16T08:16:29,Paid Social,Meta,CMP-3003,Local Community Awareness,Family Support,,,,https://harborridge.example.test/family-support,CA,12.77,1,Meta,System-Observed
TOUCH-001097,INQ-000637,2026-07-08T10:15:00,Organic,Google Organic,,,,,,,https://harborridge.example.test/treatment-programs,NV,,1,Google Organic,System-Observed
TOUCH-001098,INQ-000638,2026-07-03T13:48:01,Paid Social,Meta,CMP-3001,Family Support Awareness,Family Support,,,,https://harborridge.example.test/family-support,UT,13.05,1,Meta,System-Observed
TOUCH-001099,INQ-000639,2026-07-02T11:47:05,Local,GBP,,,,,,,https://harborridge.example.test/contact,WA,,1,GBP,System-Observed
TOUCH-001100,INQ-000640,2026-07-21T07:04:22,Paid Search,Google Ads,CMP-1005,Family Crisis - Non-Brand,Detox Programs,substance abuse treatment options,substance abuse treatment options,Phrase,https://harborridge.example.test/admissions,NY,22.95,1,Google Ads,System-Observed
TOUCH-001101,INQ-000641,2026-07-04T18:28:04,Organic,Google Organic,,,,,,,https://harborridge.example.test/treatment-programs,FL,,1,Google Organic,System-Observed
TOUCH-001102,INQ-000642,2026-07-05T13:03:21,Local,GBP,,,,,,,https://harborridge.example.test/contact,AZ,,1,GBP,System-Observed
TOUCH-001103,INQ-000643,2026-07-13T10:30:27,Paid Search,Google Ads,CMP-1001,Behavioral Health - Brand,Admissions,family intervention help,family intervention help,Phrase,https://harborridge.example.test/admissions,CA,43.14,1,Google Ads,System-Observed
TOUCH-001104,INQ-000644,2026-07-05T13:39:55,Paid Social,Meta,CMP-3003,Local Community Awareness,Community Awareness,,,,https://harborridge.example.test/family-support,AZ,12.2,1,Meta,System-Observed
TOUCH-001105,INQ-000645,2026-07-04T10:46:18,Local,GBP,,,,,,,https://harborridge.example.test/contact,TX,,1,GBP,System-Observed
TOUCH-001106,INQ-000648,2026-07-11T12:53:05,Paid Search,Google Ads,CMP-1001,Behavioral Health - Brand,Detox Programs,detox center near me,detox center near me,Phrase,https://harborridge.example.test/admissions,FL,21.13,1,Google Ads,System-Observed
TOUCH-001107,INQ-000650,2026-07-03T13:09:02,Paid Search,Microsoft Ads,CMP-2001,Behavioral Health - Brand (Bing),Residential Programs,residential treatment center,residential treatment center,Phrase,https://harborridge.example.test/admissions,WA,18.89,1,Microsoft Ads,System-Observed
TOUCH-001108,INQ-000652,2026-07-02T07:17:27,Local,GBP,,,,,,,https://harborridge.example.test/contact,TX,,1,GBP,System-Observed
TOUCH-001109,INQ-000653,2026-07-04T12:30:48,Paid Search,Google Ads,CMP-1002,Behavioral Health - Non-Brand,Detox Programs,substance abuse treatment options,substance abuse treatment options,Exact,https://harborridge.example.test/admissions,UT,41.7,1,Google Ads,System-Observed
TOUCH-001110,INQ-000655,2026-07-01T08:42:43,Organic,Google Organic,,,,,,,https://harborridge.example.test/treatment-programs,NY,,1,Google Organic,System-Observed
TOUCH-001111,INQ-000656,2026-07-08T19:07:01,Paid Search,Google Ads,CMP-1003,Detox Near Me - Geo,Residential Programs,residential treatment center,residential treatment center,Phrase,https://harborridge.example.test/admissions,NV,29.99,1,Google Ads,System-Observed
TOUCH-001112,INQ-000657,2026-07-10T15:29:01,Paid Search,Google Ads,CMP-1003,Detox Near Me - Geo,Detox Programs,family intervention help,family intervention help,Phrase,https://harborridge.example.test/admissions,NV,47.99,1,Google Ads,System-Observed
TOUCH-001113,INQ-000658,2026-07-06T07:16:51,Organic,Google Organic,,,,,,,https://harborridge.example.test/treatment-programs,FL,,1,Google Organic,System-Observed
TOUCH-001114,INQ-000660,2026-07-16T14:25:00,Organic,Google Organic,,,,,,,https://harborridge.example.test/treatment-programs,AZ,,1,Google Organic,System-Observed
TOUCH-001115,INQ-000661,2026-07-19T08:18:13,Paid Search,Google Ads,CMP-1001,Behavioral Health - Brand,Admissions,substance abuse treatment options,substance abuse treatment options,Broad,https://harborridge.example.test/admissions,UT,19.02,1,Google Ads,System-Observed
TOUCH-001116,,2026-07-17T16:01:39,Paid Search,Google Ads,CMP-1004,Residential Treatment - Geo,Detox Programs,behavioral health treatment near me,behavioral health treatment near me,Phrase,https://harborridge.example.test/admissions,AZ,27.03,0,Google Ads,System-Observed
TOUCH-001117,,2026-07-12T20:10:12,Paid Search,Google Ads,CMP-1001,Behavioral Health - Brand,Detox Programs,detox center near me,detox center near me,Phrase,https://harborridge.example.test/admissions,CA,31.36,0,Google Ads,System-Observed
TOUCH-001118,,2026-07-09T07:05:16,Paid Search,Google Ads,CMP-1004,Residential Treatment - Geo,Admissions,detox center near me,detox center near me,Broad,https://harborridge.example.test/admissions,AZ,23.69,0,Google Ads,System-Observed
TOUCH-001119,,2026-07-26T09:40:01,Paid Search,Google Ads,CMP-1002,Behavioral Health - Non-Brand,Admissions,inpatient mental health treatment,inpatient mental health treatment,Phrase,https://harborridge.example.test/admissions,OR,43.25,0,Google Ads,System-Observed
TOUCH-001120,,2026-07-29T20:57:25,Paid Search,Google Ads,CMP-1002,Behavioral Health - Non-Brand,Residential Programs,inpatient mental health treatment,inpatient mental health treatment,Broad,https://harborridge.example.test/admissions,CA,48.13,0,Google Ads,System-Observed
TOUCH-001121,,2026-07-03T12:00:44,Paid Search,Google Ads,CMP-1003,Detox Near Me - Geo,Residential Programs,family intervention help,family intervention help,Broad,https://harborridge.example.test/admissions,OR,38.81,0,Google Ads,System-Observed
TOUCH-001122,,2026-07-07T18:03:14,Paid Search,Google Ads,CMP-1003,Detox Near Me - Geo,Admissions,inpatient mental health treatment,inpatient mental health treatment,Exact,https://harborridge.example.test/admissions,UT,27.61,0,Google Ads,System-Observed
TOUCH-001123,,2026-07-11T14:04:56,Paid Search,Google Ads,CMP-1004,Residential Treatment - Geo,Family Support,detox center near me,detox center near me,Exact,https://harborridge.example.test/admissions,NV,22.07,0,Google Ads,System-Observed
TOUCH-001124,,2026-07-30T19:16:23,Paid Search,Google Ads,CMP-1002,Behavioral Health - Non-Brand,Detox Programs,family intervention help,family intervention help,Broad,https://harborridge.example.test/admissions,CO,43.4,0,Google Ads,System-Observed
TOUCH-001125,,2026-07-11T10:05:44,Paid Search,Google Ads,CMP-1005,Family Crisis - Non-Brand,Residential Programs,detox center near me,detox center near me,Phrase,https://harborridge.example.test/admissions,WA,26.26,0,Google Ads,System-Observed
TOUCH-001126,,2026-07-18T07:17:31,Paid Search,Google Ads,CMP-1004,Residential Treatment - Geo,Detox Programs,inpatient mental health treatment,inpatient mental health treatment,Phrase,https://harborridge.example.test/admissions,WA,26.54,0,Google Ads,System-Observed
TOUCH-001127,,2026-07-27T15:38:17,Paid Search,Google Ads,CMP-1002,Behavioral Health - Non-Brand,Admissions,behavioral health treatment near me,behavioral health treatment near me,Exact,https://harborridge.example.test/admissions,UT,26.83,0,Google Ads,System-Observed
TOUCH-001128,,2026-07-17T19:56:57,Paid Search,Google Ads,CMP-1001,Behavioral Health - Brand,Residential Programs,inpatient mental health treatment,inpatient mental health treatment,Broad,https://harborridge.example.test/admissions,CA,22.05,0,Google Ads,System-Observed
TOUCH-001129,,2026-07-29T13:46:01,Paid Search,Google Ads,CMP-1004,Residential Treatment - Geo,Family Support,family intervention help,family intervention help,Exact,https://harborridge.example.test/admissions,OR,22.04,0,Google Ads,System-Observed
TOUCH-001130,,2026-07-16T12:46:28,Paid Search,Google Ads,CMP-1002,Behavioral Health - Non-Brand,Residential Programs,substance abuse treatment options,substance abuse treatment options,Exact,https://harborridge.example.test/admissions,AZ,42.79,0,Google Ads,System-Observed
TOUCH-001131,,2026-07-25T12:39:58,Paid Search,Google Ads,CMP-1003,Detox Near Me - Geo,Family Support,residential treatment center,residential treatment center,Exact,https://harborridge.example.test/admissions,FL,48.42,0,Google Ads,System-Observed
TOUCH-001132,,2026-07-01T14:27:47,Paid Search,Google Ads,CMP-1005,Family Crisis - Non-Brand,Admissions,residential treatment center,residential treatment center,Exact,https://harborridge.example.test/admissions,NY,42.71,0,Google Ads,System-Observed
TOUCH-001133,,2026-07-17T15:36:29,Paid Search,Google Ads,CMP-1002,Behavioral Health - Non-Brand,Detox Programs,substance abuse treatment options,substance abuse treatment options,Phrase,https://harborridge.example.test/admissions,WA,28.6,0,Google Ads,System-Observed
TOUCH-001134,,2026-07-09T19:46:18,Paid Search,Google Ads,CMP-1001,Behavioral Health - Brand,Residential Programs,inpatient mental health treatment,inpatient mental health treatment,Exact,https://harborridge.example.test/admissions,NV,18.5,0,Google Ads,System-Observed
TOUCH-001135,,2026-07-14T20:19:54,Paid Search,Google Ads,CMP-1001,Behavioral Health - Brand,Family Support,inpatient mental health treatment,inpatient mental health treatment,Broad,https://harborridge.example.test/admissions,UT,14.64,0,Google Ads,System-Observed
TOUCH-001136,,2026-07-06T07:08:23,Paid Search,Google Ads,CMP-1002,Behavioral Health - Non-Brand,Admissions,detox center near me,detox center near me,Broad,https://harborridge.example.test/admissions,CO,23.9,0,Google Ads,System-Observed
TOUCH-001137,,2026-07-31T17:09:24,Paid Search,Google Ads,CMP-1004,Residential Treatment - Geo,Family Support,residential treatment center,residential treatment center,Phrase,https://harborridge.example.test/admissions,TX,34.21,0,Google Ads,System-Observed
TOUCH-001138,,2026-07-11T16:48:52,Paid Search,Google Ads,CMP-1003,Detox Near Me - Geo,Admissions,detox center near me,detox center near me,Phrase,https://harborridge.example.test/admissions,NY,17.2,0,Google Ads,System-Observed
TOUCH-001139,,2026-07-06T14:39:19,Paid Search,Google Ads,CMP-1005,Family Crisis - Non-Brand,Family Support,inpatient mental health treatment,inpatient mental health treatment,Phrase,https://harborridge.example.test/admissions,CO,23.35,0,Google Ads,System-Observed
TOUCH-001140,,2026-07-03T07:20:56,Paid Search,Google Ads,CMP-1001,Behavioral Health - Brand,Detox Programs,behavioral health treatment near me,behavioral health treatment near me,Broad,https://harborridge.example.test/admissions,FL,26.23,0,Google Ads,System-Observed
TOUCH-001141,,2026-07-22T14:05:31,Paid Search,Google Ads,CMP-1003,Detox Near Me - Geo,Residential Programs,behavioral health treatment near me,behavioral health treatment near me,Phrase,https://harborridge.example.test/admissions,NY,23.07,0,Google Ads,System-Observed
TOUCH-001142,,2026-07-31T16:37:00,Paid Search,Google Ads,CMP-1002,Behavioral Health - Non-Brand,Detox Programs,detox center near me,detox center near me,Exact,https://harborridge.example.test/admissions,UT,32.12,0,Google Ads,System-Observed
TOUCH-001143,,2026-07-30T08:26:15,Paid Search,Google Ads,CMP-1002,Behavioral Health - Non-Brand,Detox Programs,substance abuse treatment options,substance abuse treatment options,Phrase,https://harborridge.example.test/admissions,AZ,36.61,0,Google Ads,System-Observed
TOUCH-001144,,2026-07-20T15:07:49,Paid Search,Google Ads,CMP-1003,Detox Near Me - Geo,Admissions,detox center near me,detox center near me,Phrase,https://harborridge.example.test/admissions,UT,24.77,0,Google Ads,System-Observed
TOUCH-001145,,2026-07-01T14:00:24,Paid Search,Google Ads,CMP-1003,Detox Near Me - Geo,Detox Programs,substance abuse treatment options,substance abuse treatment options,Broad,https://harborridge.example.test/admissions,OR,44.47,0,Google Ads,System-Observed
TOUCH-001146,,2026-07-31T17:41:41,Paid Search,Google Ads,CMP-1001,Behavioral Health - Brand,Admissions,behavioral health treatment near me,behavioral health treatment near me,Broad,https://harborridge.example.test/admissions,TX,29.04,0,Google Ads,System-Observed
TOUCH-001147,,2026-07-18T18:22:28,Paid Search,Google Ads,CMP-1001,Behavioral Health - Brand,Admissions,detox center near me,detox center near me,Phrase,https://harborridge.example.test/admissions,OR,22.96,0,Google Ads,System-Observed
TOUCH-001148,,2026-07-27T08:21:48,Paid Search,Google Ads,CMP-1004,Residential Treatment - Geo,Family Support,substance abuse treatment options,substance abuse treatment options,Phrase,https://harborridge.example.test/admissions,CA,26.18,0,Google Ads,System-Observed
TOUCH-001149,,2026-07-07T07:12:44,Paid Search,Google Ads,CMP-1005,Family Crisis - Non-Brand,Detox Programs,detox center near me,detox center near me,Exact,https://harborridge.example.test/admissions,WA,21.41,0,Google Ads,System-Observed
TOUCH-001150,,2026-07-17T11:28:57,Paid Search,Google Ads,CMP-1003,Detox Near Me - Geo,Admissions,inpatient mental health treatment,inpatient mental health treatment,Phrase,https://harborridge.example.test/admissions,TX,22.77,0,Google Ads,System-Observed
TOUCH-001151,,2026-07-15T19:21:08,Paid Search,Google Ads,CMP-1003,Detox Near Me - Geo,Admissions,behavioral health treatment near me,behavioral health treatment near me,Phrase,https://harborridge.example.test/admissions,WA,36.07,0,Google Ads,System-Observed
TOUCH-001152,,2026-07-02T10:21:38,Paid Search,Google Ads,CMP-1001,Behavioral Health - Brand,Admissions,detox center near me,detox center near me,Broad,https://harborridge.example.test/admissions,CA,41.64,0,Google Ads,System-Observed
TOUCH-001153,,2026-07-10T07:49:35,Paid Search,Google Ads,CMP-1001,Behavioral Health - Brand,Family Support,behavioral health treatment near me,behavioral health treatment near me,Phrase,https://harborridge.example.test/admissions,OR,17.59,0,Google Ads,System-Observed
TOUCH-001154,,2026-07-20T16:59:58,Paid Search,Google Ads,CMP-1005,Family Crisis - Non-Brand,Family Support,inpatient mental health treatment,inpatient mental health treatment,Exact,https://harborridge.example.test/admissions,NV,24.1,0,Google Ads,System-Observed
TOUCH-001155,,2026-07-21T10:03:48,Paid Search,Google Ads,CMP-1001,Behavioral Health - Brand,Admissions,behavioral health treatment near me,behavioral health treatment near me,Phrase,https://harborridge.example.test/admissions,TX,18.01,0,Google Ads,System-Observed
TOUCH-001156,,2026-07-04T07:04:42,Paid Search,Google Ads,CMP-1004,Residential Treatment - Geo,Detox Programs,residential treatment center,residential treatment center,Broad,https://harborridge.example.test/admissions,NV,19.07,0,Google Ads,System-Observed
TOUCH-001157,,2026-07-23T12:22:44,Paid Search,Google Ads,CMP-1003,Detox Near Me - Geo,Detox Programs,residential treatment center,residential treatment center,Exact,https://harborridge.example.test/admissions,OR,17.23,0,Google Ads,System-Observed
TOUCH-001158,,2026-07-26T14:45:36,Paid Search,Google Ads,CMP-1004,Residential Treatment - Geo,Family Support,residential treatment center,residential treatment center,Broad,https://harborridge.example.test/admissions,FL,40.35,0,Google Ads,System-Observed
TOUCH-001159,,2026-07-24T13:30:55,Paid Search,Google Ads,CMP-1001,Behavioral Health - Brand,Residential Programs,detox center near me,detox center near me,Phrase,https://harborridge.example.test/admissions,FL,37.89,0,Google Ads,System-Observed
TOUCH-001160,,2026-07-29T18:25:07,Paid Search,Google Ads,CMP-1001,Behavioral Health - Brand,Family Support,behavioral health treatment near me,behavioral health treatment near me,Exact,https://harborridge.example.test/admissions,CO,17.08,0,Google Ads,System-Observed
TOUCH-001161,,2026-07-21T14:44:34,Paid Search,Google Ads,CMP-1004,Residential Treatment - Geo,Family Support,substance abuse treatment options,substance abuse treatment options,Broad,https://harborridge.example.test/admissions,NY,23.15,0,Google Ads,System-Observed
TOUCH-001162,,2026-07-30T10:49:35,Paid Search,Google Ads,CMP-1002,Behavioral Health - Non-Brand,Family Support,detox center near me,detox center near me,Exact,https://harborridge.example.test/admissions,NV,46.68,0,Google Ads,System-Observed
TOUCH-001163,,2026-07-23T11:20:23,Paid Search,Google Ads,CMP-1001,Behavioral Health - Brand,Admissions,residential treatment center,residential treatment center,Broad,https://harborridge.example.test/admissions,NV,36.72,0,Google Ads,System-Observed
TOUCH-001164,,2026-07-03T09:49:42,Paid Search,Google Ads,CMP-1004,Residential Treatment - Geo,Detox Programs,detox center near me,detox center near me,Phrase,https://harborridge.example.test/admissions,UT,36.21,0,Google Ads,System-Observed
TOUCH-001165,,2026-07-28T08:49:07,Paid Search,Google Ads,CMP-1004,Residential Treatment - Geo,Detox Programs,family intervention help,family intervention help,Exact,https://harborridge.example.test/admissions,CO,36.45,0,Google Ads,System-Observed
TOUCH-001166,,2026-07-28T10:24:40,Paid Search,Google Ads,CMP-1003,Detox Near Me - Geo,Residential Programs,family intervention help,family intervention help,Phrase,https://harborridge.example.test/admissions,WA,29.84,0,Google Ads,System-Observed
TOUCH-001167,,2026-07-10T09:18:03,Paid Search,Google Ads,CMP-1001,Behavioral Health - Brand,Residential Programs,behavioral health treatment near me,behavioral health treatment near me,Exact,https://harborridge.example.test/admissions,UT,22.21,0,Google Ads,System-Observed
TOUCH-001168,,2026-07-03T20:40:56,Paid Search,Google Ads,CMP-1004,Residential Treatment - Geo,Residential Programs,detox center near me,detox center near me,Phrase,https://harborridge.example.test/admissions,WA,31.09,0,Google Ads,System-Observed
TOUCH-001169,,2026-07-06T13:26:22,Paid Search,Google Ads,CMP-1003,Detox Near Me - Geo,Residential Programs,detox center near me,detox center near me,Phrase,https://harborridge.example.test/admissions,CO,47.11,0,Google Ads,System-Observed
TOUCH-001170,,2026-07-19T12:59:30,Paid Search,Google Ads,CMP-1002,Behavioral Health - Non-Brand,Family Support,family intervention help,family intervention help,Phrase,https://harborridge.example.test/admissions,FL,46.43,0,Google Ads,System-Observed
TOUCH-001171,,2026-07-11T15:17:04,Paid Search,Google Ads,CMP-1002,Behavioral Health - Non-Brand,Family Support,inpatient mental health treatment,inpatient mental health treatment,Broad,https://harborridge.example.test/admissions,OR,16.83,0,Google Ads,System-Observed
TOUCH-001172,,2026-07-23T08:59:22,Paid Search,Google Ads,CMP-1005,Family Crisis - Non-Brand,Admissions,behavioral health treatment near me,behavioral health treatment near me,Broad,https://harborridge.example.test/admissions,UT,48.14,0,Google Ads,System-Observed
TOUCH-001173,,2026-07-25T18:41:44,Paid Search,Google Ads,CMP-1001,Behavioral Health - Brand,Family Support,inpatient mental health treatment,inpatient mental health treatment,Exact,https://harborridge.example.test/admissions,TX,29.39,0,Google Ads,System-Observed
TOUCH-001174,,2026-07-07T15:17:52,Paid Search,Google Ads,CMP-1004,Residential Treatment - Geo,Admissions,behavioral health treatment near me,behavioral health treatment near me,Broad,https://harborridge.example.test/admissions,CO,16.38,0,Google Ads,System-Observed
TOUCH-001175,,2026-07-10T16:51:45,Paid Search,Google Ads,CMP-1003,Detox Near Me - Geo,Detox Programs,behavioral health treatment near me,behavioral health treatment near me,Phrase,https://harborridge.example.test/admissions,FL,23.97,0,Google Ads,System-Observed
TOUCH-001176,,2026-07-03T14:23:11,Paid Search,Google Ads,CMP-1001,Behavioral Health - Brand,Residential Programs,family intervention help,family intervention help,Exact,https://harborridge.example.test/admissions,AZ,31.94,0,Google Ads,System-Observed
TOUCH-001177,,2026-07-21T09:04:06,Paid Search,Google Ads,CMP-1001,Behavioral Health - Brand,Residential Programs,residential treatment center,residential treatment center,Phrase,https://harborridge.example.test/admissions,NY,29.92,0,Google Ads,System-Observed
TOUCH-001178,,2026-07-29T12:39:20,Paid Search,Google Ads,CMP-1002,Behavioral Health - Non-Brand,Admissions,detox center near me,detox center near me,Phrase,https://harborridge.example.test/admissions,UT,47.63,0,Google Ads,System-Observed
TOUCH-001179,,2026-07-20T08:26:34,Paid Search,Google Ads,CMP-1001,Behavioral Health - Brand,Detox Programs,inpatient mental health treatment,inpatient mental health treatment,Broad,https://harborridge.example.test/admissions,CA,25.35,0,Google Ads,System-Observed
TOUCH-001180,,2026-07-10T20:34:54,Paid Search,Google Ads,CMP-1003,Detox Near Me - Geo,Residential Programs,substance abuse treatment options,substance abuse treatment options,Exact,https://harborridge.example.test/admissions,NY,41.47,0,Google Ads,System-Observed
TOUCH-001181,,2026-07-03T20:19:54,Paid Search,Google Ads,CMP-1003,Detox Near Me - Geo,Family Support,inpatient mental health treatment,inpatient mental health treatment,Exact,https://harborridge.example.test/admissions,CA,21.68,0,Google Ads,System-Observed
TOUCH-001182,,2026-07-02T18:35:24,Paid Search,Google Ads,CMP-1002,Behavioral Health - Non-Brand,Family Support,substance abuse treatment options,substance abuse treatment options,Phrase,https://harborridge.example.test/admissions,OR,17.67,0,Google Ads,System-Observed
TOUCH-001183,,2026-07-26T13:19:29,Paid Search,Google Ads,CMP-1003,Detox Near Me - Geo,Residential Programs,residential treatment center,residential treatment center,Phrase,https://harborridge.example.test/admissions,UT,28.01,0,Google Ads,System-Observed
TOUCH-001184,,2026-07-10T19:59:10,Paid Search,Google Ads,CMP-1004,Residential Treatment - Geo,Family Support,inpatient mental health treatment,inpatient mental health treatment,Broad,https://harborridge.example.test/admissions,UT,31.99,0,Google Ads,System-Observed
TOUCH-001185,,2026-07-19T17:28:01,Paid Search,Google Ads,CMP-1005,Family Crisis - Non-Brand,Family Support,inpatient mental health treatment,inpatient mental health treatment,Broad,https://harborridge.example.test/admissions,UT,28.51,0,Google Ads,System-Observed
TOUCH-001186,,2026-07-15T15:50:01,Paid Search,Google Ads,CMP-1002,Behavioral Health - Non-Brand,Detox Programs,residential treatment center,residential treatment center,Exact,https://harborridge.example.test/admissions,UT,44.81,0,Google Ads,System-Observed
TOUCH-001187,,2026-07-09T12:51:48,Paid Search,Google Ads,CMP-1003,Detox Near Me - Geo,Admissions,behavioral health treatment near me,behavioral health treatment near me,Broad,https://harborridge.example.test/admissions,FL,22.08,0,Google Ads,System-Observed
TOUCH-001188,,2026-07-02T07:51:10,Paid Search,Google Ads,CMP-1002,Behavioral Health - Non-Brand,Detox Programs,detox center near me,detox center near me,Phrase,https://harborridge.example.test/admissions,FL,47.23,0,Google Ads,System-Observed
TOUCH-001189,,2026-07-21T08:35:25,Paid Search,Google Ads,CMP-1001,Behavioral Health - Brand,Detox Programs,substance abuse treatment options,substance abuse treatment options,Exact,https://harborridge.example.test/admissions,WA,32.75,0,Google Ads,System-Observed
TOUCH-001190,,2026-07-08T12:41:49,Paid Search,Google Ads,CMP-1004,Residential Treatment - Geo,Family Support,family intervention help,family intervention help,Exact,https://harborridge.example.test/admissions,CO,21.82,0,Google Ads,System-Observed
TOUCH-001191,,2026-07-24T14:44:08,Paid Search,Google Ads,CMP-1005,Family Crisis - Non-Brand,Admissions,residential treatment center,residential treatment center,Broad,https://harborridge.example.test/admissions,CA,21.99,0,Google Ads,System-Observed
TOUCH-001192,,2026-07-30T15:18:48,Paid Search,Google Ads,CMP-1004,Residential Treatment - Geo,Admissions,behavioral health treatment near me,behavioral health treatment near me,Phrase,https://harborridge.example.test/admissions,TX,18.98,0,Google Ads,System-Observed
TOUCH-001193,,2026-07-08T15:55:25,Paid Search,Google Ads,CMP-1004,Residential Treatment - Geo,Family Support,residential treatment center,residential treatment center,Phrase,https://harborridge.example.test/admissions,CO,34.93,0,Google Ads,System-Observed
TOUCH-001194,,2026-07-27T17:15:35,Paid Search,Google Ads,CMP-1005,Family Crisis - Non-Brand,Admissions,family intervention help,family intervention help,Exact,https://harborridge.example.test/admissions,NV,36.04,0,Google Ads,System-Observed
TOUCH-001195,,2026-07-01T09:12:48,Paid Search,Google Ads,CMP-1003,Detox Near Me - Geo,Family Support,inpatient mental health treatment,inpatient mental health treatment,Phrase,https://harborridge.example.test/admissions,OR,41.7,0,Google Ads,System-Observed
TOUCH-001196,,2026-07-21T10:43:06,Paid Search,Google Ads,CMP-1001,Behavioral Health - Brand,Family Support,family intervention help,family intervention help,Phrase,https://harborridge.example.test/admissions,WA,30.86,0,Google Ads,System-Observed
TOUCH-001197,,2026-07-30T15:56:00,Paid Search,Google Ads,CMP-1001,Behavioral Health - Brand,Family Support,detox center near me,detox center near me,Exact,https://harborridge.example.test/admissions,CO,23.58,0,Google Ads,System-Observed
TOUCH-001198,,2026-07-06T13:30:02,Paid Search,Google Ads,CMP-1004,Residential Treatment - Geo,Detox Programs,substance abuse treatment options,substance abuse treatment options,Broad,https://harborridge.example.test/admissions,WA,34.33,0,Google Ads,System-Observed
TOUCH-001199,,2026-07-19T10:32:35,Paid Search,Google Ads,CMP-1002,Behavioral Health - Non-Brand,Residential Programs,behavioral health treatment near me,behavioral health treatment near me,Broad,https://harborridge.example.test/admissions,AZ,30.53,0,Google Ads,System-Observed
TOUCH-001200,,2026-07-25T18:56:59,Paid Search,Google Ads,CMP-1003,Detox Near Me - Geo,Family Support,behavioral health treatment near me,behavioral health treatment near me,Exact,https://harborridge.example.test/admissions,NY,36.51,0,Google Ads,System-Observed
TOUCH-001201,,2026-07-06T15:08:42,Paid Search,Google Ads,CMP-1002,Behavioral Health - Non-Brand,Admissions,behavioral health treatment near me,behavioral health treatment near me,Exact,https://harborridge.example.test/admissions,OR,21.56,0,Google Ads,System-Observed
TOUCH-001202,,2026-07-12T11:40:59,Paid Search,Google Ads,CMP-1003,Detox Near Me - Geo,Admissions,inpatient mental health treatment,inpatient mental health treatment,Broad,https://harborridge.example.test/admissions,FL,20.08,0,Google Ads,System-Observed
TOUCH-001203,,2026-07-01T10:08:39,Paid Search,Google Ads,CMP-1002,Behavioral Health - Non-Brand,Admissions,behavioral health treatment near me,behavioral health treatment near me,Exact,https://harborridge.example.test/admissions,UT,16.24,0,Google Ads,System-Observed
TOUCH-001204,,2026-07-20T18:16:36,Paid Search,Google Ads,CMP-1005,Family Crisis - Non-Brand,Family Support,inpatient mental health treatment,inpatient mental health treatment,Exact,https://harborridge.example.test/admissions,CA,18.63,0,Google Ads,System-Observed
TOUCH-001205,,2026-07-21T09:54:23,Paid Search,Google Ads,CMP-1003,Detox Near Me - Geo,Admissions,family intervention help,family intervention help,Phrase,https://harborridge.example.test/admissions,CO,43.46,0,Google Ads,System-Observed
TOUCH-001206,,2026-07-06T20:49:37,Paid Search,Google Ads,CMP-1002,Behavioral Health - Non-Brand,Residential Programs,behavioral health treatment near me,behavioral health treatment near me,Broad,https://harborridge.example.test/admissions,TX,24.12,0,Google Ads,System-Observed
TOUCH-001207,,2026-07-23T20:19:27,Paid Search,Google Ads,CMP-1002,Behavioral Health - Non-Brand,Residential Programs,inpatient mental health treatment,inpatient mental health treatment,Exact,https://harborridge.example.test/admissions,OR,40.22,0,Google Ads,System-Observed
TOUCH-001208,,2026-07-04T13:38:12,Paid Search,Google Ads,CMP-1004,Residential Treatment - Geo,Residential Programs,detox center near me,detox center near me,Phrase,https://harborridge.example.test/admissions,AZ,28.85,0,Google Ads,System-Observed
TOUCH-001209,,2026-07-13T14:11:53,Paid Search,Google Ads,CMP-1004,Residential Treatment - Geo,Family Support,residential treatment center,residential treatment center,Broad,https://harborridge.example.test/admissions,CA,20.29,0,Google Ads,System-Observed
TOUCH-001210,,2026-07-01T13:42:19,Paid Search,Google Ads,CMP-1002,Behavioral Health - Non-Brand,Residential Programs,family intervention help,family intervention help,Exact,https://harborridge.example.test/admissions,UT,20.14,0,Google Ads,System-Observed
TOUCH-001211,,2026-07-14T09:47:55,Paid Search,Google Ads,CMP-1004,Residential Treatment - Geo,Admissions,family intervention help,family intervention help,Phrase,https://harborridge.example.test/admissions,AZ,16.13,0,Google Ads,System-Observed
TOUCH-001212,,2026-07-16T20:30:22,Paid Search,Google Ads,CMP-1004,Residential Treatment - Geo,Residential Programs,inpatient mental health treatment,inpatient mental health treatment,Phrase,https://harborridge.example.test/admissions,NV,42.01,0,Google Ads,System-Observed
TOUCH-001213,,2026-07-28T16:53:11,Paid Search,Google Ads,CMP-1004,Residential Treatment - Geo,Admissions,detox center near me,detox center near me,Broad,https://harborridge.example.test/admissions,OR,42.81,0,Google Ads,System-Observed
TOUCH-001214,,2026-07-26T19:19:21,Paid Search,Google Ads,CMP-1002,Behavioral Health - Non-Brand,Residential Programs,substance abuse treatment options,substance abuse treatment options,Phrase,https://harborridge.example.test/admissions,WA,32.13,0,Google Ads,System-Observed
TOUCH-001215,,2026-07-14T12:21:03,Paid Search,Google Ads,CMP-1004,Residential Treatment - Geo,Family Support,inpatient mental health treatment,inpatient mental health treatment,Phrase,https://harborridge.example.test/admissions,NV,40.01,0,Google Ads,System-Observed
TOUCH-001216,,2026-07-12T17:25:10,Paid Search,Google Ads,CMP-1004,Residential Treatment - Geo,Admissions,inpatient mental health treatment,inpatient mental health treatment,Broad,https://harborridge.example.test/admissions,TX,25.28,0,Google Ads,System-Observed
TOUCH-001217,,2026-07-27T14:49:24,Paid Search,Google Ads,CMP-1004,Residential Treatment - Geo,Residential Programs,detox center near me,detox center near me,Phrase,https://harborridge.example.test/admissions,OR,39.25,0,Google Ads,System-Observed
TOUCH-001218,,2026-07-29T07:06:45,Paid Search,Google Ads,CMP-1003,Detox Near Me - Geo,Family Support,residential treatment center,residential treatment center,Phrase,https://harborridge.example.test/admissions,UT,38.68,0,Google Ads,System-Observed
TOUCH-001219,,2026-07-09T14:28:04,Paid Search,Google Ads,CMP-1004,Residential Treatment - Geo,Residential Programs,behavioral health treatment near me,behavioral health treatment near me,Broad,https://harborridge.example.test/admissions,AZ,31.7,0,Google Ads,System-Observed
TOUCH-001220,,2026-07-01T17:42:27,Paid Search,Google Ads,CMP-1003,Detox Near Me - Geo,Admissions,behavioral health treatment near me,behavioral health treatment near me,Phrase,https://harborridge.example.test/admissions,NV,19.87,0,Google Ads,System-Observed
TOUCH-001221,,2026-07-24T20:21:03,Paid Search,Google Ads,CMP-1002,Behavioral Health - Non-Brand,Detox Programs,behavioral health treatment near me,behavioral health treatment near me,Broad,https://harborridge.example.test/admissions,NY,18.44,0,Google Ads,System-Observed
TOUCH-001222,,2026-07-09T07:51:08,Paid Search,Google Ads,CMP-1005,Family Crisis - Non-Brand,Family Support,family intervention help,family intervention help,Phrase,https://harborridge.example.test/admissions,TX,37.8,0,Google Ads,System-Observed
TOUCH-001223,,2026-07-13T20:00:20,Paid Search,Google Ads,CMP-1004,Residential Treatment - Geo,Family Support,family intervention help,family intervention help,Exact,https://harborridge.example.test/admissions,UT,41.42,0,Google Ads,System-Observed
TOUCH-001224,,2026-07-27T08:47:27,Paid Search,Google Ads,CMP-1003,Detox Near Me - Geo,Detox Programs,residential treatment center,residential treatment center,Exact,https://harborridge.example.test/admissions,CA,42.99,0,Google Ads,System-Observed
TOUCH-001225,,2026-07-15T10:03:38,Paid Search,Google Ads,CMP-1003,Detox Near Me - Geo,Admissions,detox center near me,detox center near me,Broad,https://harborridge.example.test/admissions,AZ,36.38,0,Google Ads,System-Observed
TOUCH-001226,,2026-07-16T14:42:37,Paid Search,Google Ads,CMP-1004,Residential Treatment - Geo,Family Support,substance abuse treatment options,substance abuse treatment options,Broad,https://harborridge.example.test/admissions,CA,39.2,0,Google Ads,System-Observed
TOUCH-001227,,2026-07-29T20:50:41,Paid Search,Google Ads,CMP-1003,Detox Near Me - Geo,Residential Programs,residential treatment center,residential treatment center,Phrase,https://harborridge.example.test/admissions,NV,49.35,0,Google Ads,System-Observed
TOUCH-001228,,2026-07-16T12:26:57,Paid Search,Google Ads,CMP-1001,Behavioral Health - Brand,Family Support,family intervention help,family intervention help,Broad,https://harborridge.example.test/admissions,FL,15.39,0,Google Ads,System-Observed
TOUCH-001229,,2026-07-05T13:46:55,Paid Search,Google Ads,CMP-1003,Detox Near Me - Geo,Detox Programs,substance abuse treatment options,substance abuse treatment options,Exact,https://harborridge.example.test/admissions,WA,16.19,0,Google Ads,System-Observed
TOUCH-001230,,2026-07-13T10:47:07,Paid Search,Google Ads,CMP-1003,Detox Near Me - Geo,Residential Programs,detox center near me,detox center near me,Phrase,https://harborridge.example.test/admissions,TX,45.38,0,Google Ads,System-Observed
TOUCH-001231,,2026-07-25T16:03:37,Paid Search,Google Ads,CMP-1001,Behavioral Health - Brand,Family Support,inpatient mental health treatment,inpatient mental health treatment,Exact,https://harborridge.example.test/admissions,TX,41.37,0,Google Ads,System-Observed
TOUCH-001232,,2026-07-24T08:19:11,Paid Search,Google Ads,CMP-1004,Residential Treatment - Geo,Family Support,inpatient mental health treatment,inpatient mental health treatment,Broad,https://harborridge.example.test/admissions,FL,40.0,0,Google Ads,System-Observed
TOUCH-001233,,2026-07-04T11:54:43,Paid Search,Google Ads,CMP-1002,Behavioral Health - Non-Brand,Residential Programs,family intervention help,family intervention help,Phrase,https://harborridge.example.test/admissions,NV,42.99,0,Google Ads,System-Observed
TOUCH-001234,,2026-07-07T12:36:34,Paid Search,Google Ads,CMP-1005,Family Crisis - Non-Brand,Detox Programs,family intervention help,family intervention help,Broad,https://harborridge.example.test/admissions,TX,34.63,0,Google Ads,System-Observed
TOUCH-001235,,2026-07-26T10:27:22,Paid Search,Google Ads,CMP-1005,Family Crisis - Non-Brand,Detox Programs,inpatient mental health treatment,inpatient mental health treatment,Phrase,https://harborridge.example.test/admissions,TX,45.97,0,Google Ads,System-Observed
TOUCH-001236,,2026-07-14T20:53:08,Paid Search,Google Ads,CMP-1001,Behavioral Health - Brand,Family Support,family intervention help,family intervention help,Exact,https://harborridge.example.test/admissions,CA,18.69,0,Google Ads,System-Observed
TOUCH-001237,,2026-07-10T08:38:44,Paid Search,Google Ads,CMP-1002,Behavioral Health - Non-Brand,Admissions,behavioral health treatment near me,behavioral health treatment near me,Phrase,https://harborridge.example.test/admissions,OR,19.12,0,Google Ads,System-Observed
TOUCH-001238,,2026-07-02T14:58:02,Paid Search,Google Ads,CMP-1005,Family Crisis - Non-Brand,Residential Programs,behavioral health treatment near me,behavioral health treatment near me,Phrase,https://harborridge.example.test/admissions,NY,20.26,0,Google Ads,System-Observed
TOUCH-001239,,2026-07-07T16:04:28,Paid Search,Google Ads,CMP-1002,Behavioral Health - Non-Brand,Admissions,family intervention help,family intervention help,Phrase,https://harborridge.example.test/admissions,CA,45.88,0,Google Ads,System-Observed
TOUCH-001240,,2026-07-16T16:04:31,Paid Search,Google Ads,CMP-1005,Family Crisis - Non-Brand,Family Support,behavioral health treatment near me,behavioral health treatment near me,Broad,https://harborridge.example.test/admissions,AZ,33.5,0,Google Ads,System-Observed
TOUCH-001241,,2026-07-07T08:14:30,Paid Search,Google Ads,CMP-1002,Behavioral Health - Non-Brand,Detox Programs,substance abuse treatment options,substance abuse treatment options,Broad,https://harborridge.example.test/admissions,CA,39.3,0,Google Ads,System-Observed
TOUCH-001242,,2026-07-16T12:24:33,Paid Search,Google Ads,CMP-1004,Residential Treatment - Geo,Detox Programs,family intervention help,family intervention help,Exact,https://harborridge.example.test/admissions,OR,21.0,0,Google Ads,System-Observed
TOUCH-001243,,2026-07-23T17:55:19,Paid Search,Google Ads,CMP-1004,Residential Treatment - Geo,Detox Programs,inpatient mental health treatment,inpatient mental health treatment,Phrase,https://harborridge.example.test/admissions,CA,37.26,0,Google Ads,System-Observed
TOUCH-001244,,2026-07-09T13:14:44,Paid Search,Google Ads,CMP-1002,Behavioral Health - Non-Brand,Residential Programs,family intervention help,family intervention help,Phrase,https://harborridge.example.test/admissions,OR,26.37,0,Google Ads,System-Observed
TOUCH-001245,,2026-07-24T07:14:57,Paid Search,Google Ads,CMP-1005,Family Crisis - Non-Brand,Admissions,detox center near me,detox center near me,Phrase,https://harborridge.example.test/admissions,UT,46.09,0,Google Ads,System-Observed
TOUCH-001246,,2026-07-03T11:10:56,Paid Search,Google Ads,CMP-1003,Detox Near Me - Geo,Family Support,inpatient mental health treatment,inpatient mental health treatment,Exact,https://harborridge.example.test/admissions,UT,20.59,0,Google Ads,System-Observed
TOUCH-001247,,2026-07-28T07:27:56,Paid Search,Google Ads,CMP-1004,Residential Treatment - Geo,Family Support,inpatient mental health treatment,inpatient mental health treatment,Exact,https://harborridge.example.test/admissions,NY,41.74,0,Google Ads,System-Observed
TOUCH-001248,,2026-07-27T20:42:19,Paid Search,Google Ads,CMP-1005,Family Crisis - Non-Brand,Detox Programs,behavioral health treatment near me,behavioral health treatment near me,Phrase,https://harborridge.example.test/admissions,NV,20.85,0,Google Ads,System-Observed
TOUCH-001249,,2026-07-24T17:26:44,Paid Search,Google Ads,CMP-1003,Detox Near Me - Geo,Residential Programs,family intervention help,family intervention help,Phrase,https://harborridge.example.test/admissions,FL,42.45,0,Google Ads,System-Observed
TOUCH-001250,,2026-07-29T19:44:52,Paid Search,Google Ads,CMP-1003,Detox Near Me - Geo,Admissions,family intervention help,family intervention help,Broad,https://harborridge.example.test/admissions,NY,29.93,0,Google Ads,System-Observed
TOUCH-001251,,2026-07-29T20:56:29,Paid Search,Google Ads,CMP-1003,Detox Near Me - Geo,Residential Programs,residential treatment center,residential treatment center,Broad,https://harborridge.example.test/admissions,NY,17.89,0,Google Ads,System-Observed
TOUCH-001252,,2026-07-21T15:52:45,Paid Search,Google Ads,CMP-1004,Residential Treatment - Geo,Detox Programs,behavioral health treatment near me,behavioral health treatment near me,Phrase,https://harborridge.example.test/admissions,CO,26.86,0,Google Ads,System-Observed
TOUCH-001253,,2026-07-20T13:16:22,Paid Search,Google Ads,CMP-1002,Behavioral Health - Non-Brand,Detox Programs,inpatient mental health treatment,inpatient mental health treatment,Broad,https://harborridge.example.test/admissions,NY,38.89,0,Google Ads,System-Observed
TOUCH-001254,,2026-07-05T10:22:23,Paid Search,Google Ads,CMP-1003,Detox Near Me - Geo,Residential Programs,inpatient mental health treatment,inpatient mental health treatment,Broad,https://harborridge.example.test/admissions,TX,44.53,0,Google Ads,System-Observed
TOUCH-001255,,2026-07-28T17:56:10,Paid Search,Google Ads,CMP-1004,Residential Treatment - Geo,Residential Programs,behavioral health treatment near me,behavioral health treatment near me,Exact,https://harborridge.example.test/admissions,UT,30.53,0,Google Ads,System-Observed
TOUCH-001256,,2026-07-10T18:06:20,Paid Search,Google Ads,CMP-1004,Residential Treatment - Geo,Family Support,residential treatment center,residential treatment center,Exact,https://harborridge.example.test/admissions,CA,19.45,0,Google Ads,System-Observed
TOUCH-001257,,2026-07-31T12:54:27,Paid Search,Google Ads,CMP-1003,Detox Near Me - Geo,Residential Programs,detox center near me,detox center near me,Broad,https://harborridge.example.test/admissions,AZ,37.57,0,Google Ads,System-Observed
TOUCH-001258,,2026-07-20T09:47:43,Paid Search,Google Ads,CMP-1002,Behavioral Health - Non-Brand,Family Support,family intervention help,family intervention help,Phrase,https://harborridge.example.test/admissions,AZ,23.35,0,Google Ads,System-Observed
TOUCH-001259,,2026-07-24T08:33:47,Paid Search,Google Ads,CMP-1002,Behavioral Health - Non-Brand,Detox Programs,inpatient mental health treatment,inpatient mental health treatment,Phrase,https://harborridge.example.test/admissions,CO,29.12,0,Google Ads,System-Observed
TOUCH-001260,,2026-07-23T15:21:37,Paid Search,Google Ads,CMP-1001,Behavioral Health - Brand,Residential Programs,behavioral health treatment near me,behavioral health treatment near me,Exact,https://harborridge.example.test/admissions,UT,25.63,0,Google Ads,System-Observed
TOUCH-001261,,2026-07-09T19:03:40,Paid Search,Google Ads,CMP-1003,Detox Near Me - Geo,Admissions,family intervention help,family intervention help,Broad,https://harborridge.example.test/admissions,CO,25.86,0,Google Ads,System-Observed
TOUCH-001262,,2026-07-23T16:18:05,Paid Search,Google Ads,CMP-1004,Residential Treatment - Geo,Admissions,family intervention help,family intervention help,Exact,https://harborridge.example.test/admissions,NY,34.79,0,Google Ads,System-Observed
TOUCH-001263,,2026-07-29T15:33:07,Paid Search,Google Ads,CMP-1005,Family Crisis - Non-Brand,Detox Programs,residential treatment center,residential treatment center,Exact,https://harborridge.example.test/admissions,WA,26.99,0,Google Ads,System-Observed
TOUCH-001264,,2026-07-31T13:45:28,Paid Search,Google Ads,CMP-1002,Behavioral Health - Non-Brand,Family Support,detox center near me,detox center near me,Broad,https://harborridge.example.test/admissions,WA,16.29,0,Google Ads,System-Observed
TOUCH-001265,,2026-07-10T12:21:52,Paid Search,Google Ads,CMP-1004,Residential Treatment - Geo,Detox Programs,family intervention help,family intervention help,Broad,https://harborridge.example.test/admissions,NY,38.29,0,Google Ads,System-Observed
TOUCH-001266,,2026-07-05T14:37:46,Paid Search,Google Ads,CMP-1002,Behavioral Health - Non-Brand,Family Support,family intervention help,family intervention help,Exact,https://harborridge.example.test/admissions,NY,49.04,0,Google Ads,System-Observed
TOUCH-001267,,2026-07-26T07:54:18,Paid Search,Google Ads,CMP-1001,Behavioral Health - Brand,Admissions,substance abuse treatment options,substance abuse treatment options,Phrase,https://harborridge.example.test/admissions,FL,35.48,0,Google Ads,System-Observed
TOUCH-001268,,2026-07-21T17:46:04,Paid Search,Google Ads,CMP-1002,Behavioral Health - Non-Brand,Admissions,residential treatment center,residential treatment center,Phrase,https://harborridge.example.test/admissions,TX,25.04,0,Google Ads,System-Observed
TOUCH-001269,,2026-07-26T07:51:41,Paid Search,Google Ads,CMP-1004,Residential Treatment - Geo,Detox Programs,behavioral health treatment near me,behavioral health treatment near me,Exact,https://harborridge.example.test/admissions,CA,20.59,0,Google Ads,System-Observed
TOUCH-001270,,2026-07-26T19:54:21,Paid Search,Google Ads,CMP-1005,Family Crisis - Non-Brand,Residential Programs,behavioral health treatment near me,behavioral health treatment near me,Phrase,https://harborridge.example.test/admissions,CA,33.02,0,Google Ads,System-Observed
TOUCH-001271,,2026-07-05T08:17:11,Paid Search,Google Ads,CMP-1002,Behavioral Health - Non-Brand,Detox Programs,family intervention help,family intervention help,Exact,https://harborridge.example.test/admissions,NY,38.78,0,Google Ads,System-Observed
TOUCH-001272,,2026-07-30T07:27:05,Paid Search,Google Ads,CMP-1002,Behavioral Health - Non-Brand,Admissions,behavioral health treatment near me,behavioral health treatment near me,Exact,https://harborridge.example.test/admissions,CO,27.73,0,Google Ads,System-Observed
TOUCH-001273,,2026-07-09T19:27:35,Paid Search,Google Ads,CMP-1005,Family Crisis - Non-Brand,Admissions,detox center near me,detox center near me,Broad,https://harborridge.example.test/admissions,CO,42.19,0,Google Ads,System-Observed
TOUCH-001274,,2026-07-01T13:27:40,Paid Search,Google Ads,CMP-1003,Detox Near Me - Geo,Family Support,detox center near me,detox center near me,Phrase,https://harborridge.example.test/admissions,OR,16.42,0,Google Ads,System-Observed
TOUCH-001275,,2026-07-27T07:41:05,Paid Search,Google Ads,CMP-1005,Family Crisis - Non-Brand,Family Support,residential treatment center,residential treatment center,Broad,https://harborridge.example.test/admissions,WA,48.43,0,Google Ads,System-Observed
TOUCH-001276,,2026-07-19T13:45:41,Paid Search,Google Ads,CMP-1005,Family Crisis - Non-Brand,Residential Programs,family intervention help,family intervention help,Broad,https://harborridge.example.test/admissions,WA,27.04,0,Google Ads,System-Observed
TOUCH-001277,,2026-07-20T14:18:58,Paid Search,Google Ads,CMP-1004,Residential Treatment - Geo,Detox Programs,behavioral health treatment near me,behavioral health treatment near me,Exact,https://harborridge.example.test/admissions,NV,17.89,0,Google Ads,System-Observed
TOUCH-001278,,2026-07-20T19:27:25,Paid Search,Google Ads,CMP-1005,Family Crisis - Non-Brand,Detox Programs,family intervention help,family intervention help,Exact,https://harborridge.example.test/admissions,AZ,42.41,0,Google Ads,System-Observed
TOUCH-001279,,2026-07-31T11:15:25,Paid Search,Google Ads,CMP-1005,Family Crisis - Non-Brand,Admissions,detox center near me,detox center near me,Broad,https://harborridge.example.test/admissions,WA,16.46,0,Google Ads,System-Observed
TOUCH-001280,,2026-07-19T08:13:54,Paid Search,Google Ads,CMP-1002,Behavioral Health - Non-Brand,Detox Programs,family intervention help,family intervention help,Phrase,https://harborridge.example.test/admissions,UT,32.13,0,Google Ads,System-Observed
TOUCH-001281,,2026-07-10T18:56:33,Paid Search,Google Ads,CMP-1003,Detox Near Me - Geo,Detox Programs,detox center near me,detox center near me,Phrase,https://harborridge.example.test/admissions,FL,43.51,0,Google Ads,System-Observed
TOUCH-001282,,2026-07-27T12:23:29,Paid Search,Google Ads,CMP-1005,Family Crisis - Non-Brand,Family Support,behavioral health treatment near me,behavioral health treatment near me,Exact,https://harborridge.example.test/admissions,NV,35.72,0,Google Ads,System-Observed
TOUCH-001283,,2026-07-18T14:26:47,Paid Search,Google Ads,CMP-1001,Behavioral Health - Brand,Family Support,inpatient mental health treatment,inpatient mental health treatment,Exact,https://harborridge.example.test/admissions,WA,30.12,0,Google Ads,System-Observed
TOUCH-001284,,2026-07-24T17:32:40,Paid Search,Google Ads,CMP-1001,Behavioral Health - Brand,Residential Programs,detox center near me,detox center near me,Phrase,https://harborridge.example.test/admissions,CA,29.42,0,Google Ads,System-Observed
TOUCH-001285,,2026-07-13T13:31:15,Paid Search,Google Ads,CMP-1001,Behavioral Health - Brand,Admissions,detox center near me,detox center near me,Exact,https://harborridge.example.test/admissions,FL,19.95,0,Google Ads,System-Observed
TOUCH-001286,,2026-07-15T13:04:19,Paid Search,Google Ads,CMP-1004,Residential Treatment - Geo,Residential Programs,behavioral health treatment near me,behavioral health treatment near me,Broad,https://harborridge.example.test/admissions,FL,28.71,0,Google Ads,System-Observed
TOUCH-001287,,2026-07-06T09:57:36,Paid Search,Google Ads,CMP-1005,Family Crisis - Non-Brand,Residential Programs,inpatient mental health treatment,inpatient mental health treatment,Phrase,https://harborridge.example.test/admissions,NY,40.38,0,Google Ads,System-Observed
TOUCH-001288,,2026-07-24T13:43:07,Paid Search,Google Ads,CMP-1001,Behavioral Health - Brand,Residential Programs,substance abuse treatment options,substance abuse treatment options,Broad,https://harborridge.example.test/admissions,AZ,21.77,0,Google Ads,System-Observed
TOUCH-001289,,2026-07-26T13:21:46,Paid Search,Google Ads,CMP-1003,Detox Near Me - Geo,Detox Programs,inpatient mental health treatment,inpatient mental health treatment,Phrase,https://harborridge.example.test/admissions,UT,48.4,0,Google Ads,System-Observed
TOUCH-001290,,2026-07-05T14:20:35,Paid Search,Google Ads,CMP-1005,Family Crisis - Non-Brand,Residential Programs,substance abuse treatment options,substance abuse treatment options,Exact,https://harborridge.example.test/admissions,NV,47.33,0,Google Ads,System-Observed
TOUCH-001291,,2026-07-06T09:52:13,Paid Search,Google Ads,CMP-1004,Residential Treatment - Geo,Detox Programs,residential treatment center,residential treatment center,Broad,https://harborridge.example.test/admissions,OR,43.8,0,Google Ads,System-Observed
TOUCH-001292,,2026-07-18T07:37:30,Paid Search,Google Ads,CMP-1001,Behavioral Health - Brand,Detox Programs,detox center near me,detox center near me,Broad,https://harborridge.example.test/admissions,NY,26.18,0,Google Ads,System-Observed
TOUCH-001293,,2026-07-13T07:31:47,Paid Search,Google Ads,CMP-1001,Behavioral Health - Brand,Family Support,residential treatment center,residential treatment center,Broad,https://harborridge.example.test/admissions,WA,38.52,0,Google Ads,System-Observed
TOUCH-001294,,2026-07-01T16:59:50,Paid Search,Google Ads,CMP-1005,Family Crisis - Non-Brand,Admissions,substance abuse treatment options,substance abuse treatment options,Exact,https://harborridge.example.test/admissions,AZ,19.45,0,Google Ads,System-Observed
TOUCH-001295,,2026-07-17T20:18:31,Paid Search,Google Ads,CMP-1003,Detox Near Me - Geo,Admissions,detox center near me,detox center near me,Broad,https://harborridge.example.test/admissions,NV,43.57,0,Google Ads,System-Observed
TOUCH-001296,,2026-07-03T18:22:37,Paid Search,Google Ads,CMP-1001,Behavioral Health - Brand,Family Support,behavioral health treatment near me,behavioral health treatment near me,Broad,https://harborridge.example.test/admissions,WA,30.49,0,Google Ads,System-Observed
TOUCH-001297,,2026-07-01T13:30:25,Paid Search,Google Ads,CMP-1005,Family Crisis - Non-Brand,Detox Programs,inpatient mental health treatment,inpatient mental health treatment,Exact,https://harborridge.example.test/admissions,WA,18.14,0,Google Ads,System-Observed
TOUCH-001298,,2026-07-09T19:47:32,Paid Search,Google Ads,CMP-1001,Behavioral Health - Brand,Admissions,detox center near me,detox center near me,Phrase,https://harborridge.example.test/admissions,TX,25.07,0,Google Ads,System-Observed
TOUCH-001299,,2026-07-29T14:45:20,Paid Search,Google Ads,CMP-1001,Behavioral Health - Brand,Family Support,substance abuse treatment options,substance abuse treatment options,Phrase,https://harborridge.example.test/admissions,CO,25.59,0,Google Ads,System-Observed
TOUCH-001300,,2026-07-09T10:20:57,Paid Search,Google Ads,CMP-1003,Detox Near Me - Geo,Admissions,family intervention help,family intervention help,Exact,https://harborridge.example.test/admissions,CO,33.36,0,Google Ads,System-Observed
TOUCH-001301,,2026-07-16T11:15:01,Paid Search,Google Ads,CMP-1001,Behavioral Health - Brand,Family Support,detox center near me,detox center near me,Exact,https://harborridge.example.test/admissions,TX,28.43,0,Google Ads,System-Observed
TOUCH-001302,,2026-07-13T16:39:27,Paid Search,Google Ads,CMP-1005,Family Crisis - Non-Brand,Family Support,family intervention help,family intervention help,Broad,https://harborridge.example.test/admissions,CO,35.04,0,Google Ads,System-Observed
TOUCH-001303,,2026-07-27T11:50:21,Paid Search,Google Ads,CMP-1003,Detox Near Me - Geo,Admissions,inpatient mental health treatment,inpatient mental health treatment,Exact,https://harborridge.example.test/admissions,FL,27.51,0,Google Ads,System-Observed
TOUCH-001304,,2026-07-27T09:05:36,Paid Search,Google Ads,CMP-1004,Residential Treatment - Geo,Family Support,substance abuse treatment options,substance abuse treatment options,Broad,https://harborridge.example.test/admissions,CO,23.2,0,Google Ads,System-Observed
TOUCH-001305,,2026-07-22T16:51:54,Paid Search,Google Ads,CMP-1004,Residential Treatment - Geo,Detox Programs,substance abuse treatment options,substance abuse treatment options,Phrase,https://harborridge.example.test/admissions,TX,16.7,0,Google Ads,System-Observed
TOUCH-001306,,2026-07-18T12:11:00,Paid Search,Google Ads,CMP-1005,Family Crisis - Non-Brand,Admissions,substance abuse treatment options,substance abuse treatment options,Phrase,https://harborridge.example.test/admissions,TX,38.94,0,Google Ads,System-Observed
TOUCH-001307,,2026-07-03T08:56:33,Paid Search,Google Ads,CMP-1002,Behavioral Health - Non-Brand,Residential Programs,behavioral health treatment near me,behavioral health treatment near me,Phrase,https://harborridge.example.test/admissions,WA,31.56,0,Google Ads,System-Observed
TOUCH-001308,,2026-07-29T15:35:32,Paid Search,Google Ads,CMP-1003,Detox Near Me - Geo,Admissions,detox center near me,detox center near me,Exact,https://harborridge.example.test/admissions,CO,34.84,0,Google Ads,System-Observed
TOUCH-001309,,2026-07-19T08:36:47,Paid Search,Google Ads,CMP-1004,Residential Treatment - Geo,Admissions,family intervention help,family intervention help,Phrase,https://harborridge.example.test/admissions,OR,37.9,0,Google Ads,System-Observed
TOUCH-001310,,2026-07-02T11:15:46,Paid Search,Google Ads,CMP-1005,Family Crisis - Non-Brand,Residential Programs,substance abuse treatment options,substance abuse treatment options,Broad,https://harborridge.example.test/admissions,WA,28.46,0,Google Ads,System-Observed
TOUCH-001311,,2026-07-13T12:47:35,Paid Search,Google Ads,CMP-1005,Family Crisis - Non-Brand,Detox Programs,inpatient mental health treatment,inpatient mental health treatment,Exact,https://harborridge.example.test/admissions,UT,27.66,0,Google Ads,System-Observed
TOUCH-001312,,2026-07-28T19:44:15,Paid Search,Google Ads,CMP-1001,Behavioral Health - Brand,Admissions,family intervention help,family intervention help,Phrase,https://harborridge.example.test/admissions,CA,32.46,0,Google Ads,System-Observed
TOUCH-001313,,2026-07-08T09:53:57,Paid Search,Google Ads,CMP-1001,Behavioral Health - Brand,Family Support,behavioral health treatment near me,behavioral health treatment near me,Broad,https://harborridge.example.test/admissions,NY,36.16,0,Google Ads,System-Observed
TOUCH-001314,,2026-07-10T19:24:26,Paid Search,Google Ads,CMP-1004,Residential Treatment - Geo,Detox Programs,substance abuse treatment options,substance abuse treatment options,Phrase,https://harborridge.example.test/admissions,OR,34.32,0,Google Ads,System-Observed
TOUCH-001315,,2026-07-17T12:50:26,Paid Search,Google Ads,CMP-1004,Residential Treatment - Geo,Detox Programs,substance abuse treatment options,substance abuse treatment options,Phrase,https://harborridge.example.test/admissions,FL,22.29,0,Google Ads,System-Observed
TOUCH-001316,,2026-07-11T14:38:09,Paid Search,Google Ads,CMP-1003,Detox Near Me - Geo,Family Support,substance abuse treatment options,substance abuse treatment options,Phrase,https://harborridge.example.test/admissions,CA,21.18,0,Google Ads,System-Observed
TOUCH-001317,,2026-07-30T13:46:26,Paid Search,Google Ads,CMP-1003,Detox Near Me - Geo,Admissions,detox center near me,detox center near me,Exact,https://harborridge.example.test/admissions,AZ,48.7,0,Google Ads,System-Observed
TOUCH-001318,,2026-07-15T11:57:23,Paid Search,Google Ads,CMP-1005,Family Crisis - Non-Brand,Admissions,family intervention help,family intervention help,Exact,https://harborridge.example.test/admissions,AZ,48.59,0,Google Ads,System-Observed
TOUCH-001319,,2026-07-12T11:35:37,Paid Search,Google Ads,CMP-1005,Family Crisis - Non-Brand,Family Support,substance abuse treatment options,substance abuse treatment options,Broad,https://harborridge.example.test/admissions,OR,38.73,0,Google Ads,System-Observed
TOUCH-001320,,2026-07-15T15:25:56,Paid Search,Google Ads,CMP-1003,Detox Near Me - Geo,Residential Programs,inpatient mental health treatment,inpatient mental health treatment,Phrase,https://harborridge.example.test/admissions,WA,18.37,0,Google Ads,System-Observed
TOUCH-001321,,2026-07-29T08:57:28,Paid Search,Google Ads,CMP-1002,Behavioral Health - Non-Brand,Family Support,inpatient mental health treatment,inpatient mental health treatment,Exact,https://harborridge.example.test/admissions,TX,46.21,0,Google Ads,System-Observed
TOUCH-001322,,2026-07-20T19:09:34,Paid Search,Google Ads,CMP-1005,Family Crisis - Non-Brand,Residential Programs,detox center near me,detox center near me,Exact,https://harborridge.example.test/admissions,AZ,46.38,0,Google Ads,System-Observed
TOUCH-001323,,2026-07-14T10:57:41,Paid Search,Google Ads,CMP-1003,Detox Near Me - Geo,Admissions,behavioral health treatment near me,behavioral health treatment near me,Broad,https://harborridge.example.test/admissions,TX,23.9,0,Google Ads,System-Observed
TOUCH-001324,,2026-07-08T13:14:45,Paid Search,Google Ads,CMP-1003,Detox Near Me - Geo,Admissions,substance abuse treatment options,substance abuse treatment options,Exact,https://harborridge.example.test/admissions,TX,19.9,0,Google Ads,System-Observed
TOUCH-001325,,2026-07-01T09:30:52,Paid Search,Google Ads,CMP-1002,Behavioral Health - Non-Brand,Detox Programs,residential treatment center,residential treatment center,Broad,https://harborridge.example.test/admissions,AZ,32.62,0,Google Ads,System-Observed
TOUCH-001326,,2026-07-09T09:34:32,Paid Search,Google Ads,CMP-1001,Behavioral Health - Brand,Admissions,detox center near me,detox center near me,Phrase,https://harborridge.example.test/admissions,CA,18.86,0,Google Ads,System-Observed
TOUCH-001327,,2026-07-04T17:04:31,Paid Search,Google Ads,CMP-1003,Detox Near Me - Geo,Detox Programs,inpatient mental health treatment,inpatient mental health treatment,Broad,https://harborridge.example.test/admissions,OR,21.22,0,Google Ads,System-Observed
TOUCH-001328,,2026-07-14T13:51:15,Paid Search,Google Ads,CMP-1002,Behavioral Health - Non-Brand,Residential Programs,detox center near me,detox center near me,Broad,https://harborridge.example.test/admissions,TX,46.27,0,Google Ads,System-Observed
TOUCH-001329,,2026-07-28T16:34:19,Paid Search,Google Ads,CMP-1002,Behavioral Health - Non-Brand,Admissions,family intervention help,family intervention help,Phrase,https://harborridge.example.test/admissions,AZ,42.83,0,Google Ads,System-Observed
TOUCH-001330,,2026-07-05T07:05:07,Paid Search,Google Ads,CMP-1003,Detox Near Me - Geo,Admissions,substance abuse treatment options,substance abuse treatment options,Phrase,https://harborridge.example.test/admissions,WA,39.79,0,Google Ads,System-Observed
TOUCH-001331,,2026-07-08T14:03:43,Paid Search,Google Ads,CMP-1005,Family Crisis - Non-Brand,Family Support,inpatient mental health treatment,inpatient mental health treatment,Phrase,https://harborridge.example.test/admissions,NY,18.83,0,Google Ads,System-Observed
TOUCH-001332,,2026-07-04T12:01:23,Paid Search,Google Ads,CMP-1001,Behavioral Health - Brand,Admissions,detox center near me,detox center near me,Exact,https://harborridge.example.test/admissions,OR,37.29,0,Google Ads,System-Observed
TOUCH-001333,,2026-07-30T09:30:41,Paid Search,Google Ads,CMP-1003,Detox Near Me - Geo,Family Support,residential treatment center,residential treatment center,Phrase,https://harborridge.example.test/admissions,CO,47.62,0,Google Ads,System-Observed
TOUCH-001334,,2026-07-08T19:42:16,Paid Search,Google Ads,CMP-1002,Behavioral Health - Non-Brand,Family Support,detox center near me,detox center near me,Broad,https://harborridge.example.test/admissions,FL,26.06,0,Google Ads,System-Observed
TOUCH-001335,,2026-07-17T10:44:33,Paid Search,Google Ads,CMP-1002,Behavioral Health - Non-Brand,Admissions,behavioral health treatment near me,behavioral health treatment near me,Exact,https://harborridge.example.test/admissions,WA,34.61,0,Google Ads,System-Observed
TOUCH-001336,,2026-07-03T19:05:31,Paid Search,Google Ads,CMP-1002,Behavioral Health - Non-Brand,Residential Programs,behavioral health treatment near me,behavioral health treatment near me,Exact,https://harborridge.example.test/admissions,UT,35.68,0,Google Ads,System-Observed
TOUCH-001337,,2026-07-07T19:18:41,Paid Search,Google Ads,CMP-1004,Residential Treatment - Geo,Detox Programs,detox center near me,detox center near me,Broad,https://harborridge.example.test/admissions,AZ,44.27,0,Google Ads,System-Observed
TOUCH-001338,,2026-07-13T15:49:13,Paid Search,Google Ads,CMP-1004,Residential Treatment - Geo,Family Support,inpatient mental health treatment,inpatient mental health treatment,Phrase,https://harborridge.example.test/admissions,CA,35.26,0,Google Ads,System-Observed
TOUCH-001339,,2026-07-27T10:52:17,Paid Search,Google Ads,CMP-1001,Behavioral Health - Brand,Residential Programs,inpatient mental health treatment,inpatient mental health treatment,Exact,https://harborridge.example.test/admissions,CO,37.59,0,Google Ads,System-Observed
TOUCH-001340,,2026-07-08T20:04:32,Paid Search,Google Ads,CMP-1005,Family Crisis - Non-Brand,Detox Programs,residential treatment center,residential treatment center,Broad,https://harborridge.example.test/admissions,NV,18.8,0,Google Ads,System-Observed
TOUCH-001341,,2026-07-07T07:22:27,Paid Search,Google Ads,CMP-1003,Detox Near Me - Geo,Detox Programs,substance abuse treatment options,substance abuse treatment options,Exact,https://harborridge.example.test/admissions,AZ,19.24,0,Google Ads,System-Observed
TOUCH-001342,,2026-07-04T19:00:26,Paid Search,Google Ads,CMP-1003,Detox Near Me - Geo,Residential Programs,family intervention help,family intervention help,Broad,https://harborridge.example.test/admissions,OR,34.42,0,Google Ads,System-Observed
TOUCH-001343,,2026-07-03T17:42:54,Paid Search,Google Ads,CMP-1001,Behavioral Health - Brand,Family Support,detox center near me,detox center near me,Phrase,https://harborridge.example.test/admissions,AZ,19.98,0,Google Ads,System-Observed
TOUCH-001344,,2026-07-15T10:09:32,Paid Search,Google Ads,CMP-1005,Family Crisis - Non-Brand,Detox Programs,substance abuse treatment options,substance abuse treatment options,Broad,https://harborridge.example.test/admissions,CA,25.25,0,Google Ads,System-Observed
TOUCH-001345,,2026-07-18T16:19:23,Paid Search,Google Ads,CMP-1001,Behavioral Health - Brand,Admissions,residential treatment center,residential treatment center,Exact,https://harborridge.example.test/admissions,FL,22.39,0,Google Ads,System-Observed
TOUCH-001346,,2026-07-15T19:58:15,Paid Search,Google Ads,CMP-1001,Behavioral Health - Brand,Residential Programs,substance abuse treatment options,substance abuse treatment options,Exact,https://harborridge.example.test/admissions,CA,18.22,0,Google Ads,System-Observed
TOUCH-001347,,2026-07-05T12:21:37,Paid Search,Google Ads,CMP-1003,Detox Near Me - Geo,Detox Programs,behavioral health treatment near me,behavioral health treatment near me,Broad,https://harborridge.example.test/admissions,CO,23.61,0,Google Ads,System-Observed
TOUCH-001348,,2026-07-30T12:50:01,Paid Search,Microsoft Ads,CMP-2001,Behavioral Health - Brand (Bing),Admissions,residential treatment center,residential treatment center,Exact,https://harborridge.example.test/admissions,NV,20.16,0,Microsoft Ads,System-Observed
TOUCH-001349,,2026-07-09T09:25:28,Paid Search,Microsoft Ads,CMP-2001,Behavioral Health - Brand (Bing),Detox Programs,residential treatment center,residential treatment center,Phrase,https://harborridge.example.test/admissions,NY,23.15,0,Microsoft Ads,System-Observed
TOUCH-001350,,2026-07-27T07:40:26,Paid Search,Microsoft Ads,CMP-2001,Behavioral Health - Brand (Bing),Residential Programs,inpatient mental health treatment,inpatient mental health treatment,Broad,https://harborridge.example.test/admissions,FL,31.32,0,Microsoft Ads,System-Observed
TOUCH-001351,,2026-07-03T20:18:07,Paid Search,Microsoft Ads,CMP-2002,Residential Treatment - Geo (Bing),Detox Programs,family intervention help,family intervention help,Exact,https://harborridge.example.test/admissions,NY,18.56,0,Microsoft Ads,System-Observed
TOUCH-001352,,2026-07-17T19:01:41,Paid Search,Microsoft Ads,CMP-2001,Behavioral Health - Brand (Bing),Admissions,detox center near me,detox center near me,Exact,https://harborridge.example.test/admissions,CO,31.35,0,Microsoft Ads,System-Observed
TOUCH-001353,,2026-07-11T13:45:39,Paid Search,Microsoft Ads,CMP-2001,Behavioral Health - Brand (Bing),Detox Programs,behavioral health treatment near me,behavioral health treatment near me,Broad,https://harborridge.example.test/admissions,FL,25.01,0,Microsoft Ads,System-Observed
TOUCH-001354,,2026-07-20T16:19:13,Paid Search,Microsoft Ads,CMP-2002,Residential Treatment - Geo (Bing),Admissions,behavioral health treatment near me,behavioral health treatment near me,Phrase,https://harborridge.example.test/admissions,UT,16.87,0,Microsoft Ads,System-Observed
TOUCH-001355,,2026-07-02T17:19:20,Paid Search,Microsoft Ads,CMP-2001,Behavioral Health - Brand (Bing),Family Support,family intervention help,family intervention help,Exact,https://harborridge.example.test/admissions,TX,17.97,0,Microsoft Ads,System-Observed
TOUCH-001356,,2026-07-14T18:36:39,Paid Search,Microsoft Ads,CMP-2001,Behavioral Health - Brand (Bing),Admissions,inpatient mental health treatment,inpatient mental health treatment,Broad,https://harborridge.example.test/admissions,AZ,11.45,0,Microsoft Ads,System-Observed
TOUCH-001357,,2026-07-02T10:00:57,Paid Search,Microsoft Ads,CMP-2001,Behavioral Health - Brand (Bing),Family Support,residential treatment center,residential treatment center,Broad,https://harborridge.example.test/admissions,NY,8.23,0,Microsoft Ads,System-Observed
TOUCH-001358,,2026-07-22T20:33:45,Paid Search,Microsoft Ads,CMP-2002,Residential Treatment - Geo (Bing),Admissions,behavioral health treatment near me,behavioral health treatment near me,Exact,https://harborridge.example.test/admissions,NY,17.11,0,Microsoft Ads,System-Observed
TOUCH-001359,,2026-07-15T20:54:58,Paid Search,Microsoft Ads,CMP-2002,Residential Treatment - Geo (Bing),Detox Programs,behavioral health treatment near me,behavioral health treatment near me,Broad,https://harborridge.example.test/admissions,TX,9.01,0,Microsoft Ads,System-Observed
TOUCH-001360,,2026-07-20T11:23:46,Paid Search,Microsoft Ads,CMP-2002,Residential Treatment - Geo (Bing),Family Support,inpatient mental health treatment,inpatient mental health treatment,Exact,https://harborridge.example.test/admissions,TX,25.74,0,Microsoft Ads,System-Observed
TOUCH-001361,,2026-07-15T16:42:58,Paid Search,Microsoft Ads,CMP-2001,Behavioral Health - Brand (Bing),Residential Programs,residential treatment center,residential treatment center,Phrase,https://harborridge.example.test/admissions,NV,13.99,0,Microsoft Ads,System-Observed
TOUCH-001362,,2026-07-09T14:20:54,Paid Search,Microsoft Ads,CMP-2001,Behavioral Health - Brand (Bing),Detox Programs,detox center near me,detox center near me,Exact,https://harborridge.example.test/admissions,CO,31.23,0,Microsoft Ads,System-Observed
TOUCH-001363,,2026-07-09T07:54:28,Paid Social,Meta,CMP-3003,Local Community Awareness,Community Awareness,,,,https://harborridge.example.test/family-support,NY,3.01,0,Meta,System-Observed
TOUCH-001364,,2026-07-31T14:33:54,Paid Social,Meta,CMP-3001,Family Support Awareness,Family Support,,,,https://harborridge.example.test/family-support,CA,8.61,0,Meta,System-Observed
TOUCH-001365,,2026-07-11T12:47:03,Paid Social,Meta,CMP-3002,Recovery Journey - Lookalike,Family Support,,,,https://harborridge.example.test/family-support,CO,6.82,0,Meta,System-Observed
TOUCH-001366,,2026-07-02T10:38:55,Paid Social,Meta,CMP-3001,Family Support Awareness,Family Support,,,,https://harborridge.example.test/family-support,NV,10.16,0,Meta,System-Observed
TOUCH-001367,,2026-07-31T13:31:40,Paid Social,Meta,CMP-3003,Local Community Awareness,Community Awareness,,,,https://harborridge.example.test/family-support,TX,6.75,0,Meta,System-Observed
TOUCH-001368,,2026-07-16T17:40:25,Paid Social,Meta,CMP-3001,Family Support Awareness,Community Awareness,,,,https://harborridge.example.test/family-support,NV,7.07,0,Meta,System-Observed
TOUCH-001369,,2026-07-15T14:29:55,Paid Social,Meta,CMP-3003,Local Community Awareness,Family Support,,,,https://harborridge.example.test/family-support,UT,3.96,0,Meta,System-Observed
TOUCH-001370,,2026-07-31T15:03:15,Paid Social,Meta,CMP-3003,Local Community Awareness,Community Awareness,,,,https://harborridge.example.test/family-support,UT,9.45,0,Meta,System-Observed
TOUCH-001371,,2026-07-12T18:00:00,Paid Social,Meta,CMP-3001,Family Support Awareness,Community Awareness,,,,https://harborridge.example.test/family-support,CO,3.49,0,Meta,System-Observed
TOUCH-001372,,2026-07-23T07:46:27,Paid Social,Meta,CMP-3003,Local Community Awareness,Community Awareness,,,,https://harborridge.example.test/family-support,UT,7.13,0,Meta,System-Observed
TOUCH-001373,,2026-07-29T16:22:36,Paid Social,Meta,CMP-3003,Local Community Awareness,Family Support,,,,https://harborridge.example.test/family-support,OR,10.36,0,Meta,System-Observed
TOUCH-001374,,2026-07-30T07:03:27,Paid Social,Meta,CMP-3002,Recovery Journey - Lookalike,Community Awareness,,,,https://harborridge.example.test/family-support,NV,14.79,0,Meta,System-Observed
TOUCH-001375,,2026-07-26T09:27:25,Paid Social,Meta,CMP-3001,Family Support Awareness,Family Support,,,,https://harborridge.example.test/family-support,NY,12.52,0,Meta,System-Observed
TOUCH-001376,,2026-07-09T16:03:48,Paid Social,Meta,CMP-3002,Recovery Journey - Lookalike,Community Awareness,,,,https://harborridge.example.test/family-support,UT,13.77,0,Meta,System-Observed
TOUCH-001377,,2026-07-16T07:17:22,Paid Social,Meta,CMP-3003,Local Community Awareness,Community Awareness,,,,https://harborridge.example.test/family-support,NY,14.74,0,Meta,System-Observed
TOUCH-001378,,2026-07-05T15:17:58,Paid Social,Meta,CMP-3001,Family Support Awareness,Family Support,,,,https://harborridge.example.test/family-support,UT,14.47,0,Meta,System-Observed
TOUCH-001379,,2026-07-24T07:03:18,Paid Social,Meta,CMP-3001,Family Support Awareness,Family Support,,,,https://harborridge.example.test/family-support,CO,12.27,0,Meta,System-Observed
TOUCH-001380,,2026-07-31T13:57:09,Paid Social,Meta,CMP-3003,Local Community Awareness,Community Awareness,,,,https://harborridge.example.test/family-support,FL,8.38,0,Meta,System-Observed
TOUCH-001381,,2026-07-15T10:28:59,Paid Social,Meta,CMP-3003,Local Community Awareness,Family Support,,,,https://harborridge.example.test/family-support,NV,5.6,0,Meta,System-Observed
TOUCH-001382,,2026-07-25T08:38:20,Paid Social,Meta,CMP-3001,Family Support Awareness,Family Support,,,,https://harborridge.example.test/family-support,UT,10.09,0,Meta,System-Observed
TOUCH-001383,,2026-07-31T11:53:43,Paid Social,Meta,CMP-3001,Family Support Awareness,Family Support,,,,https://harborridge.example.test/family-support,NY,3.4,0,Meta,System-Observed
TOUCH-001384,,2026-07-16T16:13:46,Paid Social,Meta,CMP-3002,Recovery Journey - Lookalike,Community Awareness,,,,https://harborridge.example.test/family-support,NY,10.99,0,Meta,System-Observed
TOUCH-001385,,2026-07-11T14:29:12,Paid Social,Meta,CMP-3003,Local Community Awareness,Family Support,,,,https://harborridge.example.test/family-support,OR,11.45,0,Meta,System-Observed
TOUCH-001386,,2026-07-03T11:43:40,Paid Social,Meta,CMP-3001,Family Support Awareness,Family Support,,,,https://harborridge.example.test/family-support,UT,11.04,0,Meta,System-Observed
TOUCH-001387,,2026-07-08T13:26:20,Paid Social,Meta,CMP-3002,Recovery Journey - Lookalike,Community Awareness,,,,https://harborridge.example.test/family-support,UT,5.49,0,Meta,System-Observed
TOUCH-001388,,2026-07-27T12:15:55,Paid Social,Meta,CMP-3001,Family Support Awareness,Community Awareness,,,,https://harborridge.example.test/family-support,NV,9.88,0,Meta,System-Observed
TOUCH-001389,,2026-07-20T12:44:29,Paid Social,Meta,CMP-3002,Recovery Journey - Lookalike,Community Awareness,,,,https://harborridge.example.test/family-support,OR,8.33,0,Meta,System-Observed
TOUCH-001390,,2026-07-12T19:30:43,Paid Social,Meta,CMP-3001,Family Support Awareness,Family Support,,,,https://harborridge.example.test/family-support,NY,11.4,0,Meta,System-Observed
TOUCH-001391,,2026-07-06T19:40:19,Paid Social,Meta,CMP-3001,Family Support Awareness,Community Awareness,,,,https://harborridge.example.test/family-support,NV,10.35,0,Meta,System-Observed
TOUCH-001392,,2026-07-25T20:40:03,Paid Social,Meta,CMP-3003,Local Community Awareness,Family Support,,,,https://harborridge.example.test/family-support,TX,12.94,0,Meta,System-Observed
TOUCH-001393,,2026-07-21T20:49:11,Paid Social,Meta,CMP-3003,Local Community Awareness,Community Awareness,,,,https://harborridge.example.test/family-support,CO,14.3,0,Meta,System-Observed
TOUCH-001394,,2026-07-02T14:01:07,Paid Social,Meta,CMP-3003,Local Community Awareness,Community Awareness,,,,https://harborridge.example.test/family-support,CA,14.29,0,Meta,System-Observed
TOUCH-001395,,2026-07-12T20:26:02,Paid Social,Meta,CMP-3002,Recovery Journey - Lookalike,Family Support,,,,https://harborridge.example.test/family-support,NV,13.68,0,Meta,System-Observed
TOUCH-001396,,2026-07-01T19:04:07,Paid Social,Meta,CMP-3002,Recovery Journey - Lookalike,Community Awareness,,,,https://harborridge.example.test/family-support,UT,14.86,0,Meta,System-Observed
TOUCH-001397,,2026-07-17T20:19:40,Paid Social,Meta,CMP-3003,Local Community Awareness,Family Support,,,,https://harborridge.example.test/family-support,NY,6.94,0,Meta,System-Observed
TOUCH-001398,,2026-07-08T20:33:41,Paid Social,Meta,CMP-3001,Family Support Awareness,Family Support,,,,https://harborridge.example.test/family-support,NY,4.26,0,Meta,System-Observed
TOUCH-001399,,2026-07-28T20:57:02,Paid Social,Meta,CMP-3002,Recovery Journey - Lookalike,Community Awareness,,,,https://harborridge.example.test/family-support,CA,11.14,0,Meta,System-Observed
TOUCH-001400,,2026-07-05T10:50:18,Paid Social,Meta,CMP-3002,Recovery Journey - Lookalike,Community Awareness,,,,https://harborridge.example.test/family-support,CA,9.36,0,Meta,System-Observed
TOUCH-001401,,2026-07-02T10:49:50,Paid Social,Meta,CMP-3001,Family Support Awareness,Family Support,,,,https://harborridge.example.test/family-support,FL,4.79,0,Meta,System-Observed
TOUCH-001402,,2026-07-13T09:33:10,Paid Social,Meta,CMP-3003,Local Community Awareness,Family Support,,,,https://harborridge.example.test/family-support,FL,8.08,0,Meta,System-Observed
TOUCH-001403,,2026-07-06T08:08:58,Organic,Google Organic,,,,,,,https://harborridge.example.test/treatment-programs,TX,,0,Google Analytics,System-Observed
TOUCH-001404,,2026-07-12T07:21:20,Organic,Google Organic,,,,,,,https://harborridge.example.test/treatment-programs,TX,,0,Google Analytics,System-Observed
TOUCH-001405,,2026-07-07T20:46:14,Organic,Google Organic,,,,,,,https://harborridge.example.test/treatment-programs,NV,,0,Google Analytics,System-Observed
TOUCH-001406,,2026-07-14T15:18:54,Organic,Google Organic,,,,,,,https://harborridge.example.test/treatment-programs,AZ,,0,Google Analytics,System-Observed
TOUCH-001407,,2026-07-27T20:14:21,Organic,Google Organic,,,,,,,https://harborridge.example.test/treatment-programs,OR,,0,Google Analytics,System-Observed
TOUCH-001408,,2026-07-14T15:31:35,Organic,Google Organic,,,,,,,https://harborridge.example.test/treatment-programs,NV,,0,Google Analytics,System-Observed
TOUCH-001409,,2026-07-11T09:57:01,Organic,Google Organic,,,,,,,https://harborridge.example.test/treatment-programs,NV,,0,Google Analytics,System-Observed
TOUCH-001410,,2026-07-14T07:26:28,Organic,Google Organic,,,,,,,https://harborridge.example.test/treatment-programs,AZ,,0,Google Analytics,System-Observed
TOUCH-001411,,2026-07-21T12:27:17,Organic,Google Organic,,,,,,,https://harborridge.example.test/treatment-programs,CO,,0,Google Analytics,System-Observed
TOUCH-001412,,2026-07-19T11:48:29,Organic,Google Organic,,,,,,,https://harborridge.example.test/treatment-programs,UT,,0,Google Analytics,System-Observed
TOUCH-001413,,2026-07-01T20:58:49,Organic,Google Organic,,,,,,,https://harborridge.example.test/treatment-programs,OR,,0,Google Analytics,System-Observed
TOUCH-001414,,2026-07-07T13:46:24,Organic,Google Organic,,,,,,,https://harborridge.example.test/treatment-programs,CA,,0,Google Analytics,System-Observed
TOUCH-001415,,2026-07-10T07:57:41,Organic,Google Organic,,,,,,,https://harborridge.example.test/treatment-programs,FL,,0,Google Analytics,System-Observed
TOUCH-001416,,2026-07-24T19:49:00,Organic,Google Organic,,,,,,,https://harborridge.example.test/treatment-programs,TX,,0,Google Analytics,System-Observed
TOUCH-001417,,2026-07-22T14:26:34,Organic,Google Organic,,,,,,,https://harborridge.example.test/treatment-programs,NY,,0,Google Analytics,System-Observed
TOUCH-001418,,2026-07-31T17:26:28,Organic,Google Organic,,,,,,,https://harborridge.example.test/treatment-programs,WA,,0,Google Analytics,System-Observed
TOUCH-001419,,2026-07-13T19:57:50,Organic,Google Organic,,,,,,,https://harborridge.example.test/treatment-programs,TX,,0,Google Analytics,System-Observed
TOUCH-001420,,2026-07-25T15:13:12,Organic,Google Organic,,,,,,,https://harborridge.example.test/treatment-programs,NY,,0,Google Analytics,System-Observed
TOUCH-001421,,2026-07-30T07:59:16,Organic,Google Organic,,,,,,,https://harborridge.example.test/treatment-programs,TX,,0,Google Analytics,System-Observed
TOUCH-001422,,2026-07-30T11:53:13,Organic,Google Organic,,,,,,,https://harborridge.example.test/treatment-programs,CO,,0,Google Analytics,System-Observed
TOUCH-001423,,2026-07-14T14:34:51,Organic,Google Organic,,,,,,,https://harborridge.example.test/treatment-programs,NY,,0,Google Analytics,System-Observed
TOUCH-001424,,2026-07-17T08:29:08,Organic,Google Organic,,,,,,,https://harborridge.example.test/treatment-programs,FL,,0,Google Analytics,System-Observed
TOUCH-001425,,2026-07-08T11:38:29,Organic,Google Organic,,,,,,,https://harborridge.example.test/treatment-programs,CO,,0,Google Analytics,System-Observed
TOUCH-001426,,2026-07-19T08:20:30,Organic,Google Organic,,,,,,,https://harborridge.example.test/treatment-programs,UT,,0,Google Analytics,System-Observed
TOUCH-001427,,2026-07-24T14:49:59,Organic,Google Organic,,,,,,,https://harborridge.example.test/treatment-programs,NY,,0,Google Analytics,System-Observed
TOUCH-001428,,2026-07-25T14:16:06,Organic,Google Organic,,,,,,,https://harborridge.example.test/treatment-programs,CO,,0,Google Analytics,System-Observed
TOUCH-001429,,2026-07-31T14:10:34,Organic,Google Organic,,,,,,,https://harborridge.example.test/treatment-programs,FL,,0,Google Analytics,System-Observed
TOUCH-001430,,2026-07-05T18:31:07,Organic,Google Organic,,,,,,,https://harborridge.example.test/treatment-programs,CA,,0,Google Analytics,System-Observed
TOUCH-001431,,2026-07-06T08:50:43,Organic,Google Organic,,,,,,,https://harborridge.example.test/treatment-programs,UT,,0,Google Analytics,System-Observed
TOUCH-001432,,2026-07-16T13:23:22,Organic,Google Organic,,,,,,,https://harborridge.example.test/treatment-programs,NY,,0,Google Analytics,System-Observed
TOUCH-001433,,2026-07-14T09:20:31,Organic,Google Organic,,,,,,,https://harborridge.example.test/treatment-programs,WA,,0,Google Analytics,System-Observed
TOUCH-001434,,2026-07-10T19:14:34,Organic,Google Organic,,,,,,,https://harborridge.example.test/treatment-programs,CA,,0,Google Analytics,System-Observed
TOUCH-001435,,2026-07-25T07:27:59,Organic,Google Organic,,,,,,,https://harborridge.example.test/treatment-programs,AZ,,0,Google Analytics,System-Observed
TOUCH-001436,,2026-07-20T15:40:12,Organic,Google Organic,,,,,,,https://harborridge.example.test/treatment-programs,FL,,0,Google Analytics,System-Observed
TOUCH-001437,,2026-07-25T14:49:39,Organic,Google Organic,,,,,,,https://harborridge.example.test/treatment-programs,FL,,0,Google Analytics,System-Observed
TOUCH-001438,,2026-07-24T13:13:25,Organic,Google Organic,,,,,,,https://harborridge.example.test/treatment-programs,CO,,0,Google Analytics,System-Observed
TOUCH-001439,,2026-07-31T09:37:40,Organic,Google Organic,,,,,,,https://harborridge.example.test/treatment-programs,CO,,0,Google Analytics,System-Observed
TOUCH-001440,,2026-07-19T11:24:35,Organic,Google Organic,,,,,,,https://harborridge.example.test/treatment-programs,CO,,0,Google Analytics,System-Observed
TOUCH-001441,,2026-07-25T09:55:53,Organic,Google Organic,,,,,,,https://harborridge.example.test/treatment-programs,OR,,0,Google Analytics,System-Observed
TOUCH-001442,,2026-07-14T10:50:20,Organic,Google Organic,,,,,,,https://harborridge.example.test/treatment-programs,WA,,0,Google Analytics,System-Observed
TOUCH-001443,,2026-07-09T10:18:26,Organic,Google Organic,,,,,,,https://harborridge.example.test/treatment-programs,AZ,,0,Google Analytics,System-Observed
TOUCH-001444,,2026-07-07T10:53:29,Organic,Google Organic,,,,,,,https://harborridge.example.test/treatment-programs,NV,,0,Google Analytics,System-Observed
TOUCH-001445,,2026-07-16T16:19:35,Organic,Google Organic,,,,,,,https://harborridge.example.test/treatment-programs,TX,,0,Google Analytics,System-Observed
TOUCH-001446,,2026-07-06T15:48:53,Organic,Google Organic,,,,,,,https://harborridge.example.test/treatment-programs,TX,,0,Google Analytics,System-Observed
TOUCH-001447,,2026-07-08T07:19:58,Organic,Google Organic,,,,,,,https://harborridge.example.test/treatment-programs,AZ,,0,Google Analytics,System-Observed
TOUCH-001448,,2026-07-22T17:31:42,Organic,Google Organic,,,,,,,https://harborridge.example.test/treatment-programs,UT,,0,Google Analytics,System-Observed
TOUCH-001449,,2026-07-19T18:04:56,Organic,Google Organic,,,,,,,https://harborridge.example.test/treatment-programs,FL,,0,Google Analytics,System-Observed
TOUCH-001450,,2026-07-31T14:40:57,Organic,Google Organic,,,,,,,https://harborridge.example.test/treatment-programs,AZ,,0,Google Analytics,System-Observed
TOUCH-001451,,2026-07-13T12:13:51,Organic,Google Organic,,,,,,,https://harborridge.example.test/treatment-programs,CO,,0,Google Analytics,System-Observed
TOUCH-001452,,2026-07-17T13:56:01,Organic,Google Organic,,,,,,,https://harborridge.example.test/treatment-programs,FL,,0,Google Analytics,System-Observed
TOUCH-001453,,2026-07-07T19:56:39,Organic,Google Organic,,,,,,,https://harborridge.example.test/treatment-programs,CA,,0,Google Analytics,System-Observed
TOUCH-001454,,2026-07-11T10:23:03,Organic,Google Organic,,,,,,,https://harborridge.example.test/treatment-programs,WA,,0,Google Analytics,System-Observed
TOUCH-001455,,2026-07-04T08:26:34,Organic,Google Organic,,,,,,,https://harborridge.example.test/treatment-programs,AZ,,0,Google Analytics,System-Observed
TOUCH-001456,,2026-07-01T15:13:43,Organic,Google Organic,,,,,,,https://harborridge.example.test/treatment-programs,CA,,0,Google Analytics,System-Observed
TOUCH-001457,,2026-07-11T11:39:24,Organic,Google Organic,,,,,,,https://harborridge.example.test/treatment-programs,OR,,0,Google Analytics,System-Observed
TOUCH-001458,,2026-07-14T15:55:45,Organic,Google Organic,,,,,,,https://harborridge.example.test/treatment-programs,AZ,,0,Google Analytics,System-Observed
TOUCH-001459,,2026-07-15T17:33:49,Organic,Google Organic,,,,,,,https://harborridge.example.test/treatment-programs,CO,,0,Google Analytics,System-Observed
TOUCH-001460,,2026-07-11T10:02:35,Organic,Google Organic,,,,,,,https://harborridge.example.test/treatment-programs,NV,,0,Google Analytics,System-Observed
TOUCH-001461,,2026-07-22T12:02:29,Organic,Google Organic,,,,,,,https://harborridge.example.test/treatment-programs,OR,,0,Google Analytics,System-Observed
TOUCH-001462,,2026-07-24T07:52:23,Organic,Google Organic,,,,,,,https://harborridge.example.test/treatment-programs,FL,,0,Google Analytics,System-Observed
