inquiry_id,opportunity_id,contact_id,inquiry_timestamp,contact_role,inquiry_method,arrival_channel,source_platform,tracking_number,call_duration_seconds,landing_page,match_confidence,source_system,evidence_class
INQ-000001,HRO-000001,CNT-000001,2026-05-09T15:31:35,Patient,Call,Paid Search,Google Ads,555-106-4629,720,,Confirmed,Call Tracking,System-Observed
INQ-000002,HRO-000002,CNT-000002,2026-05-12T14:10:17,Loved One,Call,Professional Referral,,555-230-3635,545,,Confirmed,CRM,Human-Entered
INQ-000003,HRO-000003,CNT-000004,2026-05-23T16:13:01,Patient,Call,Paid Search,Google Ads,555-234-1515,319,,Confirmed,Call Tracking,System-Observed
INQ-000004,HRO-000004,CNT-000005,2026-05-15T07:25:06,Loved One,Web Form,Organic,Google Organic,,,https://harborridge.example.test/contact,Confirmed,Web Form,System-Observed
INQ-000005,HRO-000005,CNT-000007,2026-05-27T20:26:59,Loved One,Call,Direct,,555-714-7255,145,,Confirmed,Call Tracking,System-Observed
INQ-000006,HRO-000006,CNT-000009,2026-05-01T16:56:23,Patient,Call,Paid Search,Microsoft Ads,555-238-7534,861,,Confirmed,Call Tracking,System-Observed
INQ-000007,HRO-000007,CNT-000010,2026-05-22T09:49:33,Loved One,Call,Local,GBP,555-142-9088,181,,Confirmed,Call Tracking,System-Observed
INQ-000008,HRO-000007,CNT-000011,2026-05-22T09:49:33,Loved One,Web Form,Local,GBP,,,https://harborridge.example.test/contact,Confirmed,Web Form,System-Observed
INQ-000009,HRO-000008,CNT-000013,2026-05-10T10:27:55,Patient,Web Form,Paid Search,Google Ads,,,https://harborridge.example.test/contact,Probable,Web Form,System-Observed
INQ-000010,HRO-000009,CNT-000014,2026-05-06T08:06:32,Loved One,Call,Professional Referral,,555-932-5940,356,,Confirmed,CRM,Human-Entered
INQ-000011,HRO-000009,CNT-000015,2026-05-07T08:06:32,Patient,Call,Professional Referral,,555-124-8901,354,,Confirmed,CRM,Human-Entered
INQ-000012,HRO-000010,CNT-000016,2026-05-14T18:09:54,Patient,Call,Paid Search,Google Ads,555-332-1443,507,,Confirmed,Call Tracking,System-Observed
INQ-000013,HRO-000011,CNT-000017,2026-05-07T14:21:20,Loved One,Call,Professional Referral,,555-089-9377,218,,Probable,CRM,Human-Entered
INQ-000014,HRO-000012,CNT-000019,2026-05-12T13:50:31,Patient,Call,Direct,,555-271-7190,371,,Possible,Call Tracking,System-Observed
INQ-000015,HRO-000013,CNT-000020,2026-05-21T16:56:13,Patient,Call,Professional Referral,,555-689-8464,614,,Confirmed,CRM,Human-Entered
INQ-000016,HRO-000014,CNT-000021,2026-05-11T12:37:29,Patient,Call,Professional Referral,,555-578-7373,679,,Confirmed,CRM,Human-Entered
INQ-000017,HRO-000015,CNT-000022,2026-05-07T17:33:49,Professional Referral Source,Web Form,Paid Search,Microsoft Ads,,,https://harborridge.example.test/contact,Confirmed,Web Form,System-Observed
INQ-000018,HRO-000015,CNT-000023,2026-05-09T20:33:49,Patient,Call,Paid Search,Microsoft Ads,555-548-5224,405,,Possible,Call Tracking,System-Observed
INQ-000019,HRO-000015,CNT-000024,2026-05-07T23:33:49,Loved One,Web Form,Paid Search,Microsoft Ads,,,https://harborridge.example.test/contact,Confirmed,Web Form,System-Observed
INQ-000020,HRO-000016,CNT-000025,2026-05-24T14:42:32,Patient,Call,Direct,,555-449-9529,503,,Confirmed,Call Tracking,System-Observed
INQ-000021,HRO-000017,CNT-000026,2026-05-10T14:55:06,Patient,Web Form,Professional Referral,,,,https://harborridge.example.test/contact,Possible,CRM,Human-Entered
INQ-000022,HRO-000018,CNT-000027,2026-05-03T14:44:43,Loved One,Call,Organic,Google Organic,555-987-6734,591,,Confirmed,Call Tracking,System-Observed
INQ-000023,HRO-000019,CNT-000029,2026-05-15T09:24:08,Patient,Call,Professional Referral,,555-600-3563,474,,Confirmed,CRM,Human-Entered
INQ-000024,HRO-000019,CNT-000030,2026-05-18T12:24:08,Loved One,Call,Professional Referral,,555-110-6011,470,,Confirmed,CRM,Human-Entered
INQ-000025,HRO-000020,CNT-000031,2026-05-01T16:46:34,Loved One,Web Form,Direct,,,,https://harborridge.example.test/contact,Confirmed,Web Form,System-Observed
INQ-000026,HRO-000021,CNT-000033,2026-05-25T19:09:33,Loved One,Call,Local,GBP,555-910-6343,898,,Confirmed,Call Tracking,System-Observed
INQ-000027,HRO-000022,CNT-000035,2026-05-05T18:45:28,Professional Referral Source,Call,Other,Meta,555-858-2737,222,,Confirmed,Call Tracking,System-Observed
INQ-000028,HRO-000023,CNT-000037,2026-05-22T20:17:26,Patient,Call,Professional Referral,,555-816-9720,482,,Confirmed,CRM,Human-Entered
INQ-000029,HRO-000024,CNT-000038,2026-05-07T08:05:49,Patient,Web Form,Paid Search,Google Ads,,,https://harborridge.example.test/contact,Confirmed,Web Form,System-Observed
INQ-000030,HRO-000024,CNT-000039,2026-05-09T13:05:49,Loved One,Call,Paid Search,Google Ads,555-498-3683,265,,Confirmed,Call Tracking,System-Observed
INQ-000031,HRO-000025,CNT-000040,2026-05-16T16:10:39,Loved One,Web Form,Paid Search,Google Ads,,,https://harborridge.example.test/contact,Confirmed,Web Form,System-Observed
INQ-000032,HRO-000026,CNT-000042,2026-05-08T07:27:35,Patient,Call,Paid Search,Microsoft Ads,555-293-2649,536,,Confirmed,Call Tracking,System-Observed
INQ-000033,HRO-000027,CNT-000043,2026-05-18T12:58:21,Patient,Call,Paid Search,Google Ads,555-104-6461,738,,Confirmed,Call Tracking,System-Observed
INQ-000034,HRO-000028,CNT-000044,2026-05-10T11:39:00,Patient,Call,Paid Search,Google Ads,555-432-0932,297,,Confirmed,Call Tracking,System-Observed
INQ-000035,HRO-000029,CNT-000045,2026-05-22T09:08:37,Loved One,Call,Direct,,555-872-2194,739,,Confirmed,Call Tracking,System-Observed
INQ-000036,HRO-000030,CNT-000047,2026-05-15T14:02:22,Patient,Call,Local,GBP,555-512-1295,529,,Confirmed,Call Tracking,System-Observed
INQ-000037,HRO-000031,CNT-000048,2026-05-08T11:54:40,Patient,Call,Local,GBP,555-301-2873,639,,Confirmed,Call Tracking,System-Observed
INQ-000038,HRO-000032,CNT-000049,2026-05-17T13:33:30,Loved One,Call,Organic,Google Organic,555-418-9816,188,,Confirmed,Call Tracking,System-Observed
INQ-000039,HRO-000033,CNT-000051,2026-05-17T16:21:34,Loved One,Web Form,Organic,Google Organic,,,https://harborridge.example.test/contact,Confirmed,Web Form,System-Observed
INQ-000040,HRO-000034,CNT-000053,2026-05-01T10:02:22,Professional Referral Source,Web Form,Organic,Google Organic,,,https://harborridge.example.test/contact,Confirmed,Web Form,System-Observed
INQ-000041,HRO-000035,CNT-000055,2026-05-22T19:34:38,Patient,Web Form,Paid Search,Microsoft Ads,,,https://harborridge.example.test/contact,Confirmed,Web Form,System-Observed
INQ-000042,HRO-000036,CNT-000056,2026-05-14T18:28:31,Loved One,Call,Direct,,555-129-2679,484,,Confirmed,Call Tracking,System-Observed
INQ-000043,HRO-000036,CNT-000057,2026-05-14T21:28:31,Loved One,Web Form,Direct,,,,https://harborridge.example.test/contact,Confirmed,Web Form,System-Observed
INQ-000044,HRO-000037,CNT-000059,2026-05-22T19:43:57,Loved One,Call,Professional Referral,,555-181-8633,314,,Confirmed,CRM,Human-Entered
INQ-000045,HRO-000038,CNT-000061,2026-05-02T20:41:37,Professional Referral Source,Call,Professional Referral,,555-616-6344,723,,Confirmed,CRM,Human-Entered
INQ-000046,HRO-000039,CNT-000063,2026-05-19T13:58:36,Loved One,Web Form,Paid Search,Google Ads,,,https://harborridge.example.test/contact,Confirmed,Web Form,System-Observed
INQ-000047,HRO-000040,CNT-000065,2026-05-19T12:42:41,Loved One,Web Form,Paid Search,Google Ads,,,https://harborridge.example.test/contact,Confirmed,Web Form,System-Observed
INQ-000048,HRO-000041,CNT-000067,2026-05-22T14:25:02,Patient,Call,Direct,,555-264-8553,244,,Confirmed,Call Tracking,System-Observed
INQ-000049,HRO-000042,CNT-000068,2026-05-24T10:51:35,Loved One,Call,Paid Search,Google Ads,555-760-2540,722,,Confirmed,Call Tracking,System-Observed
INQ-000050,HRO-000043,CNT-000070,2026-05-17T09:50:59,Patient,Call,Local,GBP,555-886-1967,770,,Confirmed,Call Tracking,System-Observed
INQ-000051,HRO-000044,CNT-000071,2026-05-15T10:57:05,Patient,Call,Organic,Google Organic,555-675-7575,779,,Probable,Call Tracking,System-Observed
INQ-000052,HRO-000045,CNT-000072,2026-05-17T13:22:05,Patient,Web Form,Local,GBP,,,https://harborridge.example.test/contact,Confirmed,Web Form,System-Observed
INQ-000053,HRO-000046,CNT-000073,2026-05-14T11:24:37,Loved One,Call,Organic,Google Organic,555-224-9557,890,,Confirmed,Call Tracking,System-Observed
INQ-000054,HRO-000047,CNT-000075,2026-05-03T17:44:29,Loved One,Web Form,Paid Search,Microsoft Ads,,,https://harborridge.example.test/contact,Probable,Web Form,System-Observed
INQ-000055,HRO-000048,CNT-000077,2026-05-02T15:08:26,Patient,Web Form,Paid Search,Google Ads,,,https://harborridge.example.test/contact,Confirmed,Web Form,System-Observed
INQ-000056,HRO-000049,CNT-000078,2026-05-10T12:51:29,Loved One,Call,Organic,Google Organic,555-171-3655,330,,Confirmed,Call Tracking,System-Observed
INQ-000057,HRO-000050,CNT-000080,2026-05-26T08:23:32,Patient,Web Form,Paid Search,Google Ads,,,https://harborridge.example.test/contact,Confirmed,Web Form,System-Observed
INQ-000058,HRO-000051,CNT-000081,2026-05-23T14:45:32,Professional Referral Source,Call,Professional Referral,,555-165-2610,740,,Confirmed,CRM,Human-Entered
INQ-000059,HRO-000052,CNT-000083,2026-05-26T12:20:24,Patient,Call,Professional Referral,,555-938-5080,290,,Confirmed,CRM,Human-Entered
INQ-000060,HRO-000053,CNT-000084,2026-05-01T20:06:31,Loved One,Call,Paid Search,Google Ads,555-358-3038,194,,Confirmed,Call Tracking,System-Observed
INQ-000061,HRO-000053,CNT-000085,2026-05-04T01:06:31,Patient,Call,Paid Search,Google Ads,555-559-6487,425,,Confirmed,Call Tracking,System-Observed
INQ-000062,HRO-000054,CNT-000086,2026-05-12T12:23:59,Loved One,Web Form,Direct,,,,https://harborridge.example.test/contact,Confirmed,Web Form,System-Observed
INQ-000063,HRO-000055,CNT-000088,2026-05-13T10:22:00,Loved One,Web Form,Paid Search,Google Ads,,,https://harborridge.example.test/contact,Confirmed,Web Form,System-Observed
INQ-000064,HRO-000056,CNT-000090,2026-05-19T09:24:13,Loved One,Call,Other,Meta,555-227-0234,332,,Probable,Call Tracking,System-Observed
INQ-000065,HRO-000057,CNT-000092,2026-05-02T13:13:16,Patient,Call,Organic,Google Organic,555-627-8428,883,,Probable,Call Tracking,System-Observed
INQ-000066,HRO-000058,CNT-000093,2026-05-12T16:08:47,Loved One,Web Form,Organic,Google Organic,,,https://harborridge.example.test/contact,Confirmed,Web Form,System-Observed
INQ-000067,HRO-000059,CNT-000095,2026-05-01T10:13:35,Loved One,Web Form,Paid Search,Google Ads,,,https://harborridge.example.test/contact,Confirmed,Web Form,System-Observed
INQ-000068,HRO-000059,CNT-000096,2026-05-02T11:13:35,Patient,Web Form,Paid Search,Google Ads,,,https://harborridge.example.test/contact,Confirmed,Web Form,System-Observed
INQ-000069,HRO-000060,CNT-000097,2026-05-06T15:45:19,Loved One,Call,Paid Search,Microsoft Ads,555-335-5558,668,,Confirmed,Call Tracking,System-Observed
INQ-000070,HRO-000061,CNT-000099,2026-05-08T10:27:51,Patient,Web Form,Other,Meta,,,https://harborridge.example.test/contact,Confirmed,Web Form,System-Observed
INQ-000071,HRO-000062,CNT-000100,2026-05-10T08:14:12,Patient,Web Form,Professional Referral,,,,https://harborridge.example.test/contact,Confirmed,CRM,Human-Entered
INQ-000072,HRO-000063,CNT-000101,2026-05-02T09:29:31,Loved One,Call,Direct,,555-703-5294,100,,Confirmed,Call Tracking,System-Observed
INQ-000073,HRO-000063,CNT-000102,2026-05-03T14:29:31,Patient,Call,Direct,,555-705-0319,467,,Confirmed,Call Tracking,System-Observed
INQ-000074,HRO-000064,CNT-000103,2026-05-16T19:34:27,Loved One,Call,Paid Search,Google Ads,555-488-7328,503,,Probable,Call Tracking,System-Observed
INQ-000075,HRO-000065,CNT-000105,2026-05-12T17:02:35,Patient,Call,Local,GBP,555-147-6264,576,,Confirmed,Call Tracking,System-Observed
INQ-000076,HRO-000066,CNT-000106,2026-05-17T20:20:41,Patient,Web Form,Organic,Google Organic,,,https://harborridge.example.test/contact,Confirmed,Web Form,System-Observed
INQ-000077,HRO-000067,CNT-000107,2026-05-02T20:41:16,Loved One,Call,Local,GBP,555-249-4894,374,,Confirmed,Call Tracking,System-Observed
INQ-000078,HRO-000068,CNT-000109,2026-05-10T17:56:45,Loved One,Web Form,Paid Search,Google Ads,,,https://harborridge.example.test/contact,Confirmed,Web Form,System-Observed
INQ-000079,HRO-000069,CNT-000111,2026-05-04T15:11:43,Patient,Call,Direct,,555-263-6083,801,,Confirmed,Call Tracking,System-Observed
INQ-000080,HRO-000069,CNT-000112,2026-05-06T15:11:43,Patient,Web Form,Direct,,,,https://harborridge.example.test/contact,Confirmed,Web Form,System-Observed
INQ-000081,HRO-000070,CNT-000113,2026-05-24T20:42:46,Patient,Call,Local,GBP,555-067-8672,761,,Confirmed,Call Tracking,System-Observed
INQ-000082,HRO-000071,CNT-000114,2026-05-12T20:28:52,Patient,Call,Paid Search,Google Ads,555-855-0658,143,,Confirmed,Call Tracking,System-Observed
INQ-000083,HRO-000072,CNT-000115,2026-05-03T16:43:27,Patient,Call,Paid Search,Microsoft Ads,555-786-5951,365,,Confirmed,Call Tracking,System-Observed
INQ-000084,HRO-000073,CNT-000116,2026-05-03T20:45:04,Loved One,Web Form,Organic,Google Organic,,,https://harborridge.example.test/contact,Confirmed,Web Form,System-Observed
INQ-000085,HRO-000073,CNT-000117,2026-05-04T02:45:04,Patient,Web Form,Organic,Google Organic,,,https://harborridge.example.test/contact,Confirmed,Web Form,System-Observed
INQ-000086,HRO-000074,CNT-000118,2026-05-03T11:32:45,Loved One,Call,Professional Referral,,555-491-8822,432,,Confirmed,CRM,Human-Entered
INQ-000087,HRO-000075,CNT-000120,2026-05-20T13:23:43,Patient,Call,Local,GBP,555-362-6620,284,,Confirmed,Call Tracking,System-Observed
INQ-000088,HRO-000076,CNT-000121,2026-05-21T12:45:24,Patient,Call,Paid Search,Google Ads,555-493-7624,822,,Confirmed,Call Tracking,System-Observed
INQ-000089,HRO-000076,CNT-000122,2026-05-24T16:45:24,Loved One,Call,Paid Search,Google Ads,555-841-3488,316,,Confirmed,Call Tracking,System-Observed
INQ-000090,HRO-000076,CNT-000123,2026-05-24T16:45:24,Patient,Web Form,Paid Search,Google Ads,,,https://harborridge.example.test/contact,Confirmed,Web Form,System-Observed
INQ-000091,HRO-000077,CNT-000124,2026-05-21T13:12:20,Patient,Call,Paid Search,Google Ads,555-662-2401,872,,Confirmed,Call Tracking,System-Observed
INQ-000092,HRO-000078,CNT-000125,2026-05-10T18:25:05,Patient,Call,Paid Search,Microsoft Ads,555-931-7784,778,,Confirmed,Call Tracking,System-Observed
INQ-000093,HRO-000078,CNT-000126,2026-05-12T21:25:05,Loved One,Call,Paid Search,Microsoft Ads,555-648-7965,332,,Confirmed,Call Tracking,System-Observed
INQ-000094,HRO-000079,CNT-000127,2026-05-01T07:16:13,Patient,Web Form,Paid Search,Google Ads,,,https://harborridge.example.test/contact,Confirmed,Web Form,System-Observed
INQ-000095,HRO-000080,CNT-000128,2026-05-06T09:36:29,Loved One,Web Form,Other,Meta,,,https://harborridge.example.test/contact,Confirmed,Web Form,System-Observed
INQ-000096,HRO-000081,CNT-000130,2026-05-07T11:31:27,Loved One,Call,Other,Meta,555-549-7751,734,,Probable,Call Tracking,System-Observed
INQ-000097,HRO-000081,CNT-000131,2026-05-09T16:31:27,Professional Referral Source,Call,Other,Meta,555-275-4120,506,,Confirmed,Call Tracking,System-Observed
INQ-000098,HRO-000082,CNT-000133,2026-05-25T08:47:52,Patient,Call,Professional Referral,,555-871-6178,470,,Probable,CRM,Human-Entered
INQ-000099,HRO-000083,CNT-000134,2026-05-06T14:23:46,Patient,Call,Professional Referral,,555-712-2831,143,,Possible,CRM,Human-Entered
INQ-000100,HRO-000084,CNT-000135,2026-05-25T16:14:25,Patient,Call,Professional Referral,,555-322-5215,274,,Confirmed,CRM,Human-Entered
INQ-000101,HRO-000084,CNT-000136,2026-05-27T21:14:25,Loved One,Web Form,Professional Referral,,,,https://harborridge.example.test/contact,Confirmed,CRM,Human-Entered
INQ-000102,HRO-000085,CNT-000137,2026-05-27T10:02:01,Patient,Call,Direct,,555-141-8633,628,,Possible,Call Tracking,System-Observed
INQ-000103,HRO-000086,CNT-000138,2026-05-02T07:12:35,Patient,Call,Professional Referral,,555-126-2002,615,,Confirmed,CRM,Human-Entered
INQ-000104,HRO-000086,CNT-000139,2026-05-04T08:12:35,Loved One,Web Form,Professional Referral,,,,https://harborridge.example.test/contact,Probable,CRM,Human-Entered
INQ-000105,HRO-000087,CNT-000140,2026-05-28T17:30:37,Patient,Call,Organic,Google Organic,555-460-2860,722,,Confirmed,Call Tracking,System-Observed
INQ-000106,HRO-000088,CNT-000141,2026-05-18T16:38:45,Patient,Web Form,Organic,Google Organic,,,https://harborridge.example.test/contact,Confirmed,Web Form,System-Observed
INQ-000107,HRO-000089,CNT-000142,2026-05-06T08:03:43,Patient,Web Form,Organic,Google Organic,,,https://harborridge.example.test/contact,Confirmed,Web Form,System-Observed
INQ-000108,HRO-000090,CNT-000143,2026-05-24T12:31:21,Patient,Call,Paid Search,Google Ads,555-701-1294,359,,Confirmed,Call Tracking,System-Observed
INQ-000109,HRO-000091,CNT-000144,2026-05-23T09:23:58,Loved One,Call,Direct,,555-196-3926,403,,Confirmed,Call Tracking,System-Observed
INQ-000110,HRO-000092,CNT-000146,2026-05-07T16:35:36,Patient,Call,Professional Referral,,555-507-0690,436,,Confirmed,CRM,Human-Entered
INQ-000111,HRO-000093,CNT-000147,2026-05-03T11:10:19,Patient,Web Form,Paid Search,Google Ads,,,https://harborridge.example.test/contact,Confirmed,Web Form,System-Observed
INQ-000112,HRO-000094,CNT-000148,2026-05-16T18:17:03,Patient,Call,Organic,Google Organic,555-251-7321,535,,Confirmed,Call Tracking,System-Observed
INQ-000113,HRO-000095,CNT-000149,2026-05-09T18:15:43,Patient,Web Form,Organic,Google Organic,,,https://harborridge.example.test/contact,Possible,Web Form,System-Observed
INQ-000114,HRO-000096,CNT-000150,2026-05-12T07:11:06,Loved One,Call,Paid Search,Google Ads,555-341-7775,890,,Confirmed,Call Tracking,System-Observed
INQ-000115,HRO-000097,CNT-000152,2026-05-11T17:50:21,Patient,Call,Organic,Google Organic,555-376-8785,214,,Confirmed,Call Tracking,System-Observed
INQ-000116,HRO-000098,CNT-000153,2026-05-12T16:37:56,Patient,Call,Paid Search,Google Ads,555-444-4176,432,,Confirmed,Call Tracking,System-Observed
INQ-000117,HRO-000099,CNT-000154,2026-05-02T13:56:58,Loved One,Web Form,Paid Search,Google Ads,,,https://harborridge.example.test/contact,Confirmed,Web Form,System-Observed
INQ-000118,HRO-000100,CNT-000156,2026-05-23T13:56:44,Loved One,Call,Paid Search,Google Ads,555-276-3935,180,,Confirmed,Call Tracking,System-Observed
INQ-000119,HRO-000101,CNT-000158,2026-05-02T08:47:50,Patient,Call,Professional Referral,,555-733-6100,829,,Confirmed,CRM,Human-Entered
INQ-000120,HRO-000102,CNT-000159,2026-05-16T11:51:43,Patient,Call,Paid Search,Google Ads,555-082-4675,815,,Confirmed,Call Tracking,System-Observed
INQ-000121,HRO-000103,CNT-000160,2026-05-06T11:33:25,Loved One,Call,Local,GBP,555-709-5719,758,,Confirmed,Call Tracking,System-Observed
INQ-000122,HRO-000104,CNT-000162,2026-05-01T19:01:56,Patient,Web Form,Organic,Google Organic,,,https://harborridge.example.test/contact,Confirmed,Web Form,System-Observed
INQ-000123,HRO-000105,CNT-000163,2026-05-07T09:24:36,Patient,Web Form,Organic,Google Organic,,,https://harborridge.example.test/contact,Probable,Web Form,System-Observed
INQ-000124,HRO-000106,CNT-000164,2026-05-04T19:49:51,Professional Referral Source,Call,Professional Referral,,555-030-2700,555,,Confirmed,CRM,Human-Entered
INQ-000125,HRO-000107,CNT-000166,2026-05-13T12:12:54,Patient,Call,Local,GBP,555-343-7906,745,,Confirmed,Call Tracking,System-Observed
INQ-000126,HRO-000108,CNT-000167,2026-05-16T19:04:12,Patient,Web Form,Organic,Google Organic,,,https://harborridge.example.test/contact,Confirmed,Web Form,System-Observed
INQ-000127,HRO-000108,CNT-000168,2026-05-16T23:04:12,Professional Referral Source,Web Form,Organic,Google Organic,,,https://harborridge.example.test/contact,Confirmed,Web Form,System-Observed
INQ-000128,HRO-000109,CNT-000169,2026-05-26T08:59:32,Patient,Call,Professional Referral,,555-292-4368,853,,Confirmed,CRM,Human-Entered
INQ-000129,HRO-000110,CNT-000170,2026-05-12T08:06:29,Loved One,Web Form,Organic,Google Organic,,,https://harborridge.example.test/contact,Confirmed,Web Form,System-Observed
INQ-000130,HRO-000111,CNT-000172,2026-05-18T18:24:42,Loved One,Call,Organic,Google Organic,555-796-9556,782,,Confirmed,Call Tracking,System-Observed
INQ-000131,HRO-000112,CNT-000174,2026-05-05T12:01:24,Loved One,Call,Professional Referral,,555-643-6585,562,,Confirmed,CRM,Human-Entered
INQ-000132,HRO-000113,CNT-000176,2026-05-14T20:35:01,Patient,Call,Organic,Google Organic,555-926-7664,286,,Confirmed,Call Tracking,System-Observed
INQ-000133,HRO-000113,CNT-000177,2026-05-15T21:35:01,Loved One,Call,Organic,Google Organic,555-707-6784,478,,Confirmed,Call Tracking,System-Observed
INQ-000134,HRO-000114,CNT-000178,2026-05-16T17:29:28,Loved One,Call,Paid Search,Google Ads,555-599-6136,530,,Confirmed,Call Tracking,System-Observed
INQ-000135,HRO-000115,CNT-000180,2026-05-20T07:01:46,Patient,Web Form,Local,GBP,,,https://harborridge.example.test/contact,Confirmed,Web Form,System-Observed
INQ-000136,HRO-000116,CNT-000181,2026-05-12T19:05:33,Loved One,Web Form,Local,GBP,,,https://harborridge.example.test/contact,Confirmed,Web Form,System-Observed
INQ-000137,HRO-000116,CNT-000182,2026-05-14T23:05:33,Loved One,Web Form,Local,GBP,,,https://harborridge.example.test/contact,Confirmed,Web Form,System-Observed
INQ-000138,HRO-000117,CNT-000184,2026-05-22T19:05:04,Loved One,Web Form,Paid Search,Google Ads,,,https://harborridge.example.test/contact,Confirmed,Web Form,System-Observed
INQ-000139,HRO-000118,CNT-000186,2026-05-13T11:06:06,Loved One,Web Form,Paid Search,Google Ads,,,https://harborridge.example.test/contact,Confirmed,Web Form,System-Observed
INQ-000140,HRO-000118,CNT-000187,2026-05-16T17:06:06,Patient,Web Form,Paid Search,Google Ads,,,https://harborridge.example.test/contact,Confirmed,Web Form,System-Observed
INQ-000141,HRO-000119,CNT-000188,2026-05-18T13:51:37,Patient,Call,Other,Meta,555-378-7278,762,,Confirmed,Call Tracking,System-Observed
INQ-000142,HRO-000120,CNT-000189,2026-05-02T13:57:47,Patient,Call,Organic,Google Organic,555-225-6345,256,,Confirmed,Call Tracking,System-Observed
INQ-000143,HRO-000120,CNT-000190,2026-05-02T16:57:47,Patient,Call,Organic,Google Organic,555-199-2690,517,,Confirmed,Call Tracking,System-Observed
INQ-000144,HRO-000121,CNT-000191,2026-05-27T13:15:18,Loved One,Call,Organic,Google Organic,555-797-3267,110,,Confirmed,Call Tracking,System-Observed
INQ-000145,HRO-000121,CNT-000192,2026-05-27T15:15:18,Loved One,Web Form,Organic,Google Organic,,,https://harborridge.example.test/contact,Confirmed,Web Form,System-Observed
INQ-000146,HRO-000122,CNT-000194,2026-05-23T17:54:17,Patient,Call,Local,GBP,555-388-2679,869,,Confirmed,Call Tracking,System-Observed
INQ-000147,HRO-000123,CNT-000195,2026-05-14T11:05:07,Patient,Call,Professional Referral,,555-748-3305,226,,Confirmed,CRM,Human-Entered
INQ-000148,HRO-000124,CNT-000196,2026-05-27T20:11:11,Loved One,Call,Professional Referral,,555-709-5833,589,,Confirmed,CRM,Human-Entered
INQ-000149,HRO-000125,CNT-000198,2026-05-25T13:12:25,Patient,Call,Local,GBP,555-126-2808,381,,Confirmed,Call Tracking,System-Observed
INQ-000150,HRO-000126,CNT-000199,2026-05-03T19:23:16,Patient,Call,Paid Search,Google Ads,555-815-2960,877,,Confirmed,Call Tracking,System-Observed
INQ-000151,HRO-000127,CNT-000200,2026-05-08T09:33:10,Professional Referral Source,Web Form,Organic,Google Organic,,,https://harborridge.example.test/contact,Confirmed,Web Form,System-Observed
INQ-000152,HRO-000128,CNT-000202,2026-05-15T17:06:58,Loved One,Call,Local,GBP,555-132-5752,471,,Confirmed,Call Tracking,System-Observed
INQ-000153,HRO-000129,CNT-000204,2026-05-02T17:23:49,Loved One,Call,Organic,Google Organic,555-318-3959,346,,Confirmed,Call Tracking,System-Observed
INQ-000154,HRO-000130,CNT-000206,2026-05-01T09:27:56,Loved One,Web Form,Direct,,,,https://harborridge.example.test/contact,Confirmed,Web Form,System-Observed
INQ-000155,HRO-000131,CNT-000208,2026-05-17T13:25:23,Loved One,Web Form,Paid Search,Google Ads,,,https://harborridge.example.test/contact,Confirmed,Web Form,System-Observed
INQ-000156,HRO-000131,CNT-000209,2026-05-20T16:25:23,Patient,Call,Paid Search,Google Ads,555-180-8552,485,,Confirmed,Call Tracking,System-Observed
INQ-000157,HRO-000132,CNT-000210,2026-05-12T14:55:29,Patient,Web Form,Organic,Google Organic,,,https://harborridge.example.test/contact,Confirmed,Web Form,System-Observed
INQ-000158,HRO-000132,CNT-000211,2026-05-12T15:55:29,Patient,Web Form,Organic,Google Organic,,,https://harborridge.example.test/contact,Probable,Web Form,System-Observed
INQ-000159,HRO-000133,CNT-000212,2026-05-26T18:04:18,Patient,Call,Paid Search,Microsoft Ads,555-589-7942,543,,Confirmed,Call Tracking,System-Observed
INQ-000160,HRO-000134,CNT-000213,2026-05-03T09:10:47,Patient,Call,Paid Search,Google Ads,555-713-1011,638,,Confirmed,Call Tracking,System-Observed
INQ-000161,HRO-000135,CNT-000214,2026-05-17T17:16:22,Patient,Web Form,Direct,,,,https://harborridge.example.test/contact,Confirmed,Web Form,System-Observed
INQ-000162,HRO-000136,CNT-000215,2026-05-10T10:30:29,Patient,Call,Paid Search,Google Ads,555-908-8134,307,,Probable,Call Tracking,System-Observed
INQ-000163,HRO-000137,CNT-000216,2026-05-16T15:53:46,Patient,Call,Organic,Google Organic,555-105-6784,550,,Confirmed,Call Tracking,System-Observed
INQ-000164,HRO-000138,CNT-000217,2026-05-26T08:10:19,Professional Referral Source,Call,Other,Meta,555-495-4014,314,,Confirmed,Call Tracking,System-Observed
INQ-000165,HRO-000138,CNT-000218,2026-05-29T13:10:19,Patient,Call,Other,Meta,555-581-2151,152,,Confirmed,Call Tracking,System-Observed
INQ-000166,HRO-000139,CNT-000219,2026-05-13T13:34:10,Patient,Call,Direct,,555-624-5781,241,,Confirmed,Call Tracking,System-Observed
INQ-000167,HRO-000140,CNT-000220,2026-05-07T15:08:46,Patient,Web Form,Paid Search,Google Ads,,,https://harborridge.example.test/contact,Confirmed,Web Form,System-Observed
INQ-000168,HRO-000140,CNT-000221,2026-05-08T17:08:46,Loved One,Call,Paid Search,Google Ads,555-010-3367,430,,Confirmed,Call Tracking,System-Observed
INQ-000169,HRO-000141,CNT-000222,2026-05-16T07:03:19,Loved One,Call,Paid Search,Google Ads,555-713-5316,179,,Confirmed,Call Tracking,System-Observed
INQ-000170,HRO-000142,CNT-000224,2026-05-26T13:56:35,Loved One,Call,Direct,,555-408-9711,377,,Possible,Call Tracking,System-Observed
INQ-000171,HRO-000143,CNT-000226,2026-05-13T18:11:47,Patient,Call,Organic,Google Organic,555-697-6698,445,,Confirmed,Call Tracking,System-Observed
INQ-000172,HRO-000143,CNT-000227,2026-05-15T00:11:47,Loved One,Web Form,Organic,Google Organic,,,https://harborridge.example.test/contact,Probable,Web Form,System-Observed
INQ-000173,HRO-000144,CNT-000228,2026-05-19T15:17:10,Patient,Web Form,Paid Search,Google Ads,,,https://harborridge.example.test/contact,Confirmed,Web Form,System-Observed
INQ-000174,HRO-000144,CNT-000229,2026-05-20T19:17:10,Patient,Call,Paid Search,Google Ads,555-137-8630,524,,Probable,Call Tracking,System-Observed
INQ-000175,HRO-000145,CNT-000230,2026-05-22T19:32:34,Loved One,Call,Organic,Google Organic,555-790-5694,817,,Confirmed,Call Tracking,System-Observed
INQ-000176,HRO-000146,CNT-000232,2026-05-04T09:41:10,Patient,Web Form,Paid Search,Microsoft Ads,,,https://harborridge.example.test/contact,Confirmed,Web Form,System-Observed
INQ-000177,HRO-000147,CNT-000233,2026-05-06T11:06:19,Loved One,Web Form,Organic,Google Organic,,,https://harborridge.example.test/contact,Confirmed,Web Form,System-Observed
INQ-000178,HRO-000148,CNT-000235,2026-05-22T16:13:41,Patient,Web Form,Paid Search,Google Ads,,,https://harborridge.example.test/contact,Confirmed,Web Form,System-Observed
INQ-000179,HRO-000149,CNT-000236,2026-05-01T16:27:58,Patient,Call,Professional Referral,,555-076-2164,267,,Confirmed,CRM,Human-Entered
INQ-000180,HRO-000150,CNT-000237,2026-05-07T14:13:31,Patient,Call,Other,Meta,555-441-9497,695,,Probable,Call Tracking,System-Observed
INQ-000181,HRO-000151,CNT-000238,2026-05-11T19:10:55,Patient,Call,Paid Search,Microsoft Ads,555-269-8368,481,,Confirmed,Call Tracking,System-Observed
INQ-000182,HRO-000152,CNT-000239,2026-05-15T15:12:34,Patient,Call,Paid Search,Google Ads,555-972-6071,603,,Confirmed,Call Tracking,System-Observed
INQ-000183,HRO-000153,CNT-000240,2026-05-09T12:08:15,Patient,Call,Direct,,555-313-8261,634,,Confirmed,Call Tracking,System-Observed
INQ-000184,HRO-000154,CNT-000241,2026-05-19T16:41:29,Patient,Call,Paid Search,Microsoft Ads,555-110-0611,669,,Confirmed,Call Tracking,System-Observed
INQ-000185,HRO-000155,CNT-000242,2026-05-25T10:32:12,Professional Referral Source,Web Form,Direct,,,,https://harborridge.example.test/contact,Confirmed,Web Form,System-Observed
INQ-000186,HRO-000156,CNT-000244,2026-05-21T16:03:22,Patient,Call,Paid Search,Microsoft Ads,555-071-3233,274,,Confirmed,Call Tracking,System-Observed
INQ-000187,HRO-000157,CNT-000245,2026-05-16T18:27:41,Loved One,Web Form,Paid Search,Google Ads,,,https://harborridge.example.test/contact,Confirmed,Web Form,System-Observed
INQ-000188,HRO-000158,CNT-000247,2026-05-06T16:38:19,Loved One,Call,Local,GBP,555-415-1404,284,,Confirmed,Call Tracking,System-Observed
INQ-000189,HRO-000159,CNT-000249,2026-05-06T15:41:27,Patient,Web Form,Other,Meta,,,https://harborridge.example.test/contact,Confirmed,Web Form,System-Observed
INQ-000190,HRO-000160,CNT-000250,2026-05-14T16:11:20,Patient,Web Form,Direct,,,,https://harborridge.example.test/contact,Confirmed,Web Form,System-Observed
INQ-000191,HRO-000161,CNT-000251,2026-05-13T19:07:42,Patient,Web Form,Paid Search,Google Ads,,,https://harborridge.example.test/contact,Confirmed,Web Form,System-Observed
INQ-000192,HRO-000162,CNT-000252,2026-05-03T09:54:37,Loved One,Call,Local,GBP,555-935-8452,860,,Confirmed,Call Tracking,System-Observed
INQ-000193,HRO-000163,CNT-000254,2026-05-14T13:59:28,Loved One,Call,Professional Referral,,555-409-7401,318,,Confirmed,CRM,Human-Entered
INQ-000194,HRO-000164,CNT-000256,2026-05-21T19:43:48,Patient,Call,Professional Referral,,555-343-6008,465,,Confirmed,CRM,Human-Entered
INQ-000195,HRO-000165,CNT-000257,2026-05-13T19:49:09,Patient,Call,Paid Search,Google Ads,555-485-5999,799,,Confirmed,Call Tracking,System-Observed
INQ-000196,HRO-000165,CNT-000258,2026-05-14T23:49:09,Loved One,Call,Paid Search,Google Ads,555-181-7027,198,,Confirmed,Call Tracking,System-Observed
INQ-000197,HRO-000165,CNT-000259,2026-05-15T19:49:09,Loved One,Call,Paid Search,Google Ads,555-492-7646,736,,Probable,Call Tracking,System-Observed
INQ-000198,HRO-000166,CNT-000260,2026-05-01T07:16:15,Patient,Call,Organic,Google Organic,555-854-6780,467,,Confirmed,Call Tracking,System-Observed
INQ-000199,HRO-000166,CNT-000261,2026-05-03T13:16:15,Patient,Call,Organic,Google Organic,555-880-2412,184,,Possible,Call Tracking,System-Observed
INQ-000200,HRO-000167,CNT-000262,2026-05-04T17:33:04,Loved One,Call,Professional Referral,,555-433-8198,368,,Confirmed,CRM,Human-Entered
INQ-000201,HRO-000168,CNT-000264,2026-05-05T07:37:38,Patient,Call,Local,GBP,555-783-9917,341,,Confirmed,Call Tracking,System-Observed
INQ-000202,HRO-000169,CNT-000265,2026-05-02T14:13:40,Patient,Call,Paid Search,Google Ads,555-542-6151,364,,Confirmed,Call Tracking,System-Observed
INQ-000203,HRO-000170,CNT-000266,2026-05-14T15:31:37,Loved One,Web Form,Paid Search,Microsoft Ads,,,https://harborridge.example.test/contact,Probable,Web Form,System-Observed
INQ-000204,HRO-000170,CNT-000267,2026-05-14T19:31:37,Loved One,Call,Paid Search,Microsoft Ads,555-187-0609,120,,Confirmed,Call Tracking,System-Observed
INQ-000205,HRO-000170,CNT-000268,2026-05-17T21:31:37,Patient,Web Form,Paid Search,Microsoft Ads,,,https://harborridge.example.test/contact,Confirmed,Web Form,System-Observed
INQ-000206,HRO-000171,CNT-000269,2026-05-10T19:04:08,Patient,Call,Direct,,555-100-4701,793,,Confirmed,Call Tracking,System-Observed
INQ-000207,HRO-000172,CNT-000270,2026-05-20T14:23:57,Loved One,Web Form,Paid Search,Google Ads,,,https://harborridge.example.test/contact,Confirmed,Web Form,System-Observed
INQ-000208,HRO-000173,CNT-000272,2026-05-10T18:56:59,Loved One,Call,Paid Search,Google Ads,555-096-0501,475,,Confirmed,Call Tracking,System-Observed
INQ-000209,HRO-000174,CNT-000274,2026-05-08T14:45:12,Patient,Web Form,Professional Referral,,,,https://harborridge.example.test/contact,Confirmed,CRM,Human-Entered
INQ-000210,HRO-000175,CNT-000275,2026-05-05T11:55:24,Loved One,Call,Paid Search,Microsoft Ads,555-204-5531,381,,Confirmed,Call Tracking,System-Observed
INQ-000211,HRO-000176,CNT-000277,2026-05-17T08:25:37,Patient,Web Form,Paid Search,Google Ads,,,https://harborridge.example.test/contact,Confirmed,Web Form,System-Observed
INQ-000212,HRO-000176,CNT-000278,2026-05-17T14:25:37,Patient,Call,Paid Search,Google Ads,555-301-3769,166,,Confirmed,Call Tracking,System-Observed
INQ-000213,HRO-000177,CNT-000279,2026-05-18T09:46:03,Loved One,Call,Professional Referral,,555-630-8878,684,,Confirmed,CRM,Human-Entered
INQ-000214,HRO-000177,CNT-000280,2026-05-20T14:46:03,Patient,Call,Professional Referral,,555-668-3909,458,,Confirmed,CRM,Human-Entered
INQ-000215,HRO-000178,CNT-000281,2026-05-02T13:04:23,Professional Referral Source,Web Form,Paid Search,Google Ads,,,https://harborridge.example.test/contact,Confirmed,Web Form,System-Observed
INQ-000216,,CNT-000283,2026-05-04T08:07:04,Loved One,Call,Professional Referral,,555-172-6222,222,,Unmatched,Call Tracking,System-Observed
INQ-000217,,CNT-000284,2026-05-09T09:30:44,Loved One,Call,Organic,Google Organic,555-211-8290,246,,Unmatched,Call Tracking,System-Observed
INQ-000218,,CNT-000285,2026-05-01T13:26:24,Loved One,Call,Organic,Google Organic,555-523-5601,126,,Unmatched,Call Tracking,System-Observed
INQ-000219,,CNT-000286,2026-05-03T16:29:26,Patient,Call,Other,Meta,555-536-7923,253,,Unmatched,Call Tracking,System-Observed
INQ-000220,,CNT-000287,2026-05-24T10:11:51,Patient,Call,Professional Referral,,555-989-7241,246,,Unmatched,Call Tracking,System-Observed
INQ-000221,HRO-000179,CNT-000288,2026-06-01T13:00:05,Patient,Call,Professional Referral,,555-477-1117,173,,Confirmed,CRM,Human-Entered
INQ-000222,HRO-000180,CNT-000289,2026-06-11T08:16:04,Loved One,Call,Professional Referral,,555-904-5870,567,,Confirmed,CRM,Human-Entered
INQ-000223,HRO-000180,CNT-000290,2026-06-14T10:16:04,Patient,Call,Professional Referral,,555-379-4190,433,,Confirmed,CRM,Human-Entered
INQ-000224,HRO-000181,CNT-000291,2026-06-06T11:43:26,Professional Referral Source,Call,Professional Referral,,555-016-2698,412,,Confirmed,CRM,Human-Entered
INQ-000225,HRO-000182,CNT-000293,2026-06-07T12:51:03,Loved One,Web Form,Paid Search,Google Ads,,,https://harborridge.example.test/contact,Confirmed,Web Form,System-Observed
INQ-000226,HRO-000183,CNT-000295,2026-06-19T16:26:07,Loved One,Call,Paid Search,Google Ads,555-497-1471,782,,Confirmed,Call Tracking,System-Observed
INQ-000227,HRO-000184,CNT-000297,2026-06-14T17:23:31,Patient,Web Form,Organic,Google Organic,,,https://harborridge.example.test/contact,Confirmed,Web Form,System-Observed
INQ-000228,HRO-000185,CNT-000298,2026-06-24T16:43:01,Loved One,Call,Professional Referral,,555-942-4403,265,,Confirmed,CRM,Human-Entered
INQ-000229,HRO-000186,CNT-000300,2026-06-16T13:32:33,Patient,Call,Paid Search,Microsoft Ads,555-247-6421,262,,Confirmed,Call Tracking,System-Observed
INQ-000230,HRO-000187,CNT-000301,2026-06-03T18:03:39,Patient,Call,Paid Search,Google Ads,555-277-5547,671,,Confirmed,Call Tracking,System-Observed
INQ-000231,HRO-000188,CNT-000302,2026-06-09T11:47:33,Patient,Web Form,Organic,Google Organic,,,https://harborridge.example.test/contact,Possible,Web Form,System-Observed
INQ-000232,HRO-000189,CNT-000303,2026-06-15T15:13:04,Loved One,Call,Other,Meta,555-743-0920,630,,Confirmed,Call Tracking,System-Observed
INQ-000233,HRO-000189,CNT-000304,2026-06-15T16:13:04,Patient,Web Form,Other,Meta,,,https://harborridge.example.test/contact,Confirmed,Web Form,System-Observed
INQ-000234,HRO-000190,CNT-000305,2026-06-11T10:46:32,Loved One,Web Form,Professional Referral,,,,https://harborridge.example.test/contact,Confirmed,CRM,Human-Entered
INQ-000235,HRO-000191,CNT-000307,2026-06-03T20:36:01,Loved One,Call,Direct,,555-475-9198,167,,Confirmed,Call Tracking,System-Observed
INQ-000236,HRO-000192,CNT-000309,2026-06-03T07:03:24,Loved One,Web Form,Professional Referral,,,,https://harborridge.example.test/contact,Confirmed,CRM,Human-Entered
INQ-000237,HRO-000193,CNT-000311,2026-06-27T14:05:50,Patient,Call,Paid Search,Google Ads,555-813-5987,520,,Confirmed,Call Tracking,System-Observed
INQ-000238,HRO-000194,CNT-000312,2026-06-22T16:55:09,Patient,Call,Paid Search,Microsoft Ads,555-082-6387,721,,Confirmed,Call Tracking,System-Observed
INQ-000239,HRO-000195,CNT-000313,2026-06-24T18:57:22,Loved One,Call,Organic,Google Organic,555-895-4190,103,,Confirmed,Call Tracking,System-Observed
INQ-000240,HRO-000196,CNT-000315,2026-06-07T13:35:21,Patient,Call,Professional Referral,,555-465-0131,403,,Confirmed,CRM,Human-Entered
INQ-000241,HRO-000197,CNT-000316,2026-06-04T20:28:13,Patient,Call,Direct,,555-279-9089,730,,Possible,Call Tracking,System-Observed
INQ-000242,HRO-000197,CNT-000317,2026-06-06T22:28:13,Loved One,Web Form,Direct,,,,https://harborridge.example.test/contact,Confirmed,Web Form,System-Observed
INQ-000243,HRO-000198,CNT-000318,2026-06-03T10:28:28,Loved One,Call,Professional Referral,,555-347-8567,158,,Confirmed,CRM,Human-Entered
INQ-000244,HRO-000199,CNT-000320,2026-06-19T16:56:24,Loved One,Call,Paid Search,Google Ads,555-196-9036,884,,Confirmed,Call Tracking,System-Observed
INQ-000245,HRO-000200,CNT-000322,2026-06-06T12:59:36,Patient,Call,Other,Meta,555-218-4122,779,,Confirmed,Call Tracking,System-Observed
INQ-000246,HRO-000200,CNT-000323,2026-06-09T15:59:36,Patient,Call,Other,Meta,555-314-8881,346,,Confirmed,Call Tracking,System-Observed
INQ-000247,HRO-000201,CNT-000324,2026-06-27T14:20:34,Patient,Web Form,Direct,,,,https://harborridge.example.test/contact,Confirmed,Web Form,System-Observed
INQ-000248,HRO-000202,CNT-000325,2026-06-13T19:30:00,Patient,Call,Organic,Google Organic,555-136-7258,401,,Confirmed,Call Tracking,System-Observed
INQ-000249,HRO-000203,CNT-000326,2026-06-03T14:59:07,Patient,Web Form,Direct,,,,https://harborridge.example.test/contact,Confirmed,Web Form,System-Observed
INQ-000250,HRO-000204,CNT-000327,2026-06-05T15:53:20,Loved One,Web Form,Other,Meta,,,https://harborridge.example.test/contact,Confirmed,Web Form,System-Observed
INQ-000251,HRO-000205,CNT-000329,2026-06-08T11:00:16,Loved One,Web Form,Paid Search,Google Ads,,,https://harborridge.example.test/contact,Confirmed,Web Form,System-Observed
INQ-000252,HRO-000206,CNT-000331,2026-06-09T08:59:34,Loved One,Call,Professional Referral,,555-513-3644,96,,Confirmed,CRM,Human-Entered
INQ-000253,HRO-000206,CNT-000332,2026-06-12T10:59:34,Professional Referral Source,Call,Professional Referral,,555-545-3553,561,,Confirmed,CRM,Human-Entered
INQ-000254,HRO-000207,CNT-000334,2026-06-08T08:16:11,Loved One,Web Form,Other,Meta,,,https://harborridge.example.test/contact,Confirmed,Web Form,System-Observed
INQ-000255,HRO-000208,CNT-000336,2026-06-09T19:00:44,Loved One,Web Form,Paid Search,Microsoft Ads,,,https://harborridge.example.test/contact,Confirmed,Web Form,System-Observed
INQ-000256,HRO-000209,CNT-000338,2026-06-01T10:42:36,Loved One,Web Form,Other,Meta,,,https://harborridge.example.test/contact,Confirmed,Web Form,System-Observed
INQ-000257,HRO-000210,CNT-000340,2026-06-22T10:03:54,Patient,Call,Local,GBP,555-770-9024,378,,Confirmed,Call Tracking,System-Observed
INQ-000258,HRO-000211,CNT-000341,2026-06-02T14:29:59,Loved One,Call,Other,Meta,555-238-2831,245,,Confirmed,Call Tracking,System-Observed
INQ-000259,HRO-000212,CNT-000343,2026-06-12T15:09:51,Patient,Call,Local,GBP,555-042-6223,380,,Confirmed,Call Tracking,System-Observed
INQ-000260,HRO-000213,CNT-000344,2026-06-02T20:41:08,Patient,Call,Local,GBP,555-564-4364,652,,Confirmed,Call Tracking,System-Observed
INQ-000261,HRO-000214,CNT-000345,2026-06-10T12:47:31,Loved One,Call,Paid Search,Google Ads,555-011-8048,463,,Confirmed,Call Tracking,System-Observed
INQ-000262,HRO-000215,CNT-000347,2026-06-03T12:43:26,Loved One,Call,Professional Referral,,555-746-3202,537,,Confirmed,CRM,Human-Entered
INQ-000263,HRO-000215,CNT-000348,2026-06-03T14:43:26,Patient,Call,Professional Referral,,555-918-9860,459,,Confirmed,CRM,Human-Entered
INQ-000264,HRO-000215,CNT-000349,2026-06-03T15:43:26,Patient,Call,Professional Referral,,555-568-7441,885,,Confirmed,CRM,Human-Entered
INQ-000265,HRO-000216,CNT-000350,2026-06-15T12:46:38,Loved One,Call,Direct,,555-595-0601,364,,Confirmed,Call Tracking,System-Observed
INQ-000266,HRO-000217,CNT-000352,2026-06-09T15:33:15,Loved One,Call,Organic,Google Organic,555-430-4692,667,,Confirmed,Call Tracking,System-Observed
INQ-000267,HRO-000217,CNT-000353,2026-06-09T19:33:15,Patient,Web Form,Organic,Google Organic,,,https://harborridge.example.test/contact,Confirmed,Web Form,System-Observed
INQ-000268,HRO-000218,CNT-000354,2026-06-19T11:09:24,Loved One,Call,Local,GBP,555-363-9997,502,,Confirmed,Call Tracking,System-Observed
INQ-000269,HRO-000218,CNT-000355,2026-06-22T12:09:24,Loved One,Web Form,Local,GBP,,,https://harborridge.example.test/contact,Confirmed,Web Form,System-Observed
INQ-000270,HRO-000219,CNT-000357,2026-06-18T19:33:16,Patient,Call,Local,GBP,555-704-3645,508,,Confirmed,Call Tracking,System-Observed
INQ-000271,HRO-000220,CNT-000358,2026-06-13T20:32:11,Loved One,Call,Professional Referral,,555-482-2104,392,,Confirmed,CRM,Human-Entered
INQ-000272,HRO-000221,CNT-000360,2026-06-04T09:06:29,Loved One,Web Form,Organic,Google Organic,,,https://harborridge.example.test/contact,Confirmed,Web Form,System-Observed
INQ-000273,HRO-000222,CNT-000362,2026-06-05T15:15:59,Patient,Call,Professional Referral,,555-749-5111,319,,Confirmed,CRM,Human-Entered
INQ-000274,HRO-000223,CNT-000363,2026-06-07T12:56:28,Loved One,Call,Professional Referral,,555-907-8008,423,,Confirmed,CRM,Human-Entered
INQ-000275,HRO-000223,CNT-000364,2026-06-10T18:56:28,Loved One,Call,Professional Referral,,555-465-2907,192,,Possible,CRM,Human-Entered
INQ-000276,HRO-000224,CNT-000366,2026-06-05T16:49:36,Patient,Call,Professional Referral,,555-320-8918,853,,Confirmed,CRM,Human-Entered
INQ-000277,HRO-000225,CNT-000367,2026-06-25T10:05:31,Loved One,Call,Local,GBP,555-059-8994,882,,Confirmed,Call Tracking,System-Observed
INQ-000278,HRO-000226,CNT-000369,2026-06-15T15:01:58,Loved One,Call,Other,Meta,555-858-0733,403,,Confirmed,Call Tracking,System-Observed
INQ-000279,HRO-000227,CNT-000371,2026-06-19T18:30:05,Patient,Web Form,Local,GBP,,,https://harborridge.example.test/contact,Confirmed,Web Form,System-Observed
INQ-000280,HRO-000228,CNT-000372,2026-06-19T09:08:24,Loved One,Call,Other,Meta,555-474-5434,851,,Confirmed,Call Tracking,System-Observed
INQ-000281,HRO-000229,CNT-000374,2026-06-04T11:43:45,Patient,Call,Local,GBP,555-017-3736,786,,Confirmed,Call Tracking,System-Observed
INQ-000282,HRO-000230,CNT-000375,2026-06-07T17:31:05,Patient,Call,Local,GBP,555-943-5715,125,,Probable,Call Tracking,System-Observed
INQ-000283,HRO-000231,CNT-000376,2026-06-22T20:18:52,Patient,Call,Professional Referral,,555-212-6858,830,,Confirmed,CRM,Human-Entered
INQ-000284,HRO-000232,CNT-000377,2026-06-26T09:24:24,Loved One,Call,Direct,,555-457-3207,415,,Confirmed,Call Tracking,System-Observed
INQ-000285,HRO-000232,CNT-000378,2026-06-27T14:24:24,Patient,Call,Direct,,555-466-3264,848,,Probable,Call Tracking,System-Observed
INQ-000286,HRO-000233,CNT-000379,2026-06-24T19:57:44,Loved One,Call,Paid Search,Google Ads,555-603-5216,811,,Confirmed,Call Tracking,System-Observed
INQ-000287,HRO-000234,CNT-000381,2026-06-08T10:31:40,Loved One,Call,Professional Referral,,555-775-1284,598,,Confirmed,CRM,Human-Entered
INQ-000288,HRO-000235,CNT-000383,2026-06-11T16:43:54,Loved One,Call,Organic,Google Organic,555-052-0402,285,,Confirmed,Call Tracking,System-Observed
INQ-000289,HRO-000236,CNT-000385,2026-06-26T20:45:07,Patient,Call,Local,GBP,555-074-2993,689,,Confirmed,Call Tracking,System-Observed
INQ-000290,HRO-000237,CNT-000386,2026-06-21T15:25:33,Loved One,Web Form,Organic,Google Organic,,,https://harborridge.example.test/contact,Confirmed,Web Form,System-Observed
INQ-000291,HRO-000238,CNT-000388,2026-06-10T15:56:12,Patient,Call,Organic,Google Organic,555-084-7177,535,,Confirmed,Call Tracking,System-Observed
INQ-000292,HRO-000239,CNT-000389,2026-06-08T13:46:50,Loved One,Call,Paid Search,Google Ads,555-122-3630,651,,Confirmed,Call Tracking,System-Observed
INQ-000293,HRO-000240,CNT-000391,2026-06-09T11:56:44,Patient,Call,Paid Search,Google Ads,555-727-0588,184,,Confirmed,Call Tracking,System-Observed
INQ-000294,HRO-000241,CNT-000392,2026-06-07T10:00:44,Loved One,Web Form,Paid Search,Google Ads,,,https://harborridge.example.test/contact,Probable,Web Form,System-Observed
INQ-000295,HRO-000241,CNT-000393,2026-06-07T16:00:44,Loved One,Web Form,Paid Search,Google Ads,,,https://harborridge.example.test/contact,Confirmed,Web Form,System-Observed
INQ-000296,HRO-000242,CNT-000395,2026-06-24T18:37:54,Patient,Web Form,Other,Meta,,,https://harborridge.example.test/contact,Confirmed,Web Form,System-Observed
INQ-000297,HRO-000243,CNT-000396,2026-06-10T09:50:32,Patient,Call,Professional Referral,,555-924-5713,196,,Confirmed,CRM,Human-Entered
INQ-000298,HRO-000243,CNT-000397,2026-06-12T10:50:32,Loved One,Call,Professional Referral,,555-207-0182,536,,Confirmed,CRM,Human-Entered
INQ-000299,HRO-000244,CNT-000398,2026-06-07T12:40:57,Patient,Web Form,Direct,,,,https://harborridge.example.test/contact,Confirmed,Web Form,System-Observed
INQ-000300,HRO-000245,CNT-000399,2026-06-18T11:44:23,Loved One,Call,Organic,Google Organic,555-988-5523,640,,Confirmed,Call Tracking,System-Observed
INQ-000301,HRO-000246,CNT-000401,2026-06-21T13:33:35,Patient,Web Form,Paid Search,Google Ads,,,https://harborridge.example.test/contact,Confirmed,Web Form,System-Observed
INQ-000302,HRO-000247,CNT-000402,2026-06-03T17:06:25,Patient,Call,Paid Search,Google Ads,555-134-5982,511,,Confirmed,Call Tracking,System-Observed
INQ-000303,HRO-000248,CNT-000403,2026-06-09T20:46:43,Patient,Call,Professional Referral,,555-468-3082,329,,Confirmed,CRM,Human-Entered
INQ-000304,HRO-000249,CNT-000404,2026-06-02T17:23:06,Loved One,Call,Direct,,555-069-9628,252,,Confirmed,Call Tracking,System-Observed
INQ-000305,HRO-000250,CNT-000406,2026-06-06T08:44:36,Patient,Call,Organic,Google Organic,555-204-4889,573,,Confirmed,Call Tracking,System-Observed
INQ-000306,HRO-000250,CNT-000407,2026-06-06T12:44:36,Loved One,Call,Organic,Google Organic,555-863-5894,840,,Confirmed,Call Tracking,System-Observed
INQ-000307,HRO-000251,CNT-000408,2026-06-12T17:49:58,Loved One,Call,Professional Referral,,555-511-5659,283,,Confirmed,CRM,Human-Entered
INQ-000308,HRO-000252,CNT-000410,2026-06-24T14:10:57,Loved One,Call,Professional Referral,,555-548-7126,606,,Confirmed,CRM,Human-Entered
INQ-000309,HRO-000253,CNT-000412,2026-06-02T20:32:07,Patient,Call,Paid Search,Microsoft Ads,555-124-6944,851,,Possible,Call Tracking,System-Observed
INQ-000310,HRO-000254,CNT-000413,2026-06-07T12:01:26,Patient,Call,Organic,Google Organic,555-254-3648,696,,Confirmed,Call Tracking,System-Observed
INQ-000311,HRO-000255,CNT-000414,2026-06-11T20:46:54,Loved One,Call,Professional Referral,,555-555-9329,95,,Confirmed,CRM,Human-Entered
INQ-000312,HRO-000255,CNT-000415,2026-06-11T20:46:54,Patient,Call,Professional Referral,,555-083-1696,779,,Confirmed,CRM,Human-Entered
INQ-000313,HRO-000256,CNT-000416,2026-06-24T18:32:35,Patient,Web Form,Paid Search,Google Ads,,,https://harborridge.example.test/contact,Confirmed,Web Form,System-Observed
INQ-000314,HRO-000257,CNT-000417,2026-06-12T11:47:57,Patient,Web Form,Paid Search,Google Ads,,,https://harborridge.example.test/contact,Confirmed,Web Form,System-Observed
INQ-000315,HRO-000258,CNT-000418,2026-06-22T10:36:14,Patient,Call,Paid Search,Microsoft Ads,555-884-4007,729,,Confirmed,Call Tracking,System-Observed
INQ-000316,HRO-000259,CNT-000419,2026-06-14T16:17:40,Patient,Web Form,Paid Search,Google Ads,,,https://harborridge.example.test/contact,Confirmed,Web Form,System-Observed
INQ-000317,HRO-000260,CNT-000420,2026-06-03T19:28:26,Patient,Call,Direct,,555-194-0780,699,,Confirmed,Call Tracking,System-Observed
INQ-000318,HRO-000260,CNT-000421,2026-06-05T22:28:26,Loved One,Web Form,Direct,,,,https://harborridge.example.test/contact,Confirmed,Web Form,System-Observed
INQ-000319,HRO-000261,CNT-000422,2026-06-05T16:13:07,Patient,Web Form,Direct,,,,https://harborridge.example.test/contact,Confirmed,Web Form,System-Observed
INQ-000320,HRO-000262,CNT-000423,2026-06-06T14:50:38,Patient,Call,Paid Search,Google Ads,555-280-5691,826,,Confirmed,Call Tracking,System-Observed
INQ-000321,HRO-000263,CNT-000424,2026-06-11T14:12:19,Patient,Web Form,Direct,,,,https://harborridge.example.test/contact,Confirmed,Web Form,System-Observed
INQ-000322,HRO-000264,CNT-000425,2026-06-11T07:11:11,Patient,Web Form,Direct,,,,https://harborridge.example.test/contact,Confirmed,Web Form,System-Observed
INQ-000323,HRO-000265,CNT-000426,2026-06-13T15:10:25,Patient,Web Form,Paid Search,Google Ads,,,https://harborridge.example.test/contact,Confirmed,Web Form,System-Observed
INQ-000324,HRO-000266,CNT-000427,2026-06-06T13:17:36,Patient,Web Form,Other,Meta,,,https://harborridge.example.test/contact,Confirmed,Web Form,System-Observed
INQ-000325,HRO-000266,CNT-000428,2026-06-08T18:17:36,Loved One,Call,Other,Meta,555-043-5335,225,,Confirmed,Call Tracking,System-Observed
INQ-000326,HRO-000267,CNT-000429,2026-06-12T15:38:15,Professional Referral Source,Call,Professional Referral,,555-512-5990,150,,Confirmed,CRM,Human-Entered
INQ-000327,HRO-000268,CNT-000431,2026-06-18T08:55:40,Patient,Call,Other,Meta,555-466-1022,111,,Confirmed,Call Tracking,System-Observed
INQ-000328,HRO-000269,CNT-000432,2026-06-23T09:24:30,Patient,Call,Organic,Google Organic,555-569-4317,267,,Confirmed,Call Tracking,System-Observed
INQ-000329,HRO-000270,CNT-000433,2026-06-01T20:23:33,Loved One,Call,Other,Meta,555-343-2328,308,,Confirmed,Call Tracking,System-Observed
INQ-000330,HRO-000271,CNT-000435,2026-06-10T13:21:22,Patient,Call,Organic,Google Organic,555-553-8626,427,,Confirmed,Call Tracking,System-Observed
INQ-000331,HRO-000271,CNT-000436,2026-06-11T14:21:22,Professional Referral Source,Web Form,Organic,Google Organic,,,https://harborridge.example.test/contact,Confirmed,Web Form,System-Observed
INQ-000332,HRO-000272,CNT-000437,2026-06-08T13:32:13,Patient,Call,Other,Meta,555-460-0473,597,,Confirmed,Call Tracking,System-Observed
INQ-000333,HRO-000273,CNT-000438,2026-06-11T20:46:17,Patient,Call,Professional Referral,,555-477-4199,891,,Probable,CRM,Human-Entered
INQ-000334,HRO-000274,CNT-000439,2026-06-13T08:55:15,Loved One,Call,Paid Search,Microsoft Ads,555-660-0774,364,,Confirmed,Call Tracking,System-Observed
INQ-000335,HRO-000275,CNT-000441,2026-06-01T07:49:51,Loved One,Web Form,Direct,,,,https://harborridge.example.test/contact,Confirmed,Web Form,System-Observed
INQ-000336,HRO-000276,CNT-000443,2026-06-04T18:07:26,Loved One,Call,Organic,Google Organic,555-403-1756,740,,Confirmed,Call Tracking,System-Observed
INQ-000337,HRO-000277,CNT-000445,2026-06-22T20:40:46,Patient,Call,Local,GBP,555-596-6438,783,,Confirmed,Call Tracking,System-Observed
INQ-000338,HRO-000278,CNT-000446,2026-06-08T10:57:47,Patient,Call,Organic,Google Organic,555-599-4932,382,,Confirmed,Call Tracking,System-Observed
INQ-000339,HRO-000279,CNT-000447,2026-06-18T20:12:00,Patient,Call,Professional Referral,,555-501-4674,714,,Confirmed,CRM,Human-Entered
INQ-000340,HRO-000280,CNT-000448,2026-06-15T16:07:28,Loved One,Call,Organic,Google Organic,555-991-8067,518,,Confirmed,Call Tracking,System-Observed
INQ-000341,HRO-000281,CNT-000450,2026-06-04T11:32:55,Patient,Call,Paid Search,Google Ads,555-504-2291,322,,Confirmed,Call Tracking,System-Observed
INQ-000342,HRO-000281,CNT-000451,2026-06-06T16:32:55,Patient,Call,Paid Search,Google Ads,555-399-6022,889,,Confirmed,Call Tracking,System-Observed
INQ-000343,HRO-000282,CNT-000452,2026-06-10T10:00:51,Patient,Call,Organic,Google Organic,555-730-0532,468,,Confirmed,Call Tracking,System-Observed
INQ-000344,HRO-000282,CNT-000453,2026-06-13T12:00:51,Patient,Call,Organic,Google Organic,555-854-0629,742,,Confirmed,Call Tracking,System-Observed
INQ-000345,HRO-000283,CNT-000454,2026-06-01T20:59:14,Loved One,Web Form,Paid Search,Google Ads,,,https://harborridge.example.test/contact,Confirmed,Web Form,System-Observed
INQ-000346,HRO-000284,CNT-000456,2026-06-06T08:24:29,Patient,Web Form,Direct,,,,https://harborridge.example.test/contact,Confirmed,Web Form,System-Observed
INQ-000347,HRO-000285,CNT-000457,2026-06-26T07:12:52,Patient,Web Form,Organic,Google Organic,,,https://harborridge.example.test/contact,Confirmed,Web Form,System-Observed
INQ-000348,HRO-000285,CNT-000458,2026-06-29T07:12:52,Loved One,Call,Organic,Google Organic,555-875-9503,192,,Confirmed,Call Tracking,System-Observed
INQ-000349,HRO-000286,CNT-000459,2026-06-04T17:20:32,Loved One,Web Form,Local,GBP,,,https://harborridge.example.test/contact,Confirmed,Web Form,System-Observed
INQ-000350,HRO-000286,CNT-000460,2026-06-07T18:20:32,Patient,Web Form,Local,GBP,,,https://harborridge.example.test/contact,Confirmed,Web Form,System-Observed
INQ-000351,HRO-000287,CNT-000461,2026-06-03T19:32:36,Patient,Web Form,Local,GBP,,,https://harborridge.example.test/contact,Confirmed,Web Form,System-Observed
INQ-000352,HRO-000288,CNT-000462,2026-06-16T16:32:26,Loved One,Call,Local,GBP,555-383-4590,94,,Confirmed,Call Tracking,System-Observed
INQ-000353,HRO-000289,CNT-000464,2026-06-03T20:45:42,Patient,Call,Paid Search,Google Ads,555-175-2290,387,,Confirmed,Call Tracking,System-Observed
INQ-000354,HRO-000290,CNT-000465,2026-06-07T08:54:04,Patient,Web Form,Paid Search,Google Ads,,,https://harborridge.example.test/contact,Confirmed,Web Form,System-Observed
INQ-000355,HRO-000291,CNT-000466,2026-06-15T15:41:57,Patient,Web Form,Organic,Google Organic,,,https://harborridge.example.test/contact,Confirmed,Web Form,System-Observed
INQ-000356,HRO-000292,CNT-000467,2026-06-03T09:21:53,Loved One,Web Form,Other,Meta,,,https://harborridge.example.test/contact,Confirmed,Web Form,System-Observed
INQ-000357,HRO-000293,CNT-000469,2026-06-24T18:32:19,Patient,Web Form,Paid Search,Google Ads,,,https://harborridge.example.test/contact,Confirmed,Web Form,System-Observed
INQ-000358,HRO-000294,CNT-000470,2026-06-17T11:17:52,Patient,Call,Professional Referral,,555-503-8548,828,,Probable,CRM,Human-Entered
INQ-000359,HRO-000295,CNT-000471,2026-06-04T16:35:55,Patient,Call,Paid Search,Google Ads,555-906-2858,497,,Probable,Call Tracking,System-Observed
INQ-000360,HRO-000295,CNT-000472,2026-06-06T16:35:55,Loved One,Web Form,Paid Search,Google Ads,,,https://harborridge.example.test/contact,Confirmed,Web Form,System-Observed
INQ-000361,HRO-000296,CNT-000473,2026-06-12T15:57:30,Professional Referral Source,Web Form,Direct,,,,https://harborridge.example.test/contact,Confirmed,Web Form,System-Observed
INQ-000362,HRO-000297,CNT-000475,2026-06-19T08:55:22,Loved One,Call,Professional Referral,,555-955-2987,164,,Confirmed,CRM,Human-Entered
INQ-000363,HRO-000297,CNT-000476,2026-06-20T08:55:22,Patient,Call,Professional Referral,,555-077-2203,822,,Confirmed,CRM,Human-Entered
INQ-000364,HRO-000298,CNT-000477,2026-06-14T15:20:51,Loved One,Web Form,Direct,,,,https://harborridge.example.test/contact,Confirmed,Web Form,System-Observed
INQ-000365,HRO-000299,CNT-000479,2026-06-21T12:29:48,Patient,Web Form,Paid Search,Google Ads,,,https://harborridge.example.test/contact,Confirmed,Web Form,System-Observed
INQ-000366,HRO-000299,CNT-000480,2026-06-24T12:29:48,Patient,Call,Paid Search,Google Ads,555-433-3269,511,,Confirmed,Call Tracking,System-Observed
INQ-000367,HRO-000300,CNT-000481,2026-06-10T08:18:42,Loved One,Web Form,Paid Search,Microsoft Ads,,,https://harborridge.example.test/contact,Confirmed,Web Form,System-Observed
INQ-000368,HRO-000300,CNT-000482,2026-06-13T09:18:42,Loved One,Web Form,Paid Search,Microsoft Ads,,,https://harborridge.example.test/contact,Confirmed,Web Form,System-Observed
INQ-000369,HRO-000301,CNT-000484,2026-06-05T18:56:49,Patient,Call,Other,Meta,555-783-4949,185,,Confirmed,Call Tracking,System-Observed
INQ-000370,HRO-000302,CNT-000485,2026-06-08T17:10:02,Loved One,Call,Direct,,555-713-2623,104,,Confirmed,Call Tracking,System-Observed
INQ-000371,HRO-000303,CNT-000487,2026-06-04T17:00:33,Loved One,Call,Organic,Google Organic,555-036-7112,474,,Confirmed,Call Tracking,System-Observed
INQ-000372,HRO-000303,CNT-000488,2026-06-06T22:00:33,Loved One,Web Form,Organic,Google Organic,,,https://harborridge.example.test/contact,Confirmed,Web Form,System-Observed
INQ-000373,HRO-000304,CNT-000490,2026-06-21T13:58:36,Patient,Web Form,Paid Search,Google Ads,,,https://harborridge.example.test/contact,Confirmed,Web Form,System-Observed
INQ-000374,HRO-000305,CNT-000491,2026-06-04T13:30:47,Loved One,Web Form,Professional Referral,,,,https://harborridge.example.test/contact,Confirmed,CRM,Human-Entered
INQ-000375,HRO-000306,CNT-000493,2026-06-10T14:25:51,Loved One,Call,Organic,Google Organic,555-050-6801,748,,Confirmed,Call Tracking,System-Observed
INQ-000376,HRO-000307,CNT-000495,2026-06-10T07:05:14,Loved One,Web Form,Organic,Google Organic,,,https://harborridge.example.test/contact,Probable,Web Form,System-Observed
INQ-000377,HRO-000308,CNT-000497,2026-06-12T13:33:55,Loved One,Web Form,Direct,,,,https://harborridge.example.test/contact,Confirmed,Web Form,System-Observed
INQ-000378,HRO-000308,CNT-000498,2026-06-14T13:33:55,Professional Referral Source,Web Form,Direct,,,,https://harborridge.example.test/contact,Confirmed,Web Form,System-Observed
INQ-000379,HRO-000309,CNT-000500,2026-06-14T10:13:49,Patient,Call,Organic,Google Organic,555-720-8649,330,,Confirmed,Call Tracking,System-Observed
INQ-000380,HRO-000310,CNT-000501,2026-06-13T20:25:59,Loved One,Web Form,Organic,Google Organic,,,https://harborridge.example.test/contact,Confirmed,Web Form,System-Observed
INQ-000381,HRO-000311,CNT-000503,2026-06-16T17:43:55,Patient,Call,Professional Referral,,555-680-8153,806,,Confirmed,CRM,Human-Entered
INQ-000382,HRO-000312,CNT-000504,2026-06-20T14:45:07,Loved One,Call,Professional Referral,,555-446-9840,263,,Confirmed,CRM,Human-Entered
INQ-000383,HRO-000313,CNT-000506,2026-06-23T16:14:33,Patient,Call,Paid Search,Google Ads,555-483-0277,718,,Confirmed,Call Tracking,System-Observed
INQ-000384,HRO-000314,CNT-000507,2026-06-13T17:39:52,Patient,Call,Organic,Google Organic,555-912-9083,160,,Confirmed,Call Tracking,System-Observed
INQ-000385,HRO-000315,CNT-000508,2026-06-07T07:56:06,Patient,Call,Organic,Google Organic,555-268-6644,256,,Confirmed,Call Tracking,System-Observed
INQ-000386,HRO-000316,CNT-000509,2026-06-05T20:53:49,Loved One,Call,Paid Search,Google Ads,555-805-9675,236,,Confirmed,Call Tracking,System-Observed
INQ-000387,HRO-000317,CNT-000511,2026-06-05T14:05:51,Patient,Call,Professional Referral,,555-898-6607,631,,Confirmed,CRM,Human-Entered
INQ-000388,HRO-000318,CNT-000512,2026-06-07T18:54:45,Loved One,Call,Paid Search,Google Ads,555-647-2029,890,,Confirmed,Call Tracking,System-Observed
INQ-000389,HRO-000319,CNT-000514,2026-06-01T19:43:25,Patient,Call,Professional Referral,,555-074-8255,855,,Confirmed,CRM,Human-Entered
INQ-000390,HRO-000319,CNT-000515,2026-06-04T19:43:25,Loved One,Call,Professional Referral,,555-272-6444,503,,Confirmed,CRM,Human-Entered
INQ-000391,HRO-000320,CNT-000516,2026-06-20T20:54:04,Patient,Call,Professional Referral,,555-980-8251,112,,Confirmed,CRM,Human-Entered
INQ-000392,HRO-000321,CNT-000517,2026-06-18T18:13:57,Patient,Web Form,Direct,,,,https://harborridge.example.test/contact,Confirmed,Web Form,System-Observed
INQ-000393,HRO-000322,CNT-000518,2026-06-27T20:29:19,Loved One,Call,Professional Referral,,555-613-3666,596,,Confirmed,CRM,Human-Entered
INQ-000394,HRO-000322,CNT-000519,2026-06-28T22:29:19,Patient,Call,Professional Referral,,555-129-6860,334,,Confirmed,CRM,Human-Entered
INQ-000395,HRO-000323,CNT-000520,2026-06-25T14:23:41,Patient,Call,Paid Search,Google Ads,555-525-2478,731,,Probable,Call Tracking,System-Observed
INQ-000396,HRO-000324,CNT-000521,2026-06-15T15:17:09,Loved One,Call,Professional Referral,,555-775-2289,809,,Confirmed,CRM,Human-Entered
INQ-000397,HRO-000325,CNT-000523,2026-06-02T13:51:13,Loved One,Call,Paid Search,Google Ads,555-206-4376,492,,Confirmed,Call Tracking,System-Observed
INQ-000398,HRO-000326,CNT-000525,2026-06-10T14:17:41,Loved One,Call,Professional Referral,,555-688-0181,627,,Confirmed,CRM,Human-Entered
INQ-000399,HRO-000327,CNT-000527,2026-06-06T08:23:48,Patient,Web Form,Direct,,,,https://harborridge.example.test/contact,Confirmed,Web Form,System-Observed
INQ-000400,HRO-000328,CNT-000528,2026-06-10T11:44:38,Professional Referral Source,Call,Professional Referral,,555-741-8838,493,,Confirmed,CRM,Human-Entered
INQ-000401,HRO-000328,CNT-000529,2026-06-13T14:44:38,Professional Referral Source,Call,Professional Referral,,555-197-6703,211,,Confirmed,CRM,Human-Entered
INQ-000402,HRO-000329,CNT-000531,2026-06-03T19:37:01,Patient,Call,Paid Search,Google Ads,555-029-7497,560,,Confirmed,Call Tracking,System-Observed
INQ-000403,HRO-000330,CNT-000532,2026-06-21T14:37:55,Patient,Web Form,Direct,,,,https://harborridge.example.test/contact,Confirmed,Web Form,System-Observed
INQ-000404,HRO-000330,CNT-000533,2026-06-24T18:37:55,Patient,Call,Direct,,555-685-6584,94,,Confirmed,Call Tracking,System-Observed
INQ-000405,HRO-000331,CNT-000534,2026-06-03T09:02:03,Patient,Web Form,Organic,Google Organic,,,https://harborridge.example.test/contact,Confirmed,Web Form,System-Observed
INQ-000406,HRO-000332,CNT-000535,2026-06-26T16:44:41,Loved One,Web Form,Direct,,,,https://harborridge.example.test/contact,Confirmed,Web Form,System-Observed
INQ-000407,HRO-000333,CNT-000537,2026-06-18T13:28:47,Loved One,Call,Paid Search,Google Ads,555-495-2526,428,,Confirmed,Call Tracking,System-Observed
INQ-000408,HRO-000333,CNT-000538,2026-06-21T14:28:47,Patient,Call,Paid Search,Google Ads,555-819-0438,297,,Probable,Call Tracking,System-Observed
INQ-000409,HRO-000333,CNT-000539,2026-06-21T17:28:47,Patient,Call,Paid Search,Google Ads,555-458-5452,182,,Confirmed,Call Tracking,System-Observed
INQ-000410,HRO-000334,CNT-000540,2026-06-10T16:47:21,Loved One,Call,Professional Referral,,555-684-3020,536,,Confirmed,CRM,Human-Entered
INQ-000411,HRO-000335,CNT-000542,2026-06-18T15:44:35,Patient,Call,Organic,Google Organic,555-885-7083,645,,Confirmed,Call Tracking,System-Observed
INQ-000412,HRO-000335,CNT-000543,2026-06-20T16:44:35,Patient,Call,Organic,Google Organic,555-580-8936,144,,Confirmed,Call Tracking,System-Observed
INQ-000413,HRO-000336,CNT-000544,2026-06-12T18:54:47,Loved One,Call,Paid Search,Google Ads,555-024-2891,872,,Confirmed,Call Tracking,System-Observed
INQ-000414,HRO-000337,CNT-000546,2026-06-09T09:07:55,Patient,Call,Paid Search,Microsoft Ads,555-111-3582,518,,Confirmed,Call Tracking,System-Observed
INQ-000415,HRO-000338,CNT-000547,2026-06-02T20:13:43,Professional Referral Source,Call,Professional Referral,,555-985-3176,453,,Confirmed,CRM,Human-Entered
INQ-000416,HRO-000339,CNT-000549,2026-06-13T08:09:24,Patient,Call,Paid Search,Google Ads,555-228-7667,382,,Confirmed,Call Tracking,System-Observed
INQ-000417,HRO-000340,CNT-000550,2026-06-11T11:58:38,Patient,Web Form,Organic,Google Organic,,,https://harborridge.example.test/contact,Confirmed,Web Form,System-Observed
INQ-000418,HRO-000341,CNT-000551,2026-06-24T07:40:57,Patient,Call,Professional Referral,,555-147-9466,734,,Probable,CRM,Human-Entered
INQ-000419,HRO-000341,CNT-000552,2026-06-24T07:40:57,Loved One,Call,Professional Referral,,555-982-4176,288,,Confirmed,CRM,Human-Entered
INQ-000420,HRO-000342,CNT-000553,2026-06-25T20:35:39,Patient,Web Form,Direct,,,,https://harborridge.example.test/contact,Possible,Web Form,System-Observed
INQ-000421,HRO-000343,CNT-000554,2026-06-08T18:53:06,Loved One,Web Form,Professional Referral,,,,https://harborridge.example.test/contact,Confirmed,CRM,Human-Entered
INQ-000422,HRO-000344,CNT-000556,2026-06-06T14:16:05,Patient,Call,Local,GBP,555-993-2781,672,,Confirmed,Call Tracking,System-Observed
INQ-000423,HRO-000345,CNT-000557,2026-06-15T09:45:38,Patient,Call,Organic,Google Organic,555-614-3357,199,,Confirmed,Call Tracking,System-Observed
INQ-000424,HRO-000345,CNT-000558,2026-06-18T11:45:38,Loved One,Web Form,Organic,Google Organic,,,https://harborridge.example.test/contact,Confirmed,Web Form,System-Observed
INQ-000425,HRO-000346,CNT-000559,2026-06-10T19:37:53,Loved One,Call,Local,GBP,555-919-6994,417,,Confirmed,Call Tracking,System-Observed
INQ-000426,HRO-000347,CNT-000561,2026-06-21T18:34:54,Loved One,Call,Paid Search,Google Ads,555-412-7325,213,,Confirmed,Call Tracking,System-Observed
INQ-000427,HRO-000348,CNT-000563,2026-06-23T17:55:41,Patient,Call,Paid Search,Google Ads,555-399-9748,595,,Possible,Call Tracking,System-Observed
INQ-000428,HRO-000348,CNT-000564,2026-06-25T18:55:41,Patient,Call,Paid Search,Google Ads,555-119-9188,551,,Confirmed,Call Tracking,System-Observed
INQ-000429,HRO-000349,CNT-000565,2026-06-23T15:05:28,Loved One,Call,Local,GBP,555-247-1484,114,,Confirmed,Call Tracking,System-Observed
INQ-000430,HRO-000350,CNT-000567,2026-06-06T08:56:44,Loved One,Call,Professional Referral,,555-753-7057,351,,Probable,CRM,Human-Entered
INQ-000431,HRO-000351,CNT-000569,2026-06-14T11:49:13,Patient,Call,Direct,,555-960-0344,224,,Confirmed,Call Tracking,System-Observed
INQ-000432,HRO-000351,CNT-000570,2026-06-17T16:49:13,Patient,Call,Direct,,555-582-1455,836,,Probable,Call Tracking,System-Observed
INQ-000433,HRO-000352,CNT-000571,2026-06-26T17:05:41,Professional Referral Source,Call,Professional Referral,,555-303-5963,186,,Confirmed,CRM,Human-Entered
INQ-000434,HRO-000353,CNT-000573,2026-06-15T18:49:05,Loved One,Web Form,Paid Search,Google Ads,,,https://harborridge.example.test/contact,Confirmed,Web Form,System-Observed
INQ-000435,HRO-000354,CNT-000575,2026-06-21T11:09:07,Loved One,Call,Paid Search,Google Ads,555-077-8919,430,,Confirmed,Call Tracking,System-Observed
INQ-000436,HRO-000354,CNT-000576,2026-06-21T14:09:07,Patient,Call,Paid Search,Google Ads,555-657-9296,830,,Confirmed,Call Tracking,System-Observed
INQ-000437,HRO-000355,CNT-000577,2026-06-24T16:15:20,Patient,Web Form,Organic,Google Organic,,,https://harborridge.example.test/contact,Confirmed,Web Form,System-Observed
INQ-000438,HRO-000356,CNT-000578,2026-06-03T14:19:30,Patient,Web Form,Organic,Google Organic,,,https://harborridge.example.test/contact,Confirmed,Web Form,System-Observed
INQ-000439,HRO-000356,CNT-000579,2026-06-06T15:19:30,Professional Referral Source,Call,Organic,Google Organic,555-938-1388,683,,Confirmed,Call Tracking,System-Observed
INQ-000440,HRO-000357,CNT-000580,2026-06-10T13:36:18,Patient,Web Form,Paid Search,Google Ads,,,https://harborridge.example.test/contact,Confirmed,Web Form,System-Observed
INQ-000441,HRO-000358,CNT-000581,2026-06-25T13:05:26,Loved One,Web Form,Local,GBP,,,https://harborridge.example.test/contact,Confirmed,Web Form,System-Observed
INQ-000442,HRO-000359,CNT-000583,2026-06-15T13:05:01,Patient,Call,Direct,,555-445-5183,782,,Probable,Call Tracking,System-Observed
INQ-000443,HRO-000360,CNT-000584,2026-06-22T10:53:54,Professional Referral Source,Call,Professional Referral,,555-143-9888,267,,Probable,CRM,Human-Entered
INQ-000444,HRO-000361,CNT-000586,2026-06-20T17:36:17,Patient,Call,Professional Referral,,555-231-4540,463,,Confirmed,CRM,Human-Entered
INQ-000445,HRO-000361,CNT-000587,2026-06-21T20:36:17,Patient,Call,Professional Referral,,555-864-8784,688,,Confirmed,CRM,Human-Entered
INQ-000446,HRO-000361,CNT-000588,2026-06-22T18:36:17,Professional Referral Source,Web Form,Professional Referral,,,,https://harborridge.example.test/contact,Confirmed,CRM,Human-Entered
INQ-000447,HRO-000362,CNT-000589,2026-06-05T07:04:17,Patient,Web Form,Organic,Google Organic,,,https://harborridge.example.test/contact,Confirmed,Web Form,System-Observed
INQ-000448,HRO-000363,CNT-000590,2026-06-10T15:18:02,Patient,Call,Paid Search,Google Ads,555-139-3377,891,,Probable,Call Tracking,System-Observed
INQ-000449,HRO-000363,CNT-000591,2026-06-11T21:18:02,Patient,Call,Paid Search,Google Ads,555-789-3871,193,,Confirmed,Call Tracking,System-Observed
INQ-000450,,CNT-000592,2026-06-30T08:29:43,Patient,Call,Professional Referral,,555-770-7791,131,,Unmatched,Call Tracking,System-Observed
INQ-000451,,CNT-000593,2026-06-17T19:49:59,Patient,Call,Professional Referral,,555-188-6386,155,,Unmatched,Call Tracking,System-Observed
INQ-000452,,CNT-000594,2026-06-11T12:53:27,Loved One,Web Form,Paid Search,Google Ads,,,https://harborridge.example.test/contact,Unmatched,Web Form,System-Observed
INQ-000453,,CNT-000595,2026-06-11T12:22:08,Loved One,Call,Paid Search,Google Ads,555-725-1249,119,,Unmatched,Call Tracking,System-Observed
INQ-000454,,CNT-000596,2026-06-07T08:07:23,Loved One,Web Form,Organic,Google Organic,,,https://harborridge.example.test/contact,Unmatched,Web Form,System-Observed
INQ-000455,,CNT-000597,2026-06-01T11:55:08,Loved One,Web Form,Direct,,,,https://harborridge.example.test/contact,Unmatched,Web Form,System-Observed
INQ-000456,HRO-000364,CNT-000598,2026-07-02T15:22:15,Loved One,Web Form,Paid Search,Google Ads,,,https://harborridge.example.test/contact,Confirmed,Web Form,System-Observed
INQ-000457,HRO-000365,CNT-000600,2026-07-03T17:32:24,Patient,Call,Paid Search,Google Ads,555-346-3137,794,,Confirmed,Call Tracking,System-Observed
INQ-000458,HRO-000366,CNT-000601,2026-07-28T14:38:32,Patient,Web Form,Direct,,,,https://harborridge.example.test/contact,Confirmed,Web Form,System-Observed
INQ-000459,HRO-000367,CNT-000602,2026-07-18T18:43:51,Patient,Web Form,Professional Referral,,,,https://harborridge.example.test/contact,Confirmed,CRM,Human-Entered
INQ-000460,HRO-000368,CNT-000603,2026-07-02T14:17:27,Loved One,Call,Direct,,555-883-7203,774,,Confirmed,Call Tracking,System-Observed
INQ-000461,HRO-000369,CNT-000605,2026-07-13T20:36:48,Patient,Call,Other,Meta,555-344-2438,343,,Confirmed,Call Tracking,System-Observed
INQ-000462,HRO-000370,CNT-000606,2026-07-04T15:41:20,Patient,Call,Paid Search,Google Ads,555-270-7361,783,,Confirmed,Call Tracking,System-Observed
INQ-000463,HRO-000370,CNT-000607,2026-07-07T15:41:20,Patient,Call,Paid Search,Google Ads,555-919-1068,593,,Confirmed,Call Tracking,System-Observed
INQ-000464,HRO-000371,CNT-000608,2026-07-16T11:34:47,Patient,Call,Paid Search,Google Ads,555-748-9351,148,,Confirmed,Call Tracking,System-Observed
INQ-000465,HRO-000371,CNT-000609,2026-07-18T15:34:47,Loved One,Call,Paid Search,Google Ads,555-276-4333,235,,Confirmed,Call Tracking,System-Observed
INQ-000466,HRO-000371,CNT-000610,2026-07-19T15:34:47,Patient,Call,Paid Search,Google Ads,555-408-3876,295,,Confirmed,Call Tracking,System-Observed
INQ-000467,HRO-000372,CNT-000611,2026-07-25T09:24:57,Patient,Call,Paid Search,Google Ads,555-086-5911,370,,Confirmed,Call Tracking,System-Observed
INQ-000468,HRO-000373,CNT-000612,2026-07-21T08:19:21,Patient,Web Form,Paid Search,Google Ads,,,https://harborridge.example.test/contact,Confirmed,Web Form,System-Observed
INQ-000469,HRO-000374,CNT-000613,2026-07-04T13:55:17,Patient,Call,Local,GBP,555-832-8695,483,,Confirmed,Call Tracking,System-Observed
INQ-000470,HRO-000375,CNT-000614,2026-07-12T09:02:02,Patient,Call,Paid Search,Google Ads,555-439-7605,868,,Confirmed,Call Tracking,System-Observed
INQ-000471,HRO-000376,CNT-000615,2026-07-18T08:25:36,Patient,Call,Direct,,555-063-6334,869,,Confirmed,Call Tracking,System-Observed
INQ-000472,HRO-000377,CNT-000616,2026-07-06T10:19:25,Loved One,Call,Paid Search,Google Ads,555-969-4876,658,,Confirmed,Call Tracking,System-Observed
INQ-000473,HRO-000377,CNT-000617,2026-07-09T13:19:25,Loved One,Call,Paid Search,Google Ads,555-142-9971,743,,Possible,Call Tracking,System-Observed
INQ-000474,HRO-000378,CNT-000619,2026-07-03T17:55:29,Patient,Call,Organic,Google Organic,555-456-2891,268,,Confirmed,Call Tracking,System-Observed
INQ-000475,HRO-000379,CNT-000620,2026-07-14T12:33:38,Patient,Call,Paid Search,Google Ads,555-229-4564,96,,Confirmed,Call Tracking,System-Observed
INQ-000476,HRO-000379,CNT-000621,2026-07-14T18:33:38,Loved One,Web Form,Paid Search,Google Ads,,,https://harborridge.example.test/contact,Confirmed,Web Form,System-Observed
INQ-000477,HRO-000380,CNT-000622,2026-07-18T18:53:20,Patient,Call,Paid Search,Google Ads,555-556-7240,284,,Confirmed,Call Tracking,System-Observed
INQ-000478,HRO-000381,CNT-000623,2026-07-09T14:21:33,Loved One,Web Form,Local,GBP,,,https://harborridge.example.test/contact,Confirmed,Web Form,System-Observed
INQ-000479,HRO-000382,CNT-000625,2026-07-16T09:55:28,Patient,Web Form,Organic,Google Organic,,,https://harborridge.example.test/contact,Confirmed,Web Form,System-Observed
INQ-000480,HRO-000382,CNT-000626,2026-07-18T13:55:28,Loved One,Call,Organic,Google Organic,555-492-6847,358,,Confirmed,Call Tracking,System-Observed
INQ-000481,HRO-000382,CNT-000627,2026-07-19T09:55:28,Patient,Call,Organic,Google Organic,555-381-4145,206,,Probable,Call Tracking,System-Observed
INQ-000482,HRO-000383,CNT-000628,2026-07-14T11:13:30,Patient,Call,Professional Referral,,555-380-2875,820,,Confirmed,CRM,Human-Entered
INQ-000483,HRO-000383,CNT-000629,2026-07-16T14:13:30,Patient,Call,Professional Referral,,555-351-6476,479,,Confirmed,CRM,Human-Entered
INQ-000484,HRO-000384,CNT-000630,2026-07-24T19:26:23,Patient,Call,Professional Referral,,555-603-2004,117,,Confirmed,CRM,Human-Entered
INQ-000485,HRO-000385,CNT-000631,2026-07-27T10:25:19,Patient,Call,Local,GBP,555-335-7589,337,,Confirmed,Call Tracking,System-Observed
INQ-000486,HRO-000385,CNT-000632,2026-07-27T15:25:19,Patient,Web Form,Local,GBP,,,https://harborridge.example.test/contact,Confirmed,Web Form,System-Observed
INQ-000487,HRO-000385,CNT-000633,2026-07-28T13:25:19,Patient,Web Form,Local,GBP,,,https://harborridge.example.test/contact,Confirmed,Web Form,System-Observed
INQ-000488,HRO-000386,CNT-000634,2026-07-20T14:57:40,Loved One,Call,Local,GBP,555-786-8518,422,,Confirmed,Call Tracking,System-Observed
INQ-000489,HRO-000387,CNT-000636,2026-07-10T13:16:37,Patient,Call,Professional Referral,,555-244-3279,277,,Confirmed,CRM,Human-Entered
INQ-000490,HRO-000388,CNT-000637,2026-07-12T20:56:27,Loved One,Web Form,Direct,,,,https://harborridge.example.test/contact,Confirmed,Web Form,System-Observed
INQ-000491,HRO-000389,CNT-000639,2026-07-07T07:57:46,Loved One,Web Form,Direct,,,,https://harborridge.example.test/contact,Confirmed,Web Form,System-Observed
INQ-000492,HRO-000390,CNT-000641,2026-07-06T09:24:32,Patient,Call,Professional Referral,,555-700-3466,375,,Confirmed,CRM,Human-Entered
INQ-000493,HRO-000390,CNT-000642,2026-07-08T13:24:32,Patient,Web Form,Professional Referral,,,,https://harborridge.example.test/contact,Confirmed,CRM,Human-Entered
INQ-000494,HRO-000391,CNT-000643,2026-07-11T08:04:21,Patient,Call,Professional Referral,,555-426-0517,409,,Confirmed,CRM,Human-Entered
INQ-000495,HRO-000392,CNT-000644,2026-07-13T14:43:32,Loved One,Call,Direct,,555-751-9410,129,,Confirmed,Call Tracking,System-Observed
INQ-000496,HRO-000393,CNT-000646,2026-07-10T09:27:38,Loved One,Web Form,Direct,,,,https://harborridge.example.test/contact,Probable,Web Form,System-Observed
INQ-000497,HRO-000394,CNT-000648,2026-07-28T18:51:07,Patient,Call,Professional Referral,,555-578-7413,201,,Confirmed,CRM,Human-Entered
INQ-000498,HRO-000395,CNT-000649,2026-07-05T18:40:53,Loved One,Call,Other,Meta,555-811-5177,273,,Confirmed,Call Tracking,System-Observed
INQ-000499,HRO-000396,CNT-000651,2026-07-07T09:28:47,Loved One,Web Form,Direct,,,,https://harborridge.example.test/contact,Confirmed,Web Form,System-Observed
INQ-000500,HRO-000397,CNT-000653,2026-07-03T08:39:57,Patient,Web Form,Paid Search,Google Ads,,,https://harborridge.example.test/contact,Confirmed,Web Form,System-Observed
INQ-000501,HRO-000398,CNT-000654,2026-07-23T09:09:03,Patient,Web Form,Paid Search,Google Ads,,,https://harborridge.example.test/contact,Confirmed,Web Form,System-Observed
INQ-000502,HRO-000399,CNT-000655,2026-07-16T12:35:27,Loved One,Web Form,Paid Search,Google Ads,,,https://harborridge.example.test/contact,Confirmed,Web Form,System-Observed
INQ-000503,HRO-000399,CNT-000656,2026-07-16T13:35:27,Patient,Call,Paid Search,Google Ads,555-020-1609,569,,Possible,Call Tracking,System-Observed
INQ-000504,HRO-000400,CNT-000657,2026-07-26T18:41:13,Loved One,Call,Local,GBP,555-928-3719,840,,Confirmed,Call Tracking,System-Observed
INQ-000505,HRO-000401,CNT-000659,2026-07-27T19:09:12,Patient,Call,Organic,Google Organic,555-199-6822,138,,Confirmed,Call Tracking,System-Observed
INQ-000506,HRO-000402,CNT-000660,2026-07-01T11:34:37,Loved One,Web Form,Paid Search,Microsoft Ads,,,https://harborridge.example.test/contact,Confirmed,Web Form,System-Observed
INQ-000507,HRO-000403,CNT-000662,2026-07-27T11:10:52,Patient,Call,Paid Search,Google Ads,555-993-7123,425,,Confirmed,Call Tracking,System-Observed
INQ-000508,HRO-000404,CNT-000663,2026-07-26T09:13:25,Loved One,Web Form,Paid Search,Google Ads,,,https://harborridge.example.test/contact,Confirmed,Web Form,System-Observed
INQ-000509,HRO-000405,CNT-000665,2026-07-05T16:35:28,Loved One,Call,Paid Search,Google Ads,555-764-9299,422,,Confirmed,Call Tracking,System-Observed
INQ-000510,HRO-000406,CNT-000667,2026-07-05T08:06:15,Loved One,Call,Organic,Google Organic,555-822-9209,311,,Confirmed,Call Tracking,System-Observed
INQ-000511,HRO-000407,CNT-000669,2026-07-05T19:19:12,Loved One,Call,Organic,Google Organic,555-962-7282,590,,Confirmed,Call Tracking,System-Observed
INQ-000512,HRO-000408,CNT-000671,2026-07-04T12:40:36,Patient,Call,Paid Search,Google Ads,555-325-0446,727,,Confirmed,Call Tracking,System-Observed
INQ-000513,HRO-000409,CNT-000672,2026-07-09T09:55:33,Patient,Call,Organic,Google Organic,555-300-1231,375,,Confirmed,Call Tracking,System-Observed
INQ-000514,HRO-000410,CNT-000673,2026-07-03T15:54:08,Loved One,Web Form,Paid Search,Google Ads,,,https://harborridge.example.test/contact,Confirmed,Web Form,System-Observed
INQ-000515,HRO-000411,CNT-000675,2026-07-22T16:57:36,Professional Referral Source,Call,Organic,Google Organic,555-886-5160,600,,Confirmed,Call Tracking,System-Observed
INQ-000516,HRO-000412,CNT-000677,2026-07-01T07:23:32,Loved One,Call,Paid Search,Google Ads,555-807-1729,564,,Confirmed,Call Tracking,System-Observed
INQ-000517,HRO-000412,CNT-000678,2026-07-04T07:23:32,Patient,Web Form,Paid Search,Google Ads,,,https://harborridge.example.test/contact,Confirmed,Web Form,System-Observed
INQ-000518,HRO-000412,CNT-000679,2026-07-01T11:23:32,Loved One,Call,Paid Search,Google Ads,555-402-7489,350,,Probable,Call Tracking,System-Observed
INQ-000519,HRO-000413,CNT-000680,2026-07-10T12:18:17,Patient,Web Form,Paid Search,Google Ads,,,https://harborridge.example.test/contact,Confirmed,Web Form,System-Observed
INQ-000520,HRO-000414,CNT-000681,2026-07-15T09:03:59,Loved One,Call,Other,Meta,555-851-9733,639,,Confirmed,Call Tracking,System-Observed
INQ-000521,HRO-000415,CNT-000683,2026-07-08T08:40:04,Loved One,Call,Paid Search,Google Ads,555-041-3741,263,,Confirmed,Call Tracking,System-Observed
INQ-000522,HRO-000416,CNT-000685,2026-07-22T18:30:11,Loved One,Web Form,Paid Search,Google Ads,,,https://harborridge.example.test/contact,Confirmed,Web Form,System-Observed
INQ-000523,HRO-000417,CNT-000687,2026-07-27T11:18:34,Patient,Web Form,Paid Search,Google Ads,,,https://harborridge.example.test/contact,Confirmed,Web Form,System-Observed
INQ-000524,HRO-000417,CNT-000688,2026-07-30T17:18:34,Loved One,Call,Paid Search,Google Ads,555-735-3115,221,,Confirmed,Call Tracking,System-Observed
INQ-000525,HRO-000418,CNT-000689,2026-07-06T16:51:33,Patient,Call,Local,GBP,555-785-1709,182,,Confirmed,Call Tracking,System-Observed
INQ-000526,HRO-000419,CNT-000690,2026-07-20T18:40:46,Patient,Call,Direct,,555-815-6988,147,,Confirmed,Call Tracking,System-Observed
INQ-000527,HRO-000420,CNT-000691,2026-07-22T11:31:57,Loved One,Web Form,Paid Search,Google Ads,,,https://harborridge.example.test/contact,Confirmed,Web Form,System-Observed
INQ-000528,HRO-000421,CNT-000693,2026-07-19T13:20:18,Loved One,Call,Professional Referral,,555-629-7253,642,,Confirmed,CRM,Human-Entered
INQ-000529,HRO-000422,CNT-000695,2026-07-26T11:24:07,Professional Referral Source,Web Form,Organic,Google Organic,,,https://harborridge.example.test/contact,Confirmed,Web Form,System-Observed
INQ-000530,HRO-000423,CNT-000697,2026-07-14T19:33:11,Professional Referral Source,Call,Organic,Google Organic,555-579-8207,219,,Confirmed,Call Tracking,System-Observed
INQ-000531,HRO-000424,CNT-000699,2026-07-25T19:24:44,Patient,Call,Paid Search,Google Ads,555-869-2353,414,,Confirmed,Call Tracking,System-Observed
INQ-000532,HRO-000425,CNT-000700,2026-07-17T10:19:33,Patient,Web Form,Organic,Google Organic,,,https://harborridge.example.test/contact,Confirmed,Web Form,System-Observed
INQ-000533,HRO-000425,CNT-000701,2026-07-19T15:19:33,Patient,Call,Organic,Google Organic,555-745-2457,332,,Confirmed,Call Tracking,System-Observed
INQ-000534,HRO-000426,CNT-000702,2026-07-13T19:07:01,Professional Referral Source,Call,Local,GBP,555-278-1213,876,,Confirmed,Call Tracking,System-Observed
INQ-000535,HRO-000427,CNT-000704,2026-07-06T16:26:51,Patient,Web Form,Direct,,,,https://harborridge.example.test/contact,Probable,Web Form,System-Observed
INQ-000536,HRO-000428,CNT-000705,2026-07-17T13:11:17,Patient,Call,Organic,Google Organic,555-850-2117,563,,Confirmed,Call Tracking,System-Observed
INQ-000537,HRO-000428,CNT-000706,2026-07-20T17:11:17,Loved One,Web Form,Organic,Google Organic,,,https://harborridge.example.test/contact,Confirmed,Web Form,System-Observed
INQ-000538,HRO-000429,CNT-000707,2026-07-01T20:44:32,Loved One,Call,Organic,Google Organic,555-795-6130,423,,Confirmed,Call Tracking,System-Observed
INQ-000539,HRO-000430,CNT-000709,2026-07-13T18:32:55,Loved One,Web Form,Organic,Google Organic,,,https://harborridge.example.test/contact,Confirmed,Web Form,System-Observed
INQ-000540,HRO-000430,CNT-000710,2026-07-16T22:32:55,Patient,Call,Organic,Google Organic,555-593-6169,711,,Confirmed,Call Tracking,System-Observed
INQ-000541,HRO-000431,CNT-000711,2026-07-04T14:43:44,Loved One,Call,Professional Referral,,555-894-1631,319,,Confirmed,CRM,Human-Entered
INQ-000542,HRO-000432,CNT-000713,2026-07-26T14:46:50,Loved One,Web Form,Paid Search,Google Ads,,,https://harborridge.example.test/contact,Confirmed,Web Form,System-Observed
INQ-000543,HRO-000432,CNT-000714,2026-07-29T18:46:50,Loved One,Call,Paid Search,Google Ads,555-274-1087,244,,Confirmed,Call Tracking,System-Observed
INQ-000544,HRO-000432,CNT-000715,2026-07-27T15:46:50,Loved One,Call,Paid Search,Google Ads,555-676-7428,605,,Confirmed,Call Tracking,System-Observed
INQ-000545,HRO-000433,CNT-000717,2026-07-05T13:53:34,Patient,Call,Paid Search,Google Ads,555-634-6941,716,,Probable,Call Tracking,System-Observed
INQ-000546,HRO-000434,CNT-000718,2026-07-16T19:35:25,Patient,Web Form,Direct,,,,https://harborridge.example.test/contact,Confirmed,Web Form,System-Observed
INQ-000547,HRO-000434,CNT-000719,2026-07-16T22:35:25,Patient,Web Form,Direct,,,,https://harborridge.example.test/contact,Confirmed,Web Form,System-Observed
INQ-000548,HRO-000435,CNT-000720,2026-07-12T19:17:49,Patient,Web Form,Local,GBP,,,https://harborridge.example.test/contact,Confirmed,Web Form,System-Observed
INQ-000549,HRO-000435,CNT-000721,2026-07-13T20:17:49,Patient,Call,Local,GBP,555-669-4591,699,,Confirmed,Call Tracking,System-Observed
INQ-000550,HRO-000436,CNT-000722,2026-07-15T08:40:36,Patient,Call,Paid Search,Google Ads,555-067-4088,185,,Confirmed,Call Tracking,System-Observed
INQ-000551,HRO-000437,CNT-000723,2026-07-06T08:38:55,Loved One,Web Form,Paid Search,Google Ads,,,https://harborridge.example.test/contact,Confirmed,Web Form,System-Observed
INQ-000552,HRO-000438,CNT-000725,2026-07-25T08:36:07,Patient,Call,Paid Search,Google Ads,555-947-5608,463,,Confirmed,Call Tracking,System-Observed
INQ-000553,HRO-000438,CNT-000726,2026-07-28T08:36:07,Professional Referral Source,Call,Paid Search,Google Ads,555-715-0041,520,,Probable,Call Tracking,System-Observed
INQ-000554,HRO-000439,CNT-000727,2026-07-16T20:04:39,Loved One,Call,Professional Referral,,555-294-5139,822,,Probable,CRM,Human-Entered
INQ-000555,HRO-000440,CNT-000729,2026-07-07T20:45:53,Patient,Call,Paid Search,Google Ads,555-368-4844,785,,Confirmed,Call Tracking,System-Observed
INQ-000556,HRO-000441,CNT-000730,2026-07-15T12:13:23,Patient,Web Form,Paid Search,Google Ads,,,https://harborridge.example.test/contact,Confirmed,Web Form,System-Observed
INQ-000557,HRO-000442,CNT-000731,2026-07-02T13:45:51,Loved One,Web Form,Paid Search,Google Ads,,,https://harborridge.example.test/contact,Confirmed,Web Form,System-Observed
INQ-000558,HRO-000443,CNT-000733,2026-07-12T10:22:33,Loved One,Call,Local,GBP,555-821-2448,689,,Confirmed,Call Tracking,System-Observed
INQ-000559,HRO-000444,CNT-000735,2026-07-05T18:19:08,Patient,Call,Paid Search,Microsoft Ads,555-693-3422,316,,Confirmed,Call Tracking,System-Observed
INQ-000560,HRO-000445,CNT-000736,2026-07-13T13:53:36,Patient,Call,Local,GBP,555-975-0672,884,,Confirmed,Call Tracking,System-Observed
INQ-000561,HRO-000446,CNT-000737,2026-07-27T12:40:44,Patient,Web Form,Paid Search,Google Ads,,,https://harborridge.example.test/contact,Confirmed,Web Form,System-Observed
INQ-000562,HRO-000446,CNT-000738,2026-07-29T15:40:44,Patient,Call,Paid Search,Google Ads,555-991-4301,345,,Confirmed,Call Tracking,System-Observed
INQ-000563,HRO-000446,CNT-000739,2026-07-29T14:40:44,Patient,Web Form,Paid Search,Google Ads,,,https://harborridge.example.test/contact,Confirmed,Web Form,System-Observed
INQ-000564,HRO-000447,CNT-000740,2026-07-03T10:11:21,Patient,Call,Professional Referral,,555-621-8731,163,,Confirmed,CRM,Human-Entered
INQ-000565,HRO-000448,CNT-000741,2026-07-20T17:45:37,Loved One,Web Form,Paid Search,Google Ads,,,https://harborridge.example.test/contact,Confirmed,Web Form,System-Observed
INQ-000566,HRO-000448,CNT-000742,2026-07-20T17:45:37,Patient,Web Form,Paid Search,Google Ads,,,https://harborridge.example.test/contact,Confirmed,Web Form,System-Observed
INQ-000567,HRO-000448,CNT-000743,2026-07-22T19:45:37,Patient,Web Form,Paid Search,Google Ads,,,https://harborridge.example.test/contact,Possible,Web Form,System-Observed
INQ-000568,HRO-000449,CNT-000744,2026-07-11T13:21:10,Patient,Web Form,Paid Search,Google Ads,,,https://harborridge.example.test/contact,Confirmed,Web Form,System-Observed
INQ-000569,HRO-000450,CNT-000745,2026-07-01T12:24:34,Professional Referral Source,Call,Professional Referral,,555-362-6729,145,,Confirmed,CRM,Human-Entered
INQ-000570,HRO-000450,CNT-000746,2026-07-01T13:24:34,Patient,Call,Professional Referral,,555-853-1707,316,,Probable,CRM,Human-Entered
INQ-000571,HRO-000451,CNT-000747,2026-07-13T11:04:36,Patient,Call,Paid Search,Google Ads,555-281-8143,798,,Confirmed,Call Tracking,System-Observed
INQ-000572,HRO-000452,CNT-000748,2026-07-07T15:22:47,Loved One,Web Form,Direct,,,,https://harborridge.example.test/contact,Confirmed,Web Form,System-Observed
INQ-000573,HRO-000453,CNT-000750,2026-07-08T12:47:38,Patient,Call,Paid Search,Google Ads,555-201-3144,357,,Confirmed,Call Tracking,System-Observed
INQ-000574,HRO-000454,CNT-000751,2026-07-11T08:48:52,Loved One,Web Form,Paid Search,Google Ads,,,https://harborridge.example.test/contact,Confirmed,Web Form,System-Observed
INQ-000575,HRO-000455,CNT-000753,2026-07-08T20:30:12,Patient,Web Form,Direct,,,,https://harborridge.example.test/contact,Confirmed,Web Form,System-Observed
INQ-000576,HRO-000456,CNT-000754,2026-07-25T12:55:36,Loved One,Web Form,Paid Search,Google Ads,,,https://harborridge.example.test/contact,Confirmed,Web Form,System-Observed
INQ-000577,HRO-000457,CNT-000756,2026-07-09T14:23:57,Patient,Web Form,Organic,Google Organic,,,https://harborridge.example.test/contact,Confirmed,Web Form,System-Observed
INQ-000578,HRO-000458,CNT-000757,2026-07-21T18:42:38,Loved One,Call,Professional Referral,,555-174-6868,630,,Confirmed,CRM,Human-Entered
INQ-000579,HRO-000459,CNT-000759,2026-07-19T12:07:21,Loved One,Call,Organic,Google Organic,555-216-7844,541,,Confirmed,Call Tracking,System-Observed
INQ-000580,HRO-000460,CNT-000761,2026-07-12T18:03:06,Loved One,Call,Professional Referral,,555-453-7929,609,,Confirmed,CRM,Human-Entered
INQ-000581,HRO-000461,CNT-000763,2026-07-16T14:52:52,Patient,Call,Professional Referral,,555-716-3684,396,,Confirmed,CRM,Human-Entered
INQ-000582,HRO-000462,CNT-000764,2026-07-25T14:38:00,Patient,Call,Paid Search,Google Ads,555-687-0277,798,,Confirmed,Call Tracking,System-Observed
INQ-000583,HRO-000463,CNT-000765,2026-07-15T12:56:00,Patient,Web Form,Direct,,,,https://harborridge.example.test/contact,Confirmed,Web Form,System-Observed
INQ-000584,HRO-000464,CNT-000766,2026-07-25T13:22:20,Patient,Call,Organic,Google Organic,555-895-2786,692,,Confirmed,Call Tracking,System-Observed
INQ-000585,HRO-000465,CNT-000767,2026-07-05T14:28:43,Loved One,Web Form,Organic,Google Organic,,,https://harborridge.example.test/contact,Confirmed,Web Form,System-Observed
INQ-000586,HRO-000466,CNT-000769,2026-07-01T18:41:51,Patient,Call,Paid Search,Google Ads,555-147-4993,535,,Confirmed,Call Tracking,System-Observed
INQ-000587,HRO-000467,CNT-000770,2026-07-10T15:29:11,Loved One,Call,Professional Referral,,555-729-7127,207,,Confirmed,CRM,Human-Entered
INQ-000588,HRO-000468,CNT-000772,2026-07-07T18:29:28,Patient,Web Form,Direct,,,,https://harborridge.example.test/contact,Confirmed,Web Form,System-Observed
INQ-000589,HRO-000469,CNT-000773,2026-07-13T19:24:36,Professional Referral Source,Call,Direct,,555-278-1817,337,,Confirmed,Call Tracking,System-Observed
INQ-000590,HRO-000470,CNT-000775,2026-07-02T19:38:45,Patient,Call,Paid Search,Google Ads,555-798-4934,484,,Confirmed,Call Tracking,System-Observed
INQ-000591,HRO-000471,CNT-000776,2026-07-17T10:17:35,Patient,Web Form,Paid Search,Microsoft Ads,,,https://harborridge.example.test/contact,Confirmed,Web Form,System-Observed
INQ-000592,HRO-000471,CNT-000777,2026-07-18T12:17:35,Patient,Web Form,Paid Search,Microsoft Ads,,,https://harborridge.example.test/contact,Confirmed,Web Form,System-Observed
INQ-000593,HRO-000472,CNT-000778,2026-07-05T11:55:45,Loved One,Web Form,Organic,Google Organic,,,https://harborridge.example.test/contact,Probable,Web Form,System-Observed
INQ-000594,HRO-000473,CNT-000780,2026-07-21T16:02:32,Loved One,Web Form,Organic,Google Organic,,,https://harborridge.example.test/contact,Confirmed,Web Form,System-Observed
INQ-000595,HRO-000474,CNT-000782,2026-07-13T07:26:02,Patient,Call,Professional Referral,,555-973-0854,888,,Confirmed,CRM,Human-Entered
INQ-000596,HRO-000475,CNT-000783,2026-07-28T17:26:27,Patient,Call,Organic,Google Organic,555-517-0092,396,,Confirmed,Call Tracking,System-Observed
INQ-000597,HRO-000476,CNT-000784,2026-07-01T15:45:12,Patient,Call,Professional Referral,,555-978-4450,760,,Confirmed,CRM,Human-Entered
INQ-000598,HRO-000477,CNT-000785,2026-07-02T07:25:35,Loved One,Call,Direct,,555-094-7330,545,,Probable,Call Tracking,System-Observed
INQ-000599,HRO-000477,CNT-000786,2026-07-03T13:25:35,Patient,Web Form,Direct,,,,https://harborridge.example.test/contact,Confirmed,Web Form,System-Observed
INQ-000600,HRO-000478,CNT-000787,2026-07-19T07:51:09,Patient,Call,Paid Search,Google Ads,555-636-6789,653,,Possible,Call Tracking,System-Observed
INQ-000601,HRO-000479,CNT-000788,2026-07-26T12:09:05,Patient,Call,Local,GBP,555-008-2149,811,,Confirmed,Call Tracking,System-Observed
INQ-000602,HRO-000480,CNT-000789,2026-07-12T18:12:29,Patient,Call,Paid Search,Google Ads,555-555-3622,645,,Confirmed,Call Tracking,System-Observed
INQ-000603,HRO-000481,CNT-000790,2026-07-27T13:47:10,Patient,Call,Local,GBP,555-905-8351,742,,Confirmed,Call Tracking,System-Observed
INQ-000604,HRO-000481,CNT-000791,2026-07-29T14:47:10,Patient,Call,Local,GBP,555-247-7280,895,,Confirmed,Call Tracking,System-Observed
INQ-000605,HRO-000482,CNT-000792,2026-07-17T07:01:40,Loved One,Call,Paid Search,Google Ads,555-624-0086,510,,Confirmed,Call Tracking,System-Observed
INQ-000606,HRO-000483,CNT-000794,2026-07-09T17:36:30,Loved One,Web Form,Direct,,,,https://harborridge.example.test/contact,Confirmed,Web Form,System-Observed
INQ-000607,HRO-000483,CNT-000795,2026-07-12T22:36:30,Loved One,Web Form,Direct,,,,https://harborridge.example.test/contact,Confirmed,Web Form,System-Observed
INQ-000608,HRO-000483,CNT-000796,2026-07-12T18:36:30,Loved One,Call,Direct,,555-781-6967,127,,Confirmed,Call Tracking,System-Observed
INQ-000609,HRO-000484,CNT-000798,2026-07-04T10:01:47,Loved One,Call,Professional Referral,,555-325-1853,820,,Confirmed,CRM,Human-Entered
INQ-000610,HRO-000484,CNT-000799,2026-07-05T13:01:47,Patient,Call,Professional Referral,,555-548-7647,424,,Probable,CRM,Human-Entered
INQ-000611,HRO-000485,CNT-000800,2026-07-05T19:26:41,Patient,Call,Direct,,555-169-6838,886,,Confirmed,Call Tracking,System-Observed
INQ-000612,HRO-000486,CNT-000801,2026-07-16T20:19:38,Professional Referral Source,Call,Other,Meta,555-388-8893,847,,Confirmed,Call Tracking,System-Observed
INQ-000613,HRO-000487,CNT-000803,2026-07-26T10:01:08,Patient,Web Form,Organic,Google Organic,,,https://harborridge.example.test/contact,Confirmed,Web Form,System-Observed
INQ-000614,HRO-000488,CNT-000804,2026-07-05T12:50:17,Loved One,Web Form,Organic,Google Organic,,,https://harborridge.example.test/contact,Confirmed,Web Form,System-Observed
INQ-000615,HRO-000489,CNT-000806,2026-07-19T20:20:06,Patient,Web Form,Paid Search,Google Ads,,,https://harborridge.example.test/contact,Confirmed,Web Form,System-Observed
INQ-000616,HRO-000489,CNT-000807,2026-07-20T02:20:06,Patient,Call,Paid Search,Google Ads,555-033-2846,188,,Confirmed,Call Tracking,System-Observed
INQ-000617,HRO-000490,CNT-000808,2026-07-07T16:50:44,Loved One,Call,Local,GBP,555-107-1813,293,,Confirmed,Call Tracking,System-Observed
INQ-000618,HRO-000491,CNT-000810,2026-07-06T09:01:34,Patient,Call,Local,GBP,555-008-7811,819,,Confirmed,Call Tracking,System-Observed
INQ-000619,HRO-000491,CNT-000811,2026-07-09T09:01:34,Loved One,Web Form,Local,GBP,,,https://harborridge.example.test/contact,Confirmed,Web Form,System-Observed
INQ-000620,HRO-000492,CNT-000812,2026-07-13T19:13:56,Patient,Web Form,Other,Meta,,,https://harborridge.example.test/contact,Confirmed,Web Form,System-Observed
INQ-000621,HRO-000493,CNT-000813,2026-07-05T10:09:21,Loved One,Web Form,Paid Search,Google Ads,,,https://harborridge.example.test/contact,Possible,Web Form,System-Observed
INQ-000622,HRO-000493,CNT-000814,2026-07-07T14:09:21,Patient,Web Form,Paid Search,Google Ads,,,https://harborridge.example.test/contact,Confirmed,Web Form,System-Observed
INQ-000623,HRO-000494,CNT-000815,2026-07-19T09:40:03,Loved One,Call,Organic,Google Organic,555-310-2780,174,,Confirmed,Call Tracking,System-Observed
INQ-000624,HRO-000495,CNT-000817,2026-07-15T14:51:33,Patient,Call,Direct,,555-795-9935,245,,Confirmed,Call Tracking,System-Observed
INQ-000625,HRO-000496,CNT-000818,2026-07-06T17:45:09,Loved One,Web Form,Paid Search,Google Ads,,,https://harborridge.example.test/contact,Probable,Web Form,System-Observed
INQ-000626,HRO-000497,CNT-000820,2026-07-27T14:06:35,Patient,Web Form,Organic,Google Organic,,,https://harborridge.example.test/contact,Confirmed,Web Form,System-Observed
INQ-000627,HRO-000498,CNT-000821,2026-07-15T12:50:44,Loved One,Call,Local,GBP,555-525-1459,435,,Confirmed,Call Tracking,System-Observed
INQ-000628,HRO-000499,CNT-000823,2026-07-19T08:05:33,Patient,Call,Paid Search,Google Ads,555-704-6478,816,,Confirmed,Call Tracking,System-Observed
INQ-000629,HRO-000500,CNT-000824,2026-07-20T19:53:34,Loved One,Call,Professional Referral,,555-270-5435,381,,Confirmed,CRM,Human-Entered
INQ-000630,HRO-000501,CNT-000826,2026-07-14T11:34:10,Patient,Call,Paid Search,Google Ads,555-002-5134,762,,Confirmed,Call Tracking,System-Observed
INQ-000631,HRO-000502,CNT-000827,2026-07-04T19:17:54,Patient,Call,Organic,Google Organic,555-074-9190,534,,Confirmed,Call Tracking,System-Observed
INQ-000632,HRO-000503,CNT-000828,2026-07-06T12:24:37,Patient,Web Form,Paid Search,Microsoft Ads,,,https://harborridge.example.test/contact,Confirmed,Web Form,System-Observed
INQ-000633,HRO-000504,CNT-000829,2026-07-21T12:54:10,Patient,Call,Professional Referral,,555-249-9152,356,,Confirmed,CRM,Human-Entered
INQ-000634,HRO-000505,CNT-000830,2026-07-20T12:40:53,Patient,Web Form,Local,GBP,,,https://harborridge.example.test/contact,Confirmed,Web Form,System-Observed
INQ-000635,HRO-000506,CNT-000831,2026-07-28T10:31:43,Patient,Call,Direct,,555-982-7759,365,,Confirmed,Call Tracking,System-Observed
INQ-000636,HRO-000507,CNT-000832,2026-07-16T08:26:29,Patient,Web Form,Other,Meta,,,https://harborridge.example.test/contact,Confirmed,Web Form,System-Observed
INQ-000637,HRO-000508,CNT-000833,2026-07-08T10:34:00,Loved One,Web Form,Organic,Google Organic,,,https://harborridge.example.test/contact,Confirmed,Web Form,System-Observed
INQ-000638,HRO-000509,CNT-000835,2026-07-03T14:37:01,Patient,Call,Other,Meta,555-626-0205,740,,Confirmed,Call Tracking,System-Observed
INQ-000639,HRO-000510,CNT-000836,2026-07-02T12:54:05,Loved One,Call,Local,GBP,555-623-3505,420,,Confirmed,Call Tracking,System-Observed
INQ-000640,HRO-000511,CNT-000838,2026-07-21T07:17:22,Patient,Call,Paid Search,Google Ads,555-704-4482,713,,Confirmed,Call Tracking,System-Observed
INQ-000641,HRO-000512,CNT-000839,2026-07-04T18:32:04,Patient,Call,Organic,Google Organic,555-233-0384,587,,Confirmed,Call Tracking,System-Observed
INQ-000642,HRO-000513,CNT-000840,2026-07-05T13:58:21,Patient,Call,Local,GBP,555-996-3057,536,,Confirmed,Call Tracking,System-Observed
INQ-000643,HRO-000514,CNT-000841,2026-07-13T11:24:27,Loved One,Call,Paid Search,Google Ads,555-736-0202,816,,Possible,Call Tracking,System-Observed
INQ-000644,HRO-000515,CNT-000843,2026-07-05T13:54:55,Loved One,Web Form,Other,Meta,,,https://harborridge.example.test/contact,Confirmed,Web Form,System-Observed
INQ-000645,HRO-000516,CNT-000845,2026-07-04T10:57:18,Patient,Web Form,Local,GBP,,,https://harborridge.example.test/contact,Confirmed,Web Form,System-Observed
INQ-000646,HRO-000517,CNT-000846,2026-07-09T15:06:39,Patient,Call,Professional Referral,,555-998-9964,170,,Probable,CRM,Human-Entered
INQ-000647,HRO-000518,CNT-000847,2026-07-21T15:07:34,Loved One,Call,Professional Referral,,555-989-1280,655,,Confirmed,CRM,Human-Entered
INQ-000648,HRO-000519,CNT-000849,2026-07-11T13:45:05,Loved One,Web Form,Paid Search,Google Ads,,,https://harborridge.example.test/contact,Confirmed,Web Form,System-Observed
INQ-000649,HRO-000519,CNT-000850,2026-07-11T19:45:05,Loved One,Web Form,Paid Search,Google Ads,,,https://harborridge.example.test/contact,Confirmed,Web Form,System-Observed
INQ-000650,HRO-000520,CNT-000852,2026-07-03T13:31:02,Patient,Call,Paid Search,Microsoft Ads,555-609-0347,889,,Confirmed,Call Tracking,System-Observed
INQ-000651,HRO-000521,CNT-000853,2026-07-17T17:55:51,Patient,Call,Professional Referral,,555-832-7186,110,,Confirmed,CRM,Human-Entered
INQ-000652,HRO-000522,CNT-000854,2026-07-02T08:18:27,Loved One,Call,Local,GBP,555-651-6662,623,,Confirmed,Call Tracking,System-Observed
INQ-000653,HRO-000523,CNT-000856,2026-07-04T13:51:48,Loved One,Web Form,Paid Search,Google Ads,,,https://harborridge.example.test/contact,Confirmed,Web Form,System-Observed
INQ-000654,HRO-000523,CNT-000857,2026-07-05T17:51:48,Patient,Call,Paid Search,Google Ads,555-658-5182,623,,Confirmed,Call Tracking,System-Observed
INQ-000655,HRO-000524,CNT-000858,2026-07-01T09:57:43,Patient,Web Form,Organic,Google Organic,,,https://harborridge.example.test/contact,Confirmed,Web Form,System-Observed
INQ-000656,HRO-000525,CNT-000859,2026-07-08T19:54:01,Loved One,Web Form,Paid Search,Google Ads,,,https://harborridge.example.test/contact,Confirmed,Web Form,System-Observed
INQ-000657,HRO-000526,CNT-000861,2026-07-10T16:33:01,Professional Referral Source,Call,Paid Search,Google Ads,555-503-7666,813,,Confirmed,Call Tracking,System-Observed
INQ-000658,HRO-000527,CNT-000863,2026-07-06T07:26:51,Loved One,Web Form,Organic,Google Organic,,,https://harborridge.example.test/contact,Confirmed,Web Form,System-Observed
INQ-000659,HRO-000528,CNT-000865,2026-07-21T09:10:16,Loved One,Call,Professional Referral,,555-470-3847,216,,Confirmed,CRM,Human-Entered
INQ-000660,HRO-000529,CNT-000867,2026-07-16T14:52:00,Loved One,Web Form,Organic,Google Organic,,,https://harborridge.example.test/contact,Probable,Web Form,System-Observed
INQ-000661,HRO-000530,CNT-000869,2026-07-19T08:24:13,Patient,Call,Paid Search,Google Ads,555-951-4857,735,,Possible,Call Tracking,System-Observed
INQ-000662,,CNT-000870,2026-07-20T19:06:53,Patient,Call,Paid Search,Google Ads,555-427-3582,277,,Unmatched,Call Tracking,System-Observed
INQ-000663,,CNT-000871,2026-07-04T14:58:30,Patient,Web Form,Paid Search,Microsoft Ads,,,https://harborridge.example.test/contact,Unmatched,Web Form,System-Observed
INQ-000664,,CNT-000872,2026-07-22T08:08:43,Loved One,Call,Professional Referral,,555-846-5148,64,,Unmatched,Call Tracking,System-Observed
INQ-000665,,CNT-000873,2026-07-14T10:39:21,Loved One,Web Form,Direct,,,,https://harborridge.example.test/contact,Unmatched,Web Form,System-Observed
INQ-000666,,CNT-000874,2026-07-04T18:45:29,Loved One,Call,Paid Search,Google Ads,555-981-6456,73,,Unmatched,Call Tracking,System-Observed
