touch_id,inquiry_id,touch_timestamp,channel,platform,campaign_id,campaign_name,ad_group,keyword,search_term,match_type,landing_page,geography,cost,platform_conversion,source_system,evidence_class
TOUCH-000001,INQ-000001,2026-05-25T10:40:43,Organic,Google Organic,,,,,,,https://harborridge.example.test/treatment-programs,TX,,1,Google Organic,System-Observed
TOUCH-000002,INQ-000005,2026-05-01T17:51:49,Paid Social,Meta,CMP-3002,Recovery Journey - Lookalike,Community Awareness,,,,https://harborridge.example.test/family-support,CA,4.98,1,Meta,System-Observed
TOUCH-000003,INQ-000006,2026-05-07T16:39:33,Paid Search,Google Ads,CMP-1003,Detox Near Me - Geo,Family Support,inpatient mental health treatment,inpatient mental health treatment,Exact,https://harborridge.example.test/admissions,NV,15.83,1,Google Ads,System-Observed
TOUCH-000004,INQ-000007,2026-05-04T16:55:59,Local,GBP,,,,,,,https://harborridge.example.test/contact,NV,,1,GBP,System-Observed
TOUCH-000005,INQ-000008,2026-05-05T16:31:30,Direct,,,,,,,,https://harborridge.example.test/,NV,,1,Direct / Analytics,System-Observed
TOUCH-000006,INQ-000009,2026-05-25T17:44:48,Paid Search,Google Ads,CMP-1001,Behavioral Health - Brand,Residential Programs,residential treatment center,residential treatment center,Broad,https://harborridge.example.test/admissions,OR,32.72,1,Google Ads,System-Observed
TOUCH-000007,INQ-000010,2026-05-08T15:39:57,Paid Search,Google Ads,CMP-1005,Family Crisis - Non-Brand,Admissions,inpatient mental health treatment,inpatient mental health treatment,Broad,https://harborridge.example.test/admissions,TX,35.61,1,Google Ads,System-Observed
TOUCH-000008,INQ-000011,2026-05-10T06:29:37,Paid Search,Google Ads,CMP-1004,Residential Treatment - Geo,Family Support,residential treatment center,residential treatment center,Broad,https://harborridge.example.test/admissions,NY,35.17,1,Google Ads,System-Observed
TOUCH-000009,INQ-000012,2026-05-14T09:13:48,Paid Social,Meta,CMP-3002,Recovery Journey - Lookalike,Family Support,,,,https://harborridge.example.test/family-support,OR,6.68,1,Meta,System-Observed
TOUCH-000010,INQ-000014,2026-05-12T16:40:56,Paid Search,Google Ads,CMP-1005,Family Crisis - Non-Brand,Residential Programs,behavioral health treatment near me,behavioral health treatment near me,Phrase,https://harborridge.example.test/admissions,NV,15.43,1,Google Ads,System-Observed
TOUCH-000011,INQ-000018,2026-05-15T16:40:32,Local,GBP,,,,,,,https://harborridge.example.test/contact,UT,,1,GBP,System-Observed
TOUCH-000012,INQ-000020,2026-05-08T07:40:50,Organic,Google Organic,,,,,,,https://harborridge.example.test/treatment-programs,NY,,1,Google Organic,System-Observed
TOUCH-000013,INQ-000021,2026-05-09T10:48:57,Paid Search,Google Ads,CMP-1003,Detox Near Me - Geo,Family Support,detox center near me,detox center near me,Broad,https://harborridge.example.test/admissions,NY,21.05,1,Google Ads,System-Observed
TOUCH-000014,INQ-000022,2026-05-10T15:55:31,Paid Search,Google Ads,CMP-1005,Family Crisis - Non-Brand,Residential Programs,detox center near me,detox center near me,Phrase,https://harborridge.example.test/admissions,FL,32.0,1,Google Ads,System-Observed
TOUCH-000015,INQ-000024,2026-05-01T10:59:55,Organic,Google Organic,,,,,,,https://harborridge.example.test/treatment-programs,TX,,1,Google Organic,System-Observed
TOUCH-000016,INQ-000025,2026-05-05T09:56:53,Paid Search,Google Ads,CMP-1005,Family Crisis - Non-Brand,Admissions,residential treatment center,residential treatment center,Exact,https://harborridge.example.test/admissions,CA,36.38,1,Google Ads,System-Observed
TOUCH-000017,INQ-000026,2026-05-06T16:01:41,Paid Social,Meta,CMP-3001,Family Support Awareness,Community Awareness,,,,https://harborridge.example.test/family-support,UT,13.79,1,Meta,System-Observed
TOUCH-000018,INQ-000027,2026-05-03T11:42:21,Organic,Google Organic,,,,,,,https://harborridge.example.test/treatment-programs,OR,,1,Google Organic,System-Observed
TOUCH-000019,INQ-000028,2026-05-16T13:54:27,Organic,Google Organic,,,,,,,https://harborridge.example.test/treatment-programs,NY,,1,Google Organic,System-Observed
TOUCH-000020,INQ-000029,2026-05-24T19:15:57,Organic,Google Organic,,,,,,,https://harborridge.example.test/treatment-programs,CA,,1,Google Organic,System-Observed
TOUCH-000021,INQ-000030,2026-05-05T15:39:58,Organic,Google Organic,,,,,,,https://harborridge.example.test/treatment-programs,FL,,1,Google Organic,System-Observed
TOUCH-000022,INQ-000031,2026-05-25T11:49:29,Organic,Google Organic,,,,,,,https://harborridge.example.test/treatment-programs,TX,,1,Google Organic,System-Observed
TOUCH-000023,INQ-000033,2026-05-13T19:41:31,Local,GBP,,,,,,,https://harborridge.example.test/contact,OR,,1,GBP,System-Observed
TOUCH-000024,INQ-000034,2026-05-05T08:42:26,Direct,,,,,,,,https://harborridge.example.test/,OR,,1,Direct / Analytics,System-Observed
TOUCH-000025,INQ-000035,2026-05-07T15:19:48,Paid Search,Google Ads,CMP-1005,Family Crisis - Non-Brand,Family Support,residential treatment center,residential treatment center,Broad,https://harborridge.example.test/admissions,TX,29.97,1,Google Ads,System-Observed
TOUCH-000026,INQ-000036,2026-05-25T09:02:33,Paid Search,Google Ads,CMP-1002,Behavioral Health - Non-Brand,Admissions,inpatient mental health treatment,inpatient mental health treatment,Exact,https://harborridge.example.test/admissions,FL,26.7,1,Google Ads,System-Observed
TOUCH-000027,INQ-000038,2026-05-11T06:53:45,Organic,Google Organic,,,,,,,https://harborridge.example.test/treatment-programs,TX,,1,Google Organic,System-Observed
TOUCH-000028,INQ-000039,2026-05-02T07:58:12,Paid Search,Google Ads,CMP-1001,Behavioral Health - Brand,Detox Programs,residential treatment center,residential treatment center,Exact,https://harborridge.example.test/admissions,WA,16.35,1,Google Ads,System-Observed
TOUCH-000029,INQ-000040,2026-05-09T19:32:00,Paid Search,Google Ads,CMP-1001,Behavioral Health - Brand,Family Support,substance abuse treatment options,substance abuse treatment options,Exact,https://harborridge.example.test/admissions,WA,35.48,1,Google Ads,System-Observed
TOUCH-000030,INQ-000041,2026-05-27T06:27:51,Organic,Google Organic,,,,,,,https://harborridge.example.test/treatment-programs,WA,,1,Google Organic,System-Observed
TOUCH-000031,INQ-000042,2026-05-21T18:50:59,Paid Search,Microsoft Ads,CMP-2002,Residential Treatment - Geo (Bing),Residential Programs,detox center near me,detox center near me,Phrase,https://harborridge.example.test/admissions,NV,22.9,1,Microsoft Ads,System-Observed
TOUCH-000032,INQ-000043,2026-05-07T15:13:58,Paid Social,Meta,CMP-3003,Local Community Awareness,Family Support,,,,https://harborridge.example.test/family-support,TX,9.69,1,Meta,System-Observed
TOUCH-000033,INQ-000046,2026-05-23T11:20:41,Organic,Google Organic,,,,,,,https://harborridge.example.test/treatment-programs,AZ,,1,Google Organic,System-Observed
TOUCH-000034,INQ-000047,2026-05-16T09:19:43,Local,GBP,,,,,,,https://harborridge.example.test/contact,OR,,1,GBP,System-Observed
TOUCH-000035,INQ-000048,2026-05-02T11:58:22,Paid Search,Google Ads,CMP-1003,Detox Near Me - Geo,Detox Programs,behavioral health treatment near me,behavioral health treatment near me,Exact,https://harborridge.example.test/admissions,WA,36.68,1,Google Ads,System-Observed
TOUCH-000036,INQ-000049,2026-05-17T13:36:16,Organic,Google Organic,,,,,,,https://harborridge.example.test/treatment-programs,FL,,1,Google Organic,System-Observed
TOUCH-000037,INQ-000050,2026-05-12T11:45:26,Organic,Google Organic,,,,,,,https://harborridge.example.test/treatment-programs,CO,,1,Google Organic,System-Observed
TOUCH-000038,INQ-000052,2026-05-14T05:49:54,Paid Social,Meta,CMP-3002,Recovery Journey - Lookalike,Family Support,,,,https://harborridge.example.test/family-support,CA,4.6,1,Meta,System-Observed
TOUCH-000039,INQ-000053,2026-05-15T18:40:55,Paid Search,Google Ads,CMP-1001,Behavioral Health - Brand,Family Support,inpatient mental health treatment,inpatient mental health treatment,Phrase,https://harborridge.example.test/admissions,CA,37.93,1,Google Ads,System-Observed
TOUCH-000040,INQ-000054,2026-05-07T16:31:58,Direct,,,,,,,,https://harborridge.example.test/,CO,,1,Direct / Analytics,System-Observed
TOUCH-000041,INQ-000055,2026-05-14T11:06:35,Direct,,,,,,,,https://harborridge.example.test/,AZ,,1,Direct / Analytics,System-Observed
TOUCH-000042,INQ-000056,2026-05-22T15:51:18,Paid Search,Google Ads,CMP-1002,Behavioral Health - Non-Brand,Detox Programs,residential treatment center,residential treatment center,Broad,https://harborridge.example.test/admissions,FL,43.76,1,Google Ads,System-Observed
TOUCH-000043,INQ-000058,2026-05-28T11:04:29,Direct,,,,,,,,https://harborridge.example.test/,AZ,,1,Direct / Analytics,System-Observed
TOUCH-000044,INQ-000059,2026-05-25T18:54:54,Organic,Google Organic,,,,,,,https://harborridge.example.test/treatment-programs,CA,,1,Google Organic,System-Observed
TOUCH-000045,INQ-000060,2026-05-11T20:09:33,Paid Search,Google Ads,CMP-1003,Detox Near Me - Geo,Family Support,detox center near me,detox center near me,Exact,https://harborridge.example.test/admissions,UT,27.16,1,Google Ads,System-Observed
TOUCH-000046,INQ-000061,2026-05-21T08:51:50,Paid Search,Google Ads,CMP-1002,Behavioral Health - Non-Brand,Detox Programs,detox center near me,detox center near me,Phrase,https://harborridge.example.test/admissions,WA,16.27,1,Google Ads,System-Observed
TOUCH-000047,INQ-000062,2026-05-26T16:53:38,Organic,Google Organic,,,,,,,https://harborridge.example.test/treatment-programs,FL,,1,Google Organic,System-Observed
TOUCH-000048,INQ-000063,2026-05-28T16:52:53,Local,GBP,,,,,,,https://harborridge.example.test/contact,OR,,1,GBP,System-Observed
TOUCH-000049,INQ-000065,2026-05-15T14:35:11,Direct,,,,,,,,https://harborridge.example.test/,NY,,1,Direct / Analytics,System-Observed
TOUCH-000050,INQ-000067,2026-05-07T08:57:46,Paid Search,Google Ads,CMP-1004,Residential Treatment - Geo,Family Support,substance abuse treatment options,substance abuse treatment options,Exact,https://harborridge.example.test/admissions,CO,20.59,1,Google Ads,System-Observed
TOUCH-000051,INQ-000068,2026-05-17T10:28:05,Organic,Google Organic,,,,,,,https://harborridge.example.test/treatment-programs,WA,,1,Google Organic,System-Observed
TOUCH-000052,INQ-000071,2026-05-13T18:25:10,Paid Search,Google Ads,CMP-1004,Residential Treatment - Geo,Family Support,substance abuse treatment options,substance abuse treatment options,Phrase,https://harborridge.example.test/admissions,AZ,23.18,1,Google Ads,System-Observed
TOUCH-000053,INQ-000074,2026-05-10T18:25:05,Local,GBP,,,,,,,https://harborridge.example.test/contact,FL,,1,GBP,System-Observed
TOUCH-000054,INQ-000075,2026-05-15T08:06:20,Organic,Google Organic,,,,,,,https://harborridge.example.test/treatment-programs,CA,,1,Google Organic,System-Observed
TOUCH-000055,INQ-000076,2026-05-08T14:11:58,Paid Search,Google Ads,CMP-1005,Family Crisis - Non-Brand,Detox Programs,family intervention help,family intervention help,Exact,https://harborridge.example.test/admissions,FL,41.49,1,Google Ads,System-Observed
TOUCH-000056,INQ-000077,2026-05-02T06:55:43,Direct,,,,,,,,https://harborridge.example.test/,OR,,1,Direct / Analytics,System-Observed
TOUCH-000057,INQ-000078,2026-05-05T10:33:23,Paid Search,Google Ads,CMP-1003,Detox Near Me - Geo,Residential Programs,detox center near me,detox center near me,Exact,https://harborridge.example.test/admissions,FL,34.66,1,Google Ads,System-Observed
TOUCH-000058,INQ-000079,2026-05-03T09:36:31,Organic,Google Organic,,,,,,,https://harborridge.example.test/treatment-programs,AZ,,1,Google Organic,System-Observed
TOUCH-000059,INQ-000080,2026-05-16T16:21:58,Direct,,,,,,,,https://harborridge.example.test/,NY,,1,Direct / Analytics,System-Observed
TOUCH-000060,INQ-000081,2026-05-12T10:55:00,Paid Search,Google Ads,CMP-1003,Detox Near Me - Geo,Residential Programs,detox center near me,detox center near me,Phrase,https://harborridge.example.test/admissions,WA,21.88,1,Google Ads,System-Observed
TOUCH-000061,INQ-000083,2026-05-27T16:56:08,Paid Search,Google Ads,CMP-1002,Behavioral Health - Non-Brand,Family Support,residential treatment center,residential treatment center,Exact,https://harborridge.example.test/admissions,AZ,23.67,1,Google Ads,System-Observed
TOUCH-000062,INQ-000084,2026-05-12T11:45:25,Organic,Google Organic,,,,,,,https://harborridge.example.test/treatment-programs,AZ,,1,Google Organic,System-Observed
TOUCH-000063,INQ-000088,2026-05-13T16:10:44,Paid Search,Google Ads,CMP-1001,Behavioral Health - Brand,Detox Programs,behavioral health treatment near me,behavioral health treatment near me,Broad,https://harborridge.example.test/admissions,OR,39.98,1,Google Ads,System-Observed
TOUCH-000064,INQ-000089,2026-05-01T17:01:19,Paid Search,Google Ads,CMP-1001,Behavioral Health - Brand,Detox Programs,family intervention help,family intervention help,Exact,https://harborridge.example.test/admissions,WA,15.38,1,Google Ads,System-Observed
TOUCH-000065,INQ-000093,2026-05-20T07:21:54,Organic,Google Organic,,,,,,,https://harborridge.example.test/treatment-programs,WA,,1,Google Organic,System-Observed
TOUCH-000066,INQ-000095,2026-05-04T15:19:41,Local,GBP,,,,,,,https://harborridge.example.test/contact,WA,,1,GBP,System-Observed
TOUCH-000067,INQ-000096,2026-05-15T13:42:33,Paid Social,Meta,CMP-3003,Local Community Awareness,Family Support,,,,https://harborridge.example.test/family-support,AZ,4.88,1,Meta,System-Observed
TOUCH-000068,INQ-000097,2026-05-04T17:54:49,Paid Search,Google Ads,CMP-1004,Residential Treatment - Geo,Residential Programs,residential treatment center,residential treatment center,Phrase,https://harborridge.example.test/admissions,UT,22.1,1,Google Ads,System-Observed
TOUCH-000069,INQ-000099,2026-05-11T06:34:21,Paid Social,Meta,CMP-3002,Recovery Journey - Lookalike,Community Awareness,,,,https://harborridge.example.test/family-support,UT,12.35,1,Meta,System-Observed
TOUCH-000070,INQ-000100,2026-05-18T18:10:41,Direct,,,,,,,,https://harborridge.example.test/,NY,,1,Direct / Analytics,System-Observed
TOUCH-000071,INQ-000101,2026-05-15T07:37:01,Paid Search,Google Ads,CMP-1002,Behavioral Health - Non-Brand,Detox Programs,residential treatment center,residential treatment center,Exact,https://harborridge.example.test/admissions,CO,20.81,1,Google Ads,System-Observed
TOUCH-000072,INQ-000104,2026-05-17T19:40:54,Paid Search,Google Ads,CMP-1005,Family Crisis - Non-Brand,Family Support,inpatient mental health treatment,inpatient mental health treatment,Exact,https://harborridge.example.test/admissions,FL,15.46,1,Google Ads,System-Observed
TOUCH-000073,INQ-000105,2026-05-17T10:44:36,Organic,Google Organic,,,,,,,https://harborridge.example.test/treatment-programs,UT,,1,Google Organic,System-Observed
TOUCH-000074,INQ-000108,2026-05-14T16:51:35,Paid Social,Meta,CMP-3001,Family Support Awareness,Community Awareness,,,,https://harborridge.example.test/family-support,NY,14.51,1,Meta,System-Observed
TOUCH-000075,INQ-000110,2026-05-05T11:23:51,Paid Search,Google Ads,CMP-1001,Behavioral Health - Brand,Admissions,behavioral health treatment near me,behavioral health treatment near me,Broad,https://harborridge.example.test/admissions,CA,20.46,1,Google Ads,System-Observed
TOUCH-000076,INQ-000111,2026-05-05T06:15:05,Paid Search,Google Ads,CMP-1003,Detox Near Me - Geo,Family Support,behavioral health treatment near me,behavioral health treatment near me,Broad,https://harborridge.example.test/admissions,WA,38.04,1,Google Ads,System-Observed
TOUCH-000077,INQ-000112,2026-05-01T07:20:39,Paid Social,Meta,CMP-3001,Family Support Awareness,Community Awareness,,,,https://harborridge.example.test/family-support,WA,8.2,1,Meta,System-Observed
TOUCH-000078,INQ-000113,2026-05-24T09:59:46,Paid Social,Meta,CMP-3003,Local Community Awareness,Community Awareness,,,,https://harborridge.example.test/family-support,AZ,8.89,1,Meta,System-Observed
TOUCH-000079,INQ-000114,2026-05-20T08:21:05,Paid Search,Google Ads,CMP-1001,Behavioral Health - Brand,Family Support,substance abuse treatment options,substance abuse treatment options,Broad,https://harborridge.example.test/admissions,UT,38.2,1,Google Ads,System-Observed
TOUCH-000080,INQ-000116,2026-05-07T14:48:47,Organic,Google Organic,,,,,,,https://harborridge.example.test/treatment-programs,NY,,1,Google Organic,System-Observed
TOUCH-000081,INQ-000118,2026-05-16T18:33:09,Direct,,,,,,,,https://harborridge.example.test/,UT,,1,Direct / Analytics,System-Observed
TOUCH-000082,INQ-000119,2026-05-12T18:44:25,Local,GBP,,,,,,,https://harborridge.example.test/contact,CO,,1,GBP,System-Observed
TOUCH-000083,INQ-000120,2026-05-09T19:18:02,Organic,Google Organic,,,,,,,https://harborridge.example.test/treatment-programs,FL,,1,Google Organic,System-Observed
TOUCH-000084,INQ-000121,2026-05-07T12:02:15,Direct,,,,,,,,https://harborridge.example.test/,TX,,1,Direct / Analytics,System-Observed
TOUCH-000085,INQ-000122,2026-05-06T17:17:25,Local,GBP,,,,,,,https://harborridge.example.test/contact,NV,,1,GBP,System-Observed
TOUCH-000086,INQ-000125,2026-05-24T18:10:43,Paid Search,Microsoft Ads,CMP-2001,Behavioral Health - Brand (Bing),Residential Programs,detox center near me,detox center near me,Exact,https://harborridge.example.test/admissions,CA,16.77,1,Microsoft Ads,System-Observed
TOUCH-000087,INQ-000126,2026-05-07T19:10:48,Paid Search,Microsoft Ads,CMP-2001,Behavioral Health - Brand (Bing),Residential Programs,behavioral health treatment near me,behavioral health treatment near me,Exact,https://harborridge.example.test/admissions,CO,25.94,1,Microsoft Ads,System-Observed
TOUCH-000088,INQ-000128,2026-05-02T13:17:50,Organic,Google Organic,,,,,,,https://harborridge.example.test/treatment-programs,CA,,1,Google Organic,System-Observed
TOUCH-000089,INQ-000129,2026-05-04T20:06:22,Paid Search,Google Ads,CMP-1002,Behavioral Health - Non-Brand,Detox Programs,detox center near me,detox center near me,Exact,https://harborridge.example.test/admissions,UT,22.37,1,Google Ads,System-Observed
TOUCH-000090,INQ-000130,2026-05-18T19:55:34,Paid Search,Microsoft Ads,CMP-2001,Behavioral Health - Brand (Bing),Family Support,behavioral health treatment near me,behavioral health treatment near me,Phrase,https://harborridge.example.test/admissions,AZ,12.34,1,Microsoft Ads,System-Observed
TOUCH-000091,INQ-000131,2026-05-15T10:45:51,Paid Social,Meta,CMP-3001,Family Support Awareness,Family Support,,,,https://harborridge.example.test/family-support,CO,14.15,1,Meta,System-Observed
TOUCH-000092,INQ-000132,2026-05-11T13:24:15,Paid Search,Google Ads,CMP-1004,Residential Treatment - Geo,Detox Programs,behavioral health treatment near me,behavioral health treatment near me,Broad,https://harborridge.example.test/admissions,AZ,26.88,1,Google Ads,System-Observed
TOUCH-000093,INQ-000134,2026-05-27T19:05:53,Paid Search,Google Ads,CMP-1002,Behavioral Health - Non-Brand,Admissions,residential treatment center,residential treatment center,Phrase,https://harborridge.example.test/admissions,FL,29.69,1,Google Ads,System-Observed
TOUCH-000094,INQ-000135,2026-05-14T20:39:37,Local,GBP,,,,,,,https://harborridge.example.test/contact,NY,,1,GBP,System-Observed
TOUCH-000095,INQ-000136,2026-05-24T19:41:26,Direct,,,,,,,,https://harborridge.example.test/,UT,,1,Direct / Analytics,System-Observed
TOUCH-000096,INQ-000137,2026-05-03T17:42:04,Paid Social,Meta,CMP-3002,Recovery Journey - Lookalike,Community Awareness,,,,https://harborridge.example.test/family-support,OR,7.45,1,Meta,System-Observed
TOUCH-000097,INQ-000139,2026-05-22T16:35:53,Paid Search,Google Ads,CMP-1005,Family Crisis - Non-Brand,Residential Programs,behavioral health treatment near me,behavioral health treatment near me,Broad,https://harborridge.example.test/admissions,CA,37.5,1,Google Ads,System-Observed
TOUCH-000098,INQ-000140,2026-05-17T07:01:47,Paid Search,Google Ads,CMP-1005,Family Crisis - Non-Brand,Admissions,detox center near me,detox center near me,Broad,https://harborridge.example.test/admissions,OR,35.21,1,Google Ads,System-Observed
TOUCH-000099,INQ-000143,2026-05-11T14:33:21,Local,GBP,,,,,,,https://harborridge.example.test/contact,CO,,1,GBP,System-Observed
TOUCH-000100,INQ-000144,2026-05-20T16:30:38,Direct,,,,,,,,https://harborridge.example.test/,OR,,1,Direct / Analytics,System-Observed
TOUCH-000101,INQ-000145,2026-05-05T17:49:36,Organic,Google Organic,,,,,,,https://harborridge.example.test/treatment-programs,AZ,,1,Google Organic,System-Observed
TOUCH-000102,INQ-000146,2026-05-08T15:19:22,Paid Search,Google Ads,CMP-1005,Family Crisis - Non-Brand,Family Support,inpatient mental health treatment,inpatient mental health treatment,Broad,https://harborridge.example.test/admissions,AZ,34.3,1,Google Ads,System-Observed
TOUCH-000103,INQ-000147,2026-05-08T13:26:18,Paid Search,Google Ads,CMP-1001,Behavioral Health - Brand,Residential Programs,detox center near me,detox center near me,Phrase,https://harborridge.example.test/admissions,CO,34.65,1,Google Ads,System-Observed
TOUCH-000104,INQ-000148,2026-05-03T15:39:41,Paid Search,Google Ads,CMP-1001,Behavioral Health - Brand,Admissions,family intervention help,family intervention help,Phrase,https://harborridge.example.test/admissions,UT,43.14,1,Google Ads,System-Observed
TOUCH-000105,INQ-000149,2026-05-03T20:13:59,Direct,,,,,,,,https://harborridge.example.test/,CA,,1,Direct / Analytics,System-Observed
TOUCH-000106,INQ-000151,2026-05-12T17:16:58,Paid Search,Google Ads,CMP-1005,Family Crisis - Non-Brand,Detox Programs,inpatient mental health treatment,inpatient mental health treatment,Broad,https://harborridge.example.test/admissions,NY,34.58,1,Google Ads,System-Observed
TOUCH-000107,INQ-000153,2026-05-04T11:51:57,Paid Search,Google Ads,CMP-1004,Residential Treatment - Geo,Admissions,behavioral health treatment near me,behavioral health treatment near me,Broad,https://harborridge.example.test/admissions,UT,40.45,1,Google Ads,System-Observed
TOUCH-000108,INQ-000154,2026-05-23T16:13:01,Local,GBP,,,,,,,https://harborridge.example.test/contact,NY,,1,GBP,System-Observed
TOUCH-000109,INQ-000155,2026-05-03T20:03:14,Organic,Google Organic,,,,,,,https://harborridge.example.test/treatment-programs,NY,,1,Google Organic,System-Observed
TOUCH-000110,INQ-000157,2026-05-02T16:21:57,Local,GBP,,,,,,,https://harborridge.example.test/contact,NV,,1,GBP,System-Observed
TOUCH-000111,INQ-000158,2026-05-11T07:48:25,Direct,,,,,,,,https://harborridge.example.test/,CA,,1,Direct / Analytics,System-Observed
TOUCH-000112,INQ-000159,2026-05-19T07:50:08,Paid Search,Google Ads,CMP-1004,Residential Treatment - Geo,Residential Programs,inpatient mental health treatment,inpatient mental health treatment,Exact,https://harborridge.example.test/admissions,CO,38.12,1,Google Ads,System-Observed
TOUCH-000113,INQ-000162,2026-05-06T08:45:18,Local,GBP,,,,,,,https://harborridge.example.test/contact,CO,,1,GBP,System-Observed
TOUCH-000114,INQ-000163,2026-05-18T07:46:35,Direct,,,,,,,,https://harborridge.example.test/,AZ,,1,Direct / Analytics,System-Observed
TOUCH-000115,INQ-000167,2026-05-28T18:59:55,Organic,Google Organic,,,,,,,https://harborridge.example.test/treatment-programs,FL,,1,Google Organic,System-Observed
TOUCH-000116,INQ-000168,2026-05-02T14:59:13,Organic,Google Organic,,,,,,,https://harborridge.example.test/treatment-programs,NV,,1,Google Organic,System-Observed
TOUCH-000117,INQ-000173,2026-05-26T12:39:54,Paid Search,Google Ads,CMP-1005,Family Crisis - Non-Brand,Detox Programs,behavioral health treatment near me,behavioral health treatment near me,Phrase,https://harborridge.example.test/admissions,NY,23.33,1,Google Ads,System-Observed
TOUCH-000118,INQ-000177,2026-05-02T13:11:44,Direct,,,,,,,,https://harborridge.example.test/,WA,,1,Direct / Analytics,System-Observed
TOUCH-000119,INQ-000179,2026-05-16T12:44:41,Organic,Google Organic,,,,,,,https://harborridge.example.test/treatment-programs,CO,,1,Google Organic,System-Observed
TOUCH-000120,INQ-000180,2026-05-17T08:44:14,Local,GBP,,,,,,,https://harborridge.example.test/contact,FL,,1,GBP,System-Observed
TOUCH-000121,INQ-000187,2026-05-20T10:43:54,Organic,Google Organic,,,,,,,https://harborridge.example.test/treatment-programs,UT,,1,Google Organic,System-Observed
TOUCH-000122,INQ-000188,2026-05-22T17:31:44,Paid Social,Meta,CMP-3001,Family Support Awareness,Family Support,,,,https://harborridge.example.test/family-support,AZ,10.44,1,Meta,System-Observed
TOUCH-000123,INQ-000190,2026-05-02T09:20:03,Organic,Google Organic,,,,,,,https://harborridge.example.test/treatment-programs,CO,,1,Google Organic,System-Observed
TOUCH-000124,INQ-000191,2026-05-12T12:53:48,Paid Search,Google Ads,CMP-1002,Behavioral Health - Non-Brand,Detox Programs,residential treatment center,residential treatment center,Exact,https://harborridge.example.test/admissions,OR,27.52,1,Google Ads,System-Observed
TOUCH-000125,INQ-000192,2026-05-08T16:26:18,Organic,Google Organic,,,,,,,https://harborridge.example.test/treatment-programs,CO,,1,Google Organic,System-Observed
TOUCH-000126,INQ-000198,2026-05-07T09:59:00,Organic,Google Organic,,,,,,,https://harborridge.example.test/treatment-programs,NV,,1,Google Organic,System-Observed
TOUCH-000127,INQ-000200,2026-05-21T10:09:46,Paid Search,Google Ads,CMP-1001,Behavioral Health - Brand,Detox Programs,inpatient mental health treatment,inpatient mental health treatment,Phrase,https://harborridge.example.test/admissions,CO,16.36,1,Google Ads,System-Observed
TOUCH-000128,INQ-000202,2026-05-17T16:18:40,Paid Search,Google Ads,CMP-1002,Behavioral Health - Non-Brand,Residential Programs,residential treatment center,residential treatment center,Exact,https://harborridge.example.test/admissions,WA,43.19,1,Google Ads,System-Observed
TOUCH-000129,INQ-000203,2026-05-19T08:42:31,Paid Search,Google Ads,CMP-1003,Detox Near Me - Geo,Detox Programs,family intervention help,family intervention help,Phrase,https://harborridge.example.test/admissions,AZ,25.07,1,Google Ads,System-Observed
TOUCH-000130,INQ-000204,2026-05-28T08:12:23,Organic,Google Organic,,,,,,,https://harborridge.example.test/treatment-programs,UT,,1,Google Organic,System-Observed
TOUCH-000131,INQ-000205,2026-05-20T14:00:42,Paid Search,Google Ads,CMP-1005,Family Crisis - Non-Brand,Residential Programs,residential treatment center,residential treatment center,Exact,https://harborridge.example.test/admissions,NV,25.44,1,Google Ads,System-Observed
TOUCH-000132,INQ-000206,2026-05-16T15:06:02,Organic,Google Organic,,,,,,,https://harborridge.example.test/treatment-programs,UT,,1,Google Organic,System-Observed
TOUCH-000133,INQ-000208,2026-05-10T12:46:30,Organic,Google Organic,,,,,,,https://harborridge.example.test/treatment-programs,TX,,1,Google Organic,System-Observed
TOUCH-000134,INQ-000209,2026-05-05T09:51:41,Paid Search,Google Ads,CMP-1005,Family Crisis - Non-Brand,Admissions,detox center near me,detox center near me,Exact,https://harborridge.example.test/admissions,FL,38.81,1,Google Ads,System-Observed
TOUCH-000135,INQ-000211,2026-05-09T13:31:21,Paid Search,Google Ads,CMP-1001,Behavioral Health - Brand,Detox Programs,substance abuse treatment options,substance abuse treatment options,Phrase,https://harborridge.example.test/admissions,WA,27.37,1,Google Ads,System-Observed
TOUCH-000136,INQ-000212,2026-05-16T10:26:55,Direct,,,,,,,,https://harborridge.example.test/,AZ,,1,Direct / Analytics,System-Observed
TOUCH-000137,INQ-000213,2026-05-01T07:57:16,Organic,Google Organic,,,,,,,https://harborridge.example.test/treatment-programs,OR,,1,Google Organic,System-Observed
TOUCH-000138,INQ-000214,2026-05-01T13:08:29,Organic,Google Organic,,,,,,,https://harborridge.example.test/treatment-programs,OR,,1,Google Organic,System-Observed
TOUCH-000139,INQ-000215,2026-05-02T12:24:32,Paid Social,Meta,CMP-3001,Family Support Awareness,Community Awareness,,,,https://harborridge.example.test/family-support,FL,10.85,1,Meta,System-Observed
TOUCH-000140,INQ-000216,2026-05-07T14:23:33,Local,GBP,,,,,,,https://harborridge.example.test/contact,WA,,1,GBP,System-Observed
TOUCH-000141,INQ-000217,2026-05-24T06:06:51,Direct,,,,,,,,https://harborridge.example.test/,WA,,1,Direct / Analytics,System-Observed
TOUCH-000142,INQ-000218,2026-05-12T19:05:14,Paid Search,Google Ads,CMP-1002,Behavioral Health - Non-Brand,Detox Programs,inpatient mental health treatment,inpatient mental health treatment,Broad,https://harborridge.example.test/admissions,WA,26.24,1,Google Ads,System-Observed
TOUCH-000143,INQ-000219,2026-05-04T07:51:37,Organic,Google Organic,,,,,,,https://harborridge.example.test/treatment-programs,NV,,1,Google Organic,System-Observed
TOUCH-000144,INQ-000220,2026-05-10T18:52:33,Organic,Google Organic,,,,,,,https://harborridge.example.test/treatment-programs,TX,,1,Google Organic,System-Observed
TOUCH-000145,,2026-05-07T16:47:27,Paid Search,Google Ads,CMP-1002,Behavioral Health - Non-Brand,Admissions,substance abuse treatment options,substance abuse treatment options,Broad,https://harborridge.example.test/admissions,CA,25.47,0,Google Ads,System-Observed
TOUCH-000146,,2026-05-01T16:26:35,Paid Search,Google Ads,CMP-1005,Family Crisis - Non-Brand,Family Support,substance abuse treatment options,substance abuse treatment options,Broad,https://harborridge.example.test/admissions,NV,16.93,0,Google Ads,System-Observed
TOUCH-000147,,2026-05-08T11:17:34,Paid Search,Google Ads,CMP-1002,Behavioral Health - Non-Brand,Admissions,behavioral health treatment near me,behavioral health treatment near me,Phrase,https://harborridge.example.test/admissions,CO,20.79,0,Google Ads,System-Observed
TOUCH-000148,,2026-05-11T16:36:08,Paid Search,Google Ads,CMP-1002,Behavioral Health - Non-Brand,Detox Programs,residential treatment center,residential treatment center,Broad,https://harborridge.example.test/admissions,WA,31.77,0,Google Ads,System-Observed
TOUCH-000149,,2026-05-04T14:29:12,Paid Search,Google Ads,CMP-1001,Behavioral Health - Brand,Residential Programs,inpatient mental health treatment,inpatient mental health treatment,Broad,https://harborridge.example.test/admissions,FL,22.61,0,Google Ads,System-Observed
TOUCH-000150,,2026-05-05T12:49:10,Paid Search,Google Ads,CMP-1003,Detox Near Me - Geo,Detox Programs,inpatient mental health treatment,inpatient mental health treatment,Exact,https://harborridge.example.test/admissions,WA,26.92,0,Google Ads,System-Observed
TOUCH-000151,,2026-05-21T14:27:24,Paid Search,Google Ads,CMP-1003,Detox Near Me - Geo,Family Support,detox center near me,detox center near me,Phrase,https://harborridge.example.test/admissions,UT,44.92,0,Google Ads,System-Observed
TOUCH-000152,,2026-05-04T07:30:21,Paid Search,Google Ads,CMP-1003,Detox Near Me - Geo,Detox Programs,substance abuse treatment options,substance abuse treatment options,Exact,https://harborridge.example.test/admissions,FL,19.46,0,Google Ads,System-Observed
TOUCH-000153,,2026-05-31T09:48:28,Paid Search,Google Ads,CMP-1005,Family Crisis - Non-Brand,Detox Programs,behavioral health treatment near me,behavioral health treatment near me,Phrase,https://harborridge.example.test/admissions,AZ,38.8,0,Google Ads,System-Observed
TOUCH-000154,,2026-05-02T17:51:35,Paid Search,Google Ads,CMP-1004,Residential Treatment - Geo,Residential Programs,family intervention help,family intervention help,Exact,https://harborridge.example.test/admissions,UT,44.37,0,Google Ads,System-Observed
TOUCH-000155,,2026-05-08T13:53:34,Paid Search,Google Ads,CMP-1005,Family Crisis - Non-Brand,Family Support,substance abuse treatment options,substance abuse treatment options,Phrase,https://harborridge.example.test/admissions,WA,22.51,0,Google Ads,System-Observed
TOUCH-000156,,2026-05-21T12:46:22,Paid Search,Google Ads,CMP-1004,Residential Treatment - Geo,Detox Programs,family intervention help,family intervention help,Broad,https://harborridge.example.test/admissions,FL,36.67,0,Google Ads,System-Observed
TOUCH-000157,,2026-05-10T11:26:32,Paid Search,Google Ads,CMP-1001,Behavioral Health - Brand,Admissions,inpatient mental health treatment,inpatient mental health treatment,Exact,https://harborridge.example.test/admissions,TX,37.77,0,Google Ads,System-Observed
TOUCH-000158,,2026-05-11T18:23:16,Paid Search,Google Ads,CMP-1005,Family Crisis - Non-Brand,Admissions,family intervention help,family intervention help,Exact,https://harborridge.example.test/admissions,CA,36.72,0,Google Ads,System-Observed
TOUCH-000159,,2026-05-13T16:58:19,Paid Search,Google Ads,CMP-1004,Residential Treatment - Geo,Residential Programs,behavioral health treatment near me,behavioral health treatment near me,Phrase,https://harborridge.example.test/admissions,TX,26.28,0,Google Ads,System-Observed
TOUCH-000160,,2026-05-14T18:43:59,Paid Search,Google Ads,CMP-1002,Behavioral Health - Non-Brand,Family Support,inpatient mental health treatment,inpatient mental health treatment,Exact,https://harborridge.example.test/admissions,NV,15.0,0,Google Ads,System-Observed
TOUCH-000161,,2026-05-02T08:27:00,Paid Search,Google Ads,CMP-1005,Family Crisis - Non-Brand,Detox Programs,detox center near me,detox center near me,Broad,https://harborridge.example.test/admissions,UT,35.23,0,Google Ads,System-Observed
TOUCH-000162,,2026-05-19T07:45:54,Paid Search,Google Ads,CMP-1003,Detox Near Me - Geo,Family Support,behavioral health treatment near me,behavioral health treatment near me,Broad,https://harborridge.example.test/admissions,AZ,40.06,0,Google Ads,System-Observed
TOUCH-000163,,2026-05-06T12:21:33,Paid Search,Google Ads,CMP-1004,Residential Treatment - Geo,Admissions,inpatient mental health treatment,inpatient mental health treatment,Broad,https://harborridge.example.test/admissions,NV,36.91,0,Google Ads,System-Observed
TOUCH-000164,,2026-05-17T10:03:28,Paid Search,Google Ads,CMP-1004,Residential Treatment - Geo,Admissions,inpatient mental health treatment,inpatient mental health treatment,Phrase,https://harborridge.example.test/admissions,NV,17.86,0,Google Ads,System-Observed
TOUCH-000165,,2026-05-02T15:08:52,Paid Search,Google Ads,CMP-1002,Behavioral Health - Non-Brand,Residential Programs,detox center near me,detox center near me,Phrase,https://harborridge.example.test/admissions,WA,25.24,0,Google Ads,System-Observed
TOUCH-000166,,2026-05-05T11:35:25,Paid Search,Google Ads,CMP-1002,Behavioral Health - Non-Brand,Detox Programs,family intervention help,family intervention help,Exact,https://harborridge.example.test/admissions,FL,31.39,0,Google Ads,System-Observed
TOUCH-000167,,2026-05-07T11:06:16,Paid Search,Google Ads,CMP-1003,Detox Near Me - Geo,Detox Programs,inpatient mental health treatment,inpatient mental health treatment,Phrase,https://harborridge.example.test/admissions,FL,15.19,0,Google Ads,System-Observed
TOUCH-000168,,2026-05-18T18:23:30,Paid Search,Google Ads,CMP-1003,Detox Near Me - Geo,Detox Programs,family intervention help,family intervention help,Exact,https://harborridge.example.test/admissions,OR,31.47,0,Google Ads,System-Observed
TOUCH-000169,,2026-05-09T19:49:20,Paid Search,Google Ads,CMP-1003,Detox Near Me - Geo,Admissions,inpatient mental health treatment,inpatient mental health treatment,Phrase,https://harborridge.example.test/admissions,CO,23.44,0,Google Ads,System-Observed
TOUCH-000170,,2026-05-20T20:25:28,Paid Search,Google Ads,CMP-1005,Family Crisis - Non-Brand,Detox Programs,family intervention help,family intervention help,Phrase,https://harborridge.example.test/admissions,CO,31.96,0,Google Ads,System-Observed
TOUCH-000171,,2026-05-10T18:55:28,Paid Search,Google Ads,CMP-1003,Detox Near Me - Geo,Family Support,behavioral health treatment near me,behavioral health treatment near me,Broad,https://harborridge.example.test/admissions,TX,19.35,0,Google Ads,System-Observed
TOUCH-000172,,2026-05-13T11:50:56,Paid Search,Google Ads,CMP-1004,Residential Treatment - Geo,Detox Programs,behavioral health treatment near me,behavioral health treatment near me,Broad,https://harborridge.example.test/admissions,UT,34.18,0,Google Ads,System-Observed
TOUCH-000173,,2026-05-10T15:10:54,Paid Search,Google Ads,CMP-1001,Behavioral Health - Brand,Detox Programs,behavioral health treatment near me,behavioral health treatment near me,Phrase,https://harborridge.example.test/admissions,FL,37.8,0,Google Ads,System-Observed
TOUCH-000174,,2026-05-07T10:25:59,Paid Search,Google Ads,CMP-1004,Residential Treatment - Geo,Family Support,family intervention help,family intervention help,Exact,https://harborridge.example.test/admissions,NV,35.32,0,Google Ads,System-Observed
TOUCH-000175,,2026-05-11T08:14:38,Paid Search,Google Ads,CMP-1002,Behavioral Health - Non-Brand,Detox Programs,substance abuse treatment options,substance abuse treatment options,Exact,https://harborridge.example.test/admissions,CO,37.55,0,Google Ads,System-Observed
TOUCH-000176,,2026-05-26T20:42:56,Paid Search,Google Ads,CMP-1005,Family Crisis - Non-Brand,Family Support,residential treatment center,residential treatment center,Phrase,https://harborridge.example.test/admissions,NV,14.39,0,Google Ads,System-Observed
TOUCH-000177,,2026-05-27T07:50:22,Paid Search,Google Ads,CMP-1005,Family Crisis - Non-Brand,Residential Programs,detox center near me,detox center near me,Phrase,https://harborridge.example.test/admissions,FL,39.95,0,Google Ads,System-Observed
TOUCH-000178,,2026-05-04T07:21:28,Paid Search,Google Ads,CMP-1002,Behavioral Health - Non-Brand,Residential Programs,inpatient mental health treatment,inpatient mental health treatment,Phrase,https://harborridge.example.test/admissions,OR,35.81,0,Google Ads,System-Observed
TOUCH-000179,,2026-05-22T11:30:00,Paid Search,Google Ads,CMP-1002,Behavioral Health - Non-Brand,Detox Programs,substance abuse treatment options,substance abuse treatment options,Exact,https://harborridge.example.test/admissions,WA,31.4,0,Google Ads,System-Observed
TOUCH-000180,,2026-05-09T18:31:41,Paid Search,Google Ads,CMP-1004,Residential Treatment - Geo,Detox Programs,detox center near me,detox center near me,Broad,https://harborridge.example.test/admissions,AZ,18.25,0,Google Ads,System-Observed
TOUCH-000181,,2026-05-30T08:11:59,Paid Search,Google Ads,CMP-1003,Detox Near Me - Geo,Detox Programs,family intervention help,family intervention help,Exact,https://harborridge.example.test/admissions,TX,44.45,0,Google Ads,System-Observed
TOUCH-000182,,2026-05-18T11:36:51,Paid Search,Google Ads,CMP-1003,Detox Near Me - Geo,Admissions,substance abuse treatment options,substance abuse treatment options,Phrase,https://harborridge.example.test/admissions,OR,43.6,0,Google Ads,System-Observed
TOUCH-000183,,2026-05-01T18:14:01,Paid Search,Google Ads,CMP-1001,Behavioral Health - Brand,Admissions,detox center near me,detox center near me,Phrase,https://harborridge.example.test/admissions,AZ,30.7,0,Google Ads,System-Observed
TOUCH-000184,,2026-05-03T11:49:58,Paid Search,Google Ads,CMP-1004,Residential Treatment - Geo,Detox Programs,detox center near me,detox center near me,Phrase,https://harborridge.example.test/admissions,AZ,23.33,0,Google Ads,System-Observed
TOUCH-000185,,2026-05-02T20:21:00,Paid Search,Google Ads,CMP-1003,Detox Near Me - Geo,Admissions,behavioral health treatment near me,behavioral health treatment near me,Exact,https://harborridge.example.test/admissions,AZ,19.22,0,Google Ads,System-Observed
TOUCH-000186,,2026-05-17T14:45:01,Paid Search,Google Ads,CMP-1001,Behavioral Health - Brand,Residential Programs,inpatient mental health treatment,inpatient mental health treatment,Phrase,https://harborridge.example.test/admissions,UT,24.89,0,Google Ads,System-Observed
TOUCH-000187,,2026-05-03T14:43:26,Paid Search,Google Ads,CMP-1002,Behavioral Health - Non-Brand,Family Support,family intervention help,family intervention help,Exact,https://harborridge.example.test/admissions,NV,14.93,0,Google Ads,System-Observed
TOUCH-000188,,2026-05-23T13:36:28,Paid Search,Google Ads,CMP-1005,Family Crisis - Non-Brand,Admissions,inpatient mental health treatment,inpatient mental health treatment,Broad,https://harborridge.example.test/admissions,CO,16.78,0,Google Ads,System-Observed
TOUCH-000189,,2026-05-21T07:12:28,Paid Search,Google Ads,CMP-1001,Behavioral Health - Brand,Admissions,inpatient mental health treatment,inpatient mental health treatment,Phrase,https://harborridge.example.test/admissions,NY,18.61,0,Google Ads,System-Observed
TOUCH-000190,,2026-05-07T11:13:38,Paid Search,Google Ads,CMP-1001,Behavioral Health - Brand,Residential Programs,detox center near me,detox center near me,Exact,https://harborridge.example.test/admissions,NV,17.96,0,Google Ads,System-Observed
TOUCH-000191,,2026-05-04T07:22:13,Paid Search,Google Ads,CMP-1002,Behavioral Health - Non-Brand,Admissions,residential treatment center,residential treatment center,Phrase,https://harborridge.example.test/admissions,UT,19.13,0,Google Ads,System-Observed
TOUCH-000192,,2026-05-12T12:21:47,Paid Search,Google Ads,CMP-1002,Behavioral Health - Non-Brand,Admissions,behavioral health treatment near me,behavioral health treatment near me,Exact,https://harborridge.example.test/admissions,CO,35.67,0,Google Ads,System-Observed
TOUCH-000193,,2026-05-05T13:07:39,Paid Search,Google Ads,CMP-1005,Family Crisis - Non-Brand,Detox Programs,inpatient mental health treatment,inpatient mental health treatment,Exact,https://harborridge.example.test/admissions,OR,44.51,0,Google Ads,System-Observed
TOUCH-000194,,2026-05-20T12:14:39,Paid Search,Google Ads,CMP-1004,Residential Treatment - Geo,Detox Programs,family intervention help,family intervention help,Phrase,https://harborridge.example.test/admissions,WA,43.99,0,Google Ads,System-Observed
TOUCH-000195,,2026-05-21T20:08:07,Paid Search,Google Ads,CMP-1001,Behavioral Health - Brand,Admissions,substance abuse treatment options,substance abuse treatment options,Broad,https://harborridge.example.test/admissions,CA,25.85,0,Google Ads,System-Observed
TOUCH-000196,,2026-05-04T09:50:09,Paid Search,Google Ads,CMP-1004,Residential Treatment - Geo,Detox Programs,behavioral health treatment near me,behavioral health treatment near me,Exact,https://harborridge.example.test/admissions,UT,14.78,0,Google Ads,System-Observed
TOUCH-000197,,2026-05-15T07:13:42,Paid Search,Google Ads,CMP-1005,Family Crisis - Non-Brand,Family Support,residential treatment center,residential treatment center,Exact,https://harborridge.example.test/admissions,WA,22.09,0,Google Ads,System-Observed
TOUCH-000198,,2026-05-07T09:23:35,Paid Search,Google Ads,CMP-1001,Behavioral Health - Brand,Family Support,behavioral health treatment near me,behavioral health treatment near me,Broad,https://harborridge.example.test/admissions,NV,30.61,0,Google Ads,System-Observed
TOUCH-000199,,2026-05-15T07:17:43,Paid Search,Google Ads,CMP-1004,Residential Treatment - Geo,Admissions,behavioral health treatment near me,behavioral health treatment near me,Phrase,https://harborridge.example.test/admissions,AZ,23.48,0,Google Ads,System-Observed
TOUCH-000200,,2026-05-25T15:51:14,Paid Search,Google Ads,CMP-1001,Behavioral Health - Brand,Residential Programs,inpatient mental health treatment,inpatient mental health treatment,Exact,https://harborridge.example.test/admissions,NY,16.92,0,Google Ads,System-Observed
TOUCH-000201,,2026-05-26T10:29:22,Paid Search,Google Ads,CMP-1002,Behavioral Health - Non-Brand,Family Support,family intervention help,family intervention help,Broad,https://harborridge.example.test/admissions,CO,29.77,0,Google Ads,System-Observed
TOUCH-000202,,2026-05-19T17:00:54,Paid Search,Google Ads,CMP-1005,Family Crisis - Non-Brand,Family Support,family intervention help,family intervention help,Broad,https://harborridge.example.test/admissions,UT,36.36,0,Google Ads,System-Observed
TOUCH-000203,,2026-05-08T17:28:44,Paid Search,Google Ads,CMP-1004,Residential Treatment - Geo,Admissions,family intervention help,family intervention help,Exact,https://harborridge.example.test/admissions,TX,15.81,0,Google Ads,System-Observed
TOUCH-000204,,2026-05-12T09:08:45,Paid Search,Google Ads,CMP-1004,Residential Treatment - Geo,Residential Programs,substance abuse treatment options,substance abuse treatment options,Broad,https://harborridge.example.test/admissions,OR,32.4,0,Google Ads,System-Observed
TOUCH-000205,,2026-05-04T11:46:31,Paid Search,Google Ads,CMP-1003,Detox Near Me - Geo,Family Support,substance abuse treatment options,substance abuse treatment options,Exact,https://harborridge.example.test/admissions,WA,36.83,0,Google Ads,System-Observed
TOUCH-000206,,2026-05-05T14:08:37,Paid Search,Google Ads,CMP-1005,Family Crisis - Non-Brand,Family Support,residential treatment center,residential treatment center,Exact,https://harborridge.example.test/admissions,UT,20.61,0,Google Ads,System-Observed
TOUCH-000207,,2026-05-29T13:18:02,Paid Search,Google Ads,CMP-1001,Behavioral Health - Brand,Residential Programs,detox center near me,detox center near me,Broad,https://harborridge.example.test/admissions,FL,23.6,0,Google Ads,System-Observed
TOUCH-000208,,2026-05-07T07:11:15,Paid Search,Google Ads,CMP-1004,Residential Treatment - Geo,Admissions,behavioral health treatment near me,behavioral health treatment near me,Phrase,https://harborridge.example.test/admissions,TX,25.99,0,Google Ads,System-Observed
TOUCH-000209,,2026-05-01T16:33:22,Paid Search,Google Ads,CMP-1005,Family Crisis - Non-Brand,Residential Programs,family intervention help,family intervention help,Broad,https://harborridge.example.test/admissions,WA,32.31,0,Google Ads,System-Observed
TOUCH-000210,,2026-05-26T12:40:08,Paid Search,Google Ads,CMP-1005,Family Crisis - Non-Brand,Detox Programs,behavioral health treatment near me,behavioral health treatment near me,Exact,https://harborridge.example.test/admissions,NV,20.14,0,Google Ads,System-Observed
TOUCH-000211,,2026-05-25T19:04:16,Paid Search,Google Ads,CMP-1003,Detox Near Me - Geo,Detox Programs,inpatient mental health treatment,inpatient mental health treatment,Broad,https://harborridge.example.test/admissions,FL,23.63,0,Google Ads,System-Observed
TOUCH-000212,,2026-05-13T19:00:14,Paid Search,Google Ads,CMP-1001,Behavioral Health - Brand,Residential Programs,behavioral health treatment near me,behavioral health treatment near me,Broad,https://harborridge.example.test/admissions,NY,28.88,0,Google Ads,System-Observed
TOUCH-000213,,2026-05-19T10:56:24,Paid Search,Google Ads,CMP-1005,Family Crisis - Non-Brand,Residential Programs,detox center near me,detox center near me,Exact,https://harborridge.example.test/admissions,CA,15.25,0,Google Ads,System-Observed
TOUCH-000214,,2026-05-30T20:12:17,Paid Search,Google Ads,CMP-1002,Behavioral Health - Non-Brand,Admissions,behavioral health treatment near me,behavioral health treatment near me,Broad,https://harborridge.example.test/admissions,NV,36.91,0,Google Ads,System-Observed
TOUCH-000215,,2026-05-25T08:08:44,Paid Search,Google Ads,CMP-1004,Residential Treatment - Geo,Residential Programs,residential treatment center,residential treatment center,Phrase,https://harborridge.example.test/admissions,NY,17.05,0,Google Ads,System-Observed
TOUCH-000216,,2026-05-07T10:06:39,Paid Search,Google Ads,CMP-1002,Behavioral Health - Non-Brand,Admissions,family intervention help,family intervention help,Broad,https://harborridge.example.test/admissions,NV,36.74,0,Google Ads,System-Observed
TOUCH-000217,,2026-05-22T11:41:11,Paid Search,Google Ads,CMP-1003,Detox Near Me - Geo,Family Support,behavioral health treatment near me,behavioral health treatment near me,Broad,https://harborridge.example.test/admissions,TX,41.88,0,Google Ads,System-Observed
TOUCH-000218,,2026-05-29T14:17:00,Paid Search,Google Ads,CMP-1001,Behavioral Health - Brand,Detox Programs,detox center near me,detox center near me,Broad,https://harborridge.example.test/admissions,TX,14.46,0,Google Ads,System-Observed
TOUCH-000219,,2026-05-21T10:36:44,Paid Search,Google Ads,CMP-1004,Residential Treatment - Geo,Residential Programs,behavioral health treatment near me,behavioral health treatment near me,Exact,https://harborridge.example.test/admissions,NV,36.22,0,Google Ads,System-Observed
TOUCH-000220,,2026-05-21T17:22:51,Paid Search,Google Ads,CMP-1004,Residential Treatment - Geo,Admissions,substance abuse treatment options,substance abuse treatment options,Broad,https://harborridge.example.test/admissions,FL,15.49,0,Google Ads,System-Observed
TOUCH-000221,,2026-05-24T14:32:26,Paid Search,Google Ads,CMP-1002,Behavioral Health - Non-Brand,Residential Programs,substance abuse treatment options,substance abuse treatment options,Phrase,https://harborridge.example.test/admissions,OR,31.51,0,Google Ads,System-Observed
TOUCH-000222,,2026-05-06T19:41:06,Paid Search,Google Ads,CMP-1003,Detox Near Me - Geo,Residential Programs,inpatient mental health treatment,inpatient mental health treatment,Phrase,https://harborridge.example.test/admissions,WA,41.06,0,Google Ads,System-Observed
TOUCH-000223,,2026-05-21T12:33:20,Paid Search,Google Ads,CMP-1001,Behavioral Health - Brand,Residential Programs,residential treatment center,residential treatment center,Broad,https://harborridge.example.test/admissions,NV,31.98,0,Google Ads,System-Observed
TOUCH-000224,,2026-05-14T17:04:30,Paid Search,Google Ads,CMP-1002,Behavioral Health - Non-Brand,Admissions,family intervention help,family intervention help,Exact,https://harborridge.example.test/admissions,NV,16.51,0,Google Ads,System-Observed
TOUCH-000225,,2026-05-18T19:39:44,Paid Search,Google Ads,CMP-1003,Detox Near Me - Geo,Family Support,inpatient mental health treatment,inpatient mental health treatment,Broad,https://harborridge.example.test/admissions,NV,26.63,0,Google Ads,System-Observed
TOUCH-000226,,2026-05-21T17:55:34,Paid Search,Google Ads,CMP-1001,Behavioral Health - Brand,Detox Programs,detox center near me,detox center near me,Exact,https://harborridge.example.test/admissions,FL,14.15,0,Google Ads,System-Observed
TOUCH-000227,,2026-05-30T18:36:51,Paid Search,Google Ads,CMP-1004,Residential Treatment - Geo,Family Support,substance abuse treatment options,substance abuse treatment options,Phrase,https://harborridge.example.test/admissions,OR,31.28,0,Google Ads,System-Observed
TOUCH-000228,,2026-05-10T16:20:42,Paid Search,Google Ads,CMP-1005,Family Crisis - Non-Brand,Residential Programs,inpatient mental health treatment,inpatient mental health treatment,Broad,https://harborridge.example.test/admissions,CA,35.66,0,Google Ads,System-Observed
TOUCH-000229,,2026-05-05T12:56:41,Paid Search,Google Ads,CMP-1004,Residential Treatment - Geo,Residential Programs,residential treatment center,residential treatment center,Exact,https://harborridge.example.test/admissions,AZ,25.68,0,Google Ads,System-Observed
TOUCH-000230,,2026-05-30T20:39:49,Paid Search,Google Ads,CMP-1004,Residential Treatment - Geo,Admissions,behavioral health treatment near me,behavioral health treatment near me,Exact,https://harborridge.example.test/admissions,FL,25.41,0,Google Ads,System-Observed
TOUCH-000231,,2026-05-20T10:57:35,Paid Search,Google Ads,CMP-1004,Residential Treatment - Geo,Family Support,behavioral health treatment near me,behavioral health treatment near me,Exact,https://harborridge.example.test/admissions,WA,35.08,0,Google Ads,System-Observed
TOUCH-000232,,2026-05-12T16:40:24,Paid Search,Google Ads,CMP-1003,Detox Near Me - Geo,Admissions,substance abuse treatment options,substance abuse treatment options,Phrase,https://harborridge.example.test/admissions,NV,35.86,0,Google Ads,System-Observed
TOUCH-000233,,2026-05-05T10:43:19,Paid Search,Google Ads,CMP-1002,Behavioral Health - Non-Brand,Detox Programs,behavioral health treatment near me,behavioral health treatment near me,Phrase,https://harborridge.example.test/admissions,NV,19.31,0,Google Ads,System-Observed
TOUCH-000234,,2026-05-26T07:02:48,Paid Search,Google Ads,CMP-1002,Behavioral Health - Non-Brand,Family Support,substance abuse treatment options,substance abuse treatment options,Exact,https://harborridge.example.test/admissions,UT,15.12,0,Google Ads,System-Observed
TOUCH-000235,,2026-05-02T10:05:05,Paid Search,Google Ads,CMP-1001,Behavioral Health - Brand,Detox Programs,behavioral health treatment near me,behavioral health treatment near me,Broad,https://harborridge.example.test/admissions,WA,29.53,0,Google Ads,System-Observed
TOUCH-000236,,2026-05-09T08:57:52,Paid Search,Google Ads,CMP-1003,Detox Near Me - Geo,Admissions,family intervention help,family intervention help,Phrase,https://harborridge.example.test/admissions,CA,16.68,0,Google Ads,System-Observed
TOUCH-000237,,2026-05-07T16:24:24,Paid Search,Google Ads,CMP-1005,Family Crisis - Non-Brand,Residential Programs,behavioral health treatment near me,behavioral health treatment near me,Phrase,https://harborridge.example.test/admissions,NV,37.52,0,Google Ads,System-Observed
TOUCH-000238,,2026-05-20T07:29:00,Paid Search,Google Ads,CMP-1002,Behavioral Health - Non-Brand,Residential Programs,behavioral health treatment near me,behavioral health treatment near me,Broad,https://harborridge.example.test/admissions,FL,25.9,0,Google Ads,System-Observed
TOUCH-000239,,2026-05-10T10:33:27,Paid Search,Google Ads,CMP-1003,Detox Near Me - Geo,Admissions,inpatient mental health treatment,inpatient mental health treatment,Phrase,https://harborridge.example.test/admissions,CA,19.95,0,Google Ads,System-Observed
TOUCH-000240,,2026-05-01T17:47:35,Paid Search,Google Ads,CMP-1005,Family Crisis - Non-Brand,Residential Programs,inpatient mental health treatment,inpatient mental health treatment,Phrase,https://harborridge.example.test/admissions,OR,35.2,0,Google Ads,System-Observed
TOUCH-000241,,2026-05-21T11:38:58,Paid Search,Google Ads,CMP-1003,Detox Near Me - Geo,Family Support,family intervention help,family intervention help,Broad,https://harborridge.example.test/admissions,UT,33.86,0,Google Ads,System-Observed
TOUCH-000242,,2026-05-04T12:39:21,Paid Search,Google Ads,CMP-1001,Behavioral Health - Brand,Residential Programs,behavioral health treatment near me,behavioral health treatment near me,Phrase,https://harborridge.example.test/admissions,UT,44.21,0,Google Ads,System-Observed
TOUCH-000243,,2026-05-23T07:50:05,Paid Search,Google Ads,CMP-1003,Detox Near Me - Geo,Family Support,detox center near me,detox center near me,Broad,https://harborridge.example.test/admissions,TX,33.03,0,Google Ads,System-Observed
TOUCH-000244,,2026-05-26T11:48:04,Paid Search,Google Ads,CMP-1005,Family Crisis - Non-Brand,Family Support,behavioral health treatment near me,behavioral health treatment near me,Exact,https://harborridge.example.test/admissions,NY,24.64,0,Google Ads,System-Observed
TOUCH-000245,,2026-05-20T16:30:09,Paid Search,Google Ads,CMP-1001,Behavioral Health - Brand,Family Support,behavioral health treatment near me,behavioral health treatment near me,Phrase,https://harborridge.example.test/admissions,FL,40.34,0,Google Ads,System-Observed
TOUCH-000246,,2026-05-03T07:19:03,Paid Search,Google Ads,CMP-1002,Behavioral Health - Non-Brand,Residential Programs,residential treatment center,residential treatment center,Phrase,https://harborridge.example.test/admissions,UT,30.24,0,Google Ads,System-Observed
TOUCH-000247,,2026-05-03T14:38:09,Paid Search,Google Ads,CMP-1005,Family Crisis - Non-Brand,Residential Programs,residential treatment center,residential treatment center,Phrase,https://harborridge.example.test/admissions,UT,36.07,0,Google Ads,System-Observed
TOUCH-000248,,2026-05-29T07:33:21,Paid Search,Google Ads,CMP-1004,Residential Treatment - Geo,Detox Programs,residential treatment center,residential treatment center,Broad,https://harborridge.example.test/admissions,OR,17.87,0,Google Ads,System-Observed
TOUCH-000249,,2026-05-24T15:17:44,Paid Search,Google Ads,CMP-1003,Detox Near Me - Geo,Residential Programs,inpatient mental health treatment,inpatient mental health treatment,Phrase,https://harborridge.example.test/admissions,WA,39.42,0,Google Ads,System-Observed
TOUCH-000250,,2026-05-13T17:38:11,Paid Search,Google Ads,CMP-1003,Detox Near Me - Geo,Admissions,family intervention help,family intervention help,Exact,https://harborridge.example.test/admissions,NY,14.76,0,Google Ads,System-Observed
TOUCH-000251,,2026-05-20T18:46:53,Paid Search,Google Ads,CMP-1003,Detox Near Me - Geo,Residential Programs,family intervention help,family intervention help,Exact,https://harborridge.example.test/admissions,WA,17.0,0,Google Ads,System-Observed
TOUCH-000252,,2026-05-18T08:20:04,Paid Search,Google Ads,CMP-1004,Residential Treatment - Geo,Residential Programs,behavioral health treatment near me,behavioral health treatment near me,Broad,https://harborridge.example.test/admissions,UT,16.0,0,Google Ads,System-Observed
TOUCH-000253,,2026-05-11T17:23:37,Paid Search,Google Ads,CMP-1002,Behavioral Health - Non-Brand,Residential Programs,behavioral health treatment near me,behavioral health treatment near me,Phrase,https://harborridge.example.test/admissions,OR,26.75,0,Google Ads,System-Observed
TOUCH-000254,,2026-05-21T15:12:14,Paid Search,Google Ads,CMP-1003,Detox Near Me - Geo,Residential Programs,substance abuse treatment options,substance abuse treatment options,Phrase,https://harborridge.example.test/admissions,NV,39.7,0,Google Ads,System-Observed
TOUCH-000255,,2026-05-14T16:14:40,Paid Search,Google Ads,CMP-1001,Behavioral Health - Brand,Detox Programs,substance abuse treatment options,substance abuse treatment options,Phrase,https://harborridge.example.test/admissions,CA,33.92,0,Google Ads,System-Observed
TOUCH-000256,,2026-05-28T15:37:23,Paid Search,Google Ads,CMP-1001,Behavioral Health - Brand,Admissions,substance abuse treatment options,substance abuse treatment options,Broad,https://harborridge.example.test/admissions,AZ,14.22,0,Google Ads,System-Observed
TOUCH-000257,,2026-05-17T17:17:44,Paid Search,Google Ads,CMP-1001,Behavioral Health - Brand,Residential Programs,inpatient mental health treatment,inpatient mental health treatment,Exact,https://harborridge.example.test/admissions,OR,41.71,0,Google Ads,System-Observed
TOUCH-000258,,2026-05-11T13:47:01,Paid Search,Google Ads,CMP-1001,Behavioral Health - Brand,Admissions,inpatient mental health treatment,inpatient mental health treatment,Phrase,https://harborridge.example.test/admissions,CA,15.94,0,Google Ads,System-Observed
TOUCH-000259,,2026-05-26T16:23:11,Paid Search,Google Ads,CMP-1002,Behavioral Health - Non-Brand,Residential Programs,family intervention help,family intervention help,Phrase,https://harborridge.example.test/admissions,NY,25.99,0,Google Ads,System-Observed
TOUCH-000260,,2026-05-07T16:51:16,Paid Search,Google Ads,CMP-1002,Behavioral Health - Non-Brand,Admissions,residential treatment center,residential treatment center,Broad,https://harborridge.example.test/admissions,CO,20.52,0,Google Ads,System-Observed
TOUCH-000261,,2026-05-26T13:30:38,Paid Search,Google Ads,CMP-1003,Detox Near Me - Geo,Admissions,family intervention help,family intervention help,Phrase,https://harborridge.example.test/admissions,TX,20.24,0,Google Ads,System-Observed
TOUCH-000262,,2026-05-19T19:49:20,Paid Search,Google Ads,CMP-1001,Behavioral Health - Brand,Admissions,inpatient mental health treatment,inpatient mental health treatment,Broad,https://harborridge.example.test/admissions,FL,44.12,0,Google Ads,System-Observed
TOUCH-000263,,2026-05-06T10:00:10,Paid Search,Google Ads,CMP-1001,Behavioral Health - Brand,Residential Programs,residential treatment center,residential treatment center,Phrase,https://harborridge.example.test/admissions,AZ,19.51,0,Google Ads,System-Observed
TOUCH-000264,,2026-05-03T17:06:03,Paid Search,Google Ads,CMP-1002,Behavioral Health - Non-Brand,Residential Programs,family intervention help,family intervention help,Exact,https://harborridge.example.test/admissions,NY,17.48,0,Google Ads,System-Observed
TOUCH-000265,,2026-05-04T09:04:25,Paid Search,Google Ads,CMP-1002,Behavioral Health - Non-Brand,Family Support,family intervention help,family intervention help,Broad,https://harborridge.example.test/admissions,FL,35.82,0,Google Ads,System-Observed
TOUCH-000266,,2026-05-21T12:20:02,Paid Search,Google Ads,CMP-1005,Family Crisis - Non-Brand,Residential Programs,residential treatment center,residential treatment center,Broad,https://harborridge.example.test/admissions,TX,23.04,0,Google Ads,System-Observed
TOUCH-000267,,2026-05-23T18:52:45,Paid Search,Google Ads,CMP-1004,Residential Treatment - Geo,Family Support,family intervention help,family intervention help,Exact,https://harborridge.example.test/admissions,UT,22.68,0,Google Ads,System-Observed
TOUCH-000268,,2026-05-31T14:00:47,Paid Search,Google Ads,CMP-1001,Behavioral Health - Brand,Residential Programs,substance abuse treatment options,substance abuse treatment options,Broad,https://harborridge.example.test/admissions,WA,14.88,0,Google Ads,System-Observed
TOUCH-000269,,2026-05-18T15:43:40,Paid Search,Google Ads,CMP-1004,Residential Treatment - Geo,Admissions,family intervention help,family intervention help,Exact,https://harborridge.example.test/admissions,UT,23.51,0,Google Ads,System-Observed
TOUCH-000270,,2026-05-22T08:20:18,Paid Search,Google Ads,CMP-1005,Family Crisis - Non-Brand,Residential Programs,behavioral health treatment near me,behavioral health treatment near me,Phrase,https://harborridge.example.test/admissions,AZ,41.54,0,Google Ads,System-Observed
TOUCH-000271,,2026-05-21T09:17:55,Paid Search,Google Ads,CMP-1001,Behavioral Health - Brand,Admissions,substance abuse treatment options,substance abuse treatment options,Exact,https://harborridge.example.test/admissions,WA,16.61,0,Google Ads,System-Observed
TOUCH-000272,,2026-05-02T09:41:55,Paid Search,Google Ads,CMP-1005,Family Crisis - Non-Brand,Residential Programs,behavioral health treatment near me,behavioral health treatment near me,Broad,https://harborridge.example.test/admissions,FL,33.2,0,Google Ads,System-Observed
TOUCH-000273,,2026-05-01T16:56:52,Paid Search,Google Ads,CMP-1002,Behavioral Health - Non-Brand,Detox Programs,family intervention help,family intervention help,Exact,https://harborridge.example.test/admissions,CO,42.15,0,Google Ads,System-Observed
TOUCH-000274,,2026-05-12T13:14:25,Paid Search,Google Ads,CMP-1003,Detox Near Me - Geo,Family Support,inpatient mental health treatment,inpatient mental health treatment,Broad,https://harborridge.example.test/admissions,FL,14.25,0,Google Ads,System-Observed
TOUCH-000275,,2026-05-08T16:21:49,Paid Search,Google Ads,CMP-1005,Family Crisis - Non-Brand,Family Support,inpatient mental health treatment,inpatient mental health treatment,Phrase,https://harborridge.example.test/admissions,TX,30.28,0,Google Ads,System-Observed
TOUCH-000276,,2026-05-31T20:01:31,Paid Search,Google Ads,CMP-1005,Family Crisis - Non-Brand,Detox Programs,residential treatment center,residential treatment center,Phrase,https://harborridge.example.test/admissions,OR,31.88,0,Google Ads,System-Observed
TOUCH-000277,,2026-05-21T07:52:25,Paid Search,Google Ads,CMP-1004,Residential Treatment - Geo,Admissions,residential treatment center,residential treatment center,Phrase,https://harborridge.example.test/admissions,NY,25.71,0,Google Ads,System-Observed
TOUCH-000278,,2026-05-07T09:25:06,Paid Search,Google Ads,CMP-1001,Behavioral Health - Brand,Residential Programs,residential treatment center,residential treatment center,Exact,https://harborridge.example.test/admissions,UT,27.04,0,Google Ads,System-Observed
TOUCH-000279,,2026-05-03T20:18:19,Paid Search,Google Ads,CMP-1002,Behavioral Health - Non-Brand,Admissions,detox center near me,detox center near me,Exact,https://harborridge.example.test/admissions,UT,38.47,0,Google Ads,System-Observed
TOUCH-000280,,2026-05-25T12:07:39,Paid Search,Google Ads,CMP-1005,Family Crisis - Non-Brand,Admissions,detox center near me,detox center near me,Phrase,https://harborridge.example.test/admissions,WA,35.02,0,Google Ads,System-Observed
TOUCH-000281,,2026-05-21T07:15:29,Paid Search,Google Ads,CMP-1004,Residential Treatment - Geo,Detox Programs,detox center near me,detox center near me,Phrase,https://harborridge.example.test/admissions,TX,18.8,0,Google Ads,System-Observed
TOUCH-000282,,2026-05-29T09:26:59,Paid Search,Google Ads,CMP-1001,Behavioral Health - Brand,Family Support,inpatient mental health treatment,inpatient mental health treatment,Broad,https://harborridge.example.test/admissions,AZ,16.28,0,Google Ads,System-Observed
TOUCH-000283,,2026-05-05T13:42:32,Paid Search,Google Ads,CMP-1004,Residential Treatment - Geo,Residential Programs,family intervention help,family intervention help,Broad,https://harborridge.example.test/admissions,CA,36.72,0,Google Ads,System-Observed
TOUCH-000284,,2026-05-31T12:34:57,Paid Search,Google Ads,CMP-1002,Behavioral Health - Non-Brand,Admissions,inpatient mental health treatment,inpatient mental health treatment,Exact,https://harborridge.example.test/admissions,CA,34.4,0,Google Ads,System-Observed
TOUCH-000285,,2026-05-04T18:12:41,Paid Search,Google Ads,CMP-1002,Behavioral Health - Non-Brand,Residential Programs,inpatient mental health treatment,inpatient mental health treatment,Broad,https://harborridge.example.test/admissions,CA,20.1,0,Google Ads,System-Observed
TOUCH-000286,,2026-05-01T11:16:46,Paid Search,Google Ads,CMP-1002,Behavioral Health - Non-Brand,Family Support,family intervention help,family intervention help,Broad,https://harborridge.example.test/admissions,NY,32.9,0,Google Ads,System-Observed
TOUCH-000287,,2026-05-07T15:10:02,Paid Search,Google Ads,CMP-1002,Behavioral Health - Non-Brand,Admissions,detox center near me,detox center near me,Phrase,https://harborridge.example.test/admissions,UT,36.61,0,Google Ads,System-Observed
TOUCH-000288,,2026-05-26T18:48:29,Paid Search,Google Ads,CMP-1004,Residential Treatment - Geo,Admissions,detox center near me,detox center near me,Exact,https://harborridge.example.test/admissions,OR,44.67,0,Google Ads,System-Observed
TOUCH-000289,,2026-05-31T07:40:10,Paid Search,Google Ads,CMP-1002,Behavioral Health - Non-Brand,Detox Programs,residential treatment center,residential treatment center,Phrase,https://harborridge.example.test/admissions,TX,14.49,0,Google Ads,System-Observed
TOUCH-000290,,2026-05-17T12:56:32,Paid Search,Google Ads,CMP-1005,Family Crisis - Non-Brand,Admissions,behavioral health treatment near me,behavioral health treatment near me,Exact,https://harborridge.example.test/admissions,NV,21.52,0,Google Ads,System-Observed
TOUCH-000291,,2026-05-29T13:25:38,Paid Search,Google Ads,CMP-1001,Behavioral Health - Brand,Admissions,inpatient mental health treatment,inpatient mental health treatment,Phrase,https://harborridge.example.test/admissions,WA,32.21,0,Google Ads,System-Observed
TOUCH-000292,,2026-05-27T18:43:17,Paid Search,Google Ads,CMP-1001,Behavioral Health - Brand,Family Support,inpatient mental health treatment,inpatient mental health treatment,Exact,https://harborridge.example.test/admissions,CO,26.09,0,Google Ads,System-Observed
TOUCH-000293,,2026-05-01T14:55:42,Paid Search,Google Ads,CMP-1004,Residential Treatment - Geo,Admissions,detox center near me,detox center near me,Exact,https://harborridge.example.test/admissions,UT,16.72,0,Google Ads,System-Observed
TOUCH-000294,,2026-05-16T14:29:47,Paid Search,Google Ads,CMP-1003,Detox Near Me - Geo,Residential Programs,inpatient mental health treatment,inpatient mental health treatment,Exact,https://harborridge.example.test/admissions,CO,27.89,0,Google Ads,System-Observed
TOUCH-000295,,2026-05-05T19:57:53,Paid Search,Google Ads,CMP-1003,Detox Near Me - Geo,Family Support,residential treatment center,residential treatment center,Broad,https://harborridge.example.test/admissions,OR,27.65,0,Google Ads,System-Observed
TOUCH-000296,,2026-05-28T07:40:55,Paid Search,Google Ads,CMP-1004,Residential Treatment - Geo,Detox Programs,detox center near me,detox center near me,Broad,https://harborridge.example.test/admissions,UT,43.79,0,Google Ads,System-Observed
TOUCH-000297,,2026-05-15T13:10:30,Paid Search,Google Ads,CMP-1004,Residential Treatment - Geo,Residential Programs,substance abuse treatment options,substance abuse treatment options,Broad,https://harborridge.example.test/admissions,WA,25.55,0,Google Ads,System-Observed
TOUCH-000298,,2026-05-28T17:22:21,Paid Search,Google Ads,CMP-1005,Family Crisis - Non-Brand,Residential Programs,residential treatment center,residential treatment center,Broad,https://harborridge.example.test/admissions,CO,41.32,0,Google Ads,System-Observed
TOUCH-000299,,2026-05-04T15:22:25,Paid Search,Google Ads,CMP-1004,Residential Treatment - Geo,Admissions,detox center near me,detox center near me,Broad,https://harborridge.example.test/admissions,AZ,43.09,0,Google Ads,System-Observed
TOUCH-000300,,2026-05-17T13:00:07,Paid Search,Google Ads,CMP-1001,Behavioral Health - Brand,Family Support,residential treatment center,residential treatment center,Phrase,https://harborridge.example.test/admissions,TX,29.07,0,Google Ads,System-Observed
TOUCH-000301,,2026-05-26T16:00:31,Paid Search,Google Ads,CMP-1001,Behavioral Health - Brand,Residential Programs,residential treatment center,residential treatment center,Broad,https://harborridge.example.test/admissions,TX,31.08,0,Google Ads,System-Observed
TOUCH-000302,,2026-05-17T14:24:33,Paid Search,Google Ads,CMP-1005,Family Crisis - Non-Brand,Admissions,behavioral health treatment near me,behavioral health treatment near me,Exact,https://harborridge.example.test/admissions,CA,44.17,0,Google Ads,System-Observed
TOUCH-000303,,2026-05-12T12:36:42,Paid Search,Google Ads,CMP-1003,Detox Near Me - Geo,Detox Programs,family intervention help,family intervention help,Broad,https://harborridge.example.test/admissions,NV,36.39,0,Google Ads,System-Observed
TOUCH-000304,,2026-05-26T16:24:49,Paid Search,Google Ads,CMP-1005,Family Crisis - Non-Brand,Detox Programs,substance abuse treatment options,substance abuse treatment options,Exact,https://harborridge.example.test/admissions,WA,31.76,0,Google Ads,System-Observed
TOUCH-000305,,2026-05-08T14:33:04,Paid Search,Google Ads,CMP-1002,Behavioral Health - Non-Brand,Detox Programs,behavioral health treatment near me,behavioral health treatment near me,Exact,https://harborridge.example.test/admissions,CO,43.46,0,Google Ads,System-Observed
TOUCH-000306,,2026-05-16T15:26:34,Paid Search,Google Ads,CMP-1002,Behavioral Health - Non-Brand,Detox Programs,inpatient mental health treatment,inpatient mental health treatment,Phrase,https://harborridge.example.test/admissions,NY,32.96,0,Google Ads,System-Observed
TOUCH-000307,,2026-05-10T14:48:17,Paid Search,Google Ads,CMP-1003,Detox Near Me - Geo,Family Support,detox center near me,detox center near me,Exact,https://harborridge.example.test/admissions,OR,21.81,0,Google Ads,System-Observed
TOUCH-000308,,2026-05-23T07:32:30,Paid Search,Google Ads,CMP-1002,Behavioral Health - Non-Brand,Admissions,behavioral health treatment near me,behavioral health treatment near me,Broad,https://harborridge.example.test/admissions,UT,14.18,0,Google Ads,System-Observed
TOUCH-000309,,2026-05-15T17:25:53,Paid Search,Google Ads,CMP-1003,Detox Near Me - Geo,Admissions,family intervention help,family intervention help,Broad,https://harborridge.example.test/admissions,CA,14.91,0,Google Ads,System-Observed
TOUCH-000310,,2026-05-01T14:04:21,Paid Search,Google Ads,CMP-1003,Detox Near Me - Geo,Detox Programs,inpatient mental health treatment,inpatient mental health treatment,Phrase,https://harborridge.example.test/admissions,TX,14.05,0,Google Ads,System-Observed
TOUCH-000311,,2026-05-22T07:21:11,Paid Search,Google Ads,CMP-1002,Behavioral Health - Non-Brand,Family Support,substance abuse treatment options,substance abuse treatment options,Broad,https://harborridge.example.test/admissions,OR,42.33,0,Google Ads,System-Observed
TOUCH-000312,,2026-05-23T11:33:09,Paid Search,Google Ads,CMP-1003,Detox Near Me - Geo,Detox Programs,behavioral health treatment near me,behavioral health treatment near me,Broad,https://harborridge.example.test/admissions,AZ,17.79,0,Google Ads,System-Observed
TOUCH-000313,,2026-05-03T14:27:26,Paid Search,Google Ads,CMP-1005,Family Crisis - Non-Brand,Residential Programs,behavioral health treatment near me,behavioral health treatment near me,Broad,https://harborridge.example.test/admissions,WA,32.25,0,Google Ads,System-Observed
TOUCH-000314,,2026-05-21T14:45:38,Paid Search,Google Ads,CMP-1003,Detox Near Me - Geo,Family Support,inpatient mental health treatment,inpatient mental health treatment,Broad,https://harborridge.example.test/admissions,FL,20.03,0,Google Ads,System-Observed
TOUCH-000315,,2026-05-09T13:45:43,Paid Search,Google Ads,CMP-1003,Detox Near Me - Geo,Family Support,inpatient mental health treatment,inpatient mental health treatment,Broad,https://harborridge.example.test/admissions,UT,18.22,0,Google Ads,System-Observed
TOUCH-000316,,2026-05-28T15:00:45,Paid Search,Google Ads,CMP-1003,Detox Near Me - Geo,Residential Programs,detox center near me,detox center near me,Exact,https://harborridge.example.test/admissions,UT,27.44,0,Google Ads,System-Observed
TOUCH-000317,,2026-05-05T15:12:38,Paid Search,Google Ads,CMP-1005,Family Crisis - Non-Brand,Family Support,family intervention help,family intervention help,Phrase,https://harborridge.example.test/admissions,CA,39.89,0,Google Ads,System-Observed
TOUCH-000318,,2026-05-16T11:25:28,Paid Search,Google Ads,CMP-1001,Behavioral Health - Brand,Residential Programs,inpatient mental health treatment,inpatient mental health treatment,Broad,https://harborridge.example.test/admissions,CO,40.52,0,Google Ads,System-Observed
TOUCH-000319,,2026-05-07T15:31:42,Paid Search,Google Ads,CMP-1003,Detox Near Me - Geo,Residential Programs,detox center near me,detox center near me,Phrase,https://harborridge.example.test/admissions,FL,14.55,0,Google Ads,System-Observed
TOUCH-000320,,2026-05-24T15:22:20,Paid Search,Google Ads,CMP-1002,Behavioral Health - Non-Brand,Residential Programs,detox center near me,detox center near me,Phrase,https://harborridge.example.test/admissions,NY,19.83,0,Google Ads,System-Observed
TOUCH-000321,,2026-05-26T18:39:53,Paid Search,Google Ads,CMP-1004,Residential Treatment - Geo,Detox Programs,detox center near me,detox center near me,Exact,https://harborridge.example.test/admissions,AZ,33.73,0,Google Ads,System-Observed
TOUCH-000322,,2026-05-30T12:34:24,Paid Search,Google Ads,CMP-1001,Behavioral Health - Brand,Detox Programs,inpatient mental health treatment,inpatient mental health treatment,Phrase,https://harborridge.example.test/admissions,FL,28.29,0,Google Ads,System-Observed
TOUCH-000323,,2026-05-16T07:46:46,Paid Search,Google Ads,CMP-1003,Detox Near Me - Geo,Residential Programs,family intervention help,family intervention help,Phrase,https://harborridge.example.test/admissions,WA,42.47,0,Google Ads,System-Observed
TOUCH-000324,,2026-05-02T10:45:56,Paid Search,Google Ads,CMP-1005,Family Crisis - Non-Brand,Detox Programs,substance abuse treatment options,substance abuse treatment options,Phrase,https://harborridge.example.test/admissions,OR,33.68,0,Google Ads,System-Observed
TOUCH-000325,,2026-05-01T12:02:12,Paid Search,Google Ads,CMP-1001,Behavioral Health - Brand,Admissions,detox center near me,detox center near me,Broad,https://harborridge.example.test/admissions,AZ,21.54,0,Google Ads,System-Observed
TOUCH-000326,,2026-05-11T12:16:50,Paid Search,Google Ads,CMP-1004,Residential Treatment - Geo,Detox Programs,substance abuse treatment options,substance abuse treatment options,Phrase,https://harborridge.example.test/admissions,FL,40.61,0,Google Ads,System-Observed
TOUCH-000327,,2026-05-11T14:22:42,Paid Search,Google Ads,CMP-1005,Family Crisis - Non-Brand,Family Support,family intervention help,family intervention help,Broad,https://harborridge.example.test/admissions,CA,24.2,0,Google Ads,System-Observed
TOUCH-000328,,2026-05-23T08:14:58,Paid Search,Google Ads,CMP-1005,Family Crisis - Non-Brand,Detox Programs,inpatient mental health treatment,inpatient mental health treatment,Phrase,https://harborridge.example.test/admissions,UT,27.52,0,Google Ads,System-Observed
TOUCH-000329,,2026-05-13T09:31:08,Paid Search,Google Ads,CMP-1002,Behavioral Health - Non-Brand,Family Support,substance abuse treatment options,substance abuse treatment options,Exact,https://harborridge.example.test/admissions,OR,32.95,0,Google Ads,System-Observed
TOUCH-000330,,2026-05-14T08:35:15,Paid Search,Google Ads,CMP-1004,Residential Treatment - Geo,Admissions,inpatient mental health treatment,inpatient mental health treatment,Broad,https://harborridge.example.test/admissions,NY,24.95,0,Google Ads,System-Observed
TOUCH-000331,,2026-05-13T10:39:03,Paid Search,Google Ads,CMP-1005,Family Crisis - Non-Brand,Detox Programs,family intervention help,family intervention help,Exact,https://harborridge.example.test/admissions,AZ,23.08,0,Google Ads,System-Observed
TOUCH-000332,,2026-05-07T18:51:44,Paid Search,Google Ads,CMP-1001,Behavioral Health - Brand,Residential Programs,inpatient mental health treatment,inpatient mental health treatment,Exact,https://harborridge.example.test/admissions,TX,16.59,0,Google Ads,System-Observed
TOUCH-000333,,2026-05-31T12:02:17,Paid Search,Google Ads,CMP-1004,Residential Treatment - Geo,Residential Programs,inpatient mental health treatment,inpatient mental health treatment,Broad,https://harborridge.example.test/admissions,AZ,44.7,0,Google Ads,System-Observed
TOUCH-000334,,2026-05-04T09:15:42,Paid Search,Google Ads,CMP-1002,Behavioral Health - Non-Brand,Residential Programs,family intervention help,family intervention help,Exact,https://harborridge.example.test/admissions,AZ,44.6,0,Google Ads,System-Observed
TOUCH-000335,,2026-05-01T18:55:57,Paid Search,Google Ads,CMP-1003,Detox Near Me - Geo,Detox Programs,inpatient mental health treatment,inpatient mental health treatment,Exact,https://harborridge.example.test/admissions,CO,26.69,0,Google Ads,System-Observed
TOUCH-000336,,2026-05-02T17:27:25,Paid Search,Google Ads,CMP-1002,Behavioral Health - Non-Brand,Admissions,family intervention help,family intervention help,Broad,https://harborridge.example.test/admissions,CO,36.08,0,Google Ads,System-Observed
TOUCH-000337,,2026-05-30T16:53:55,Paid Search,Google Ads,CMP-1002,Behavioral Health - Non-Brand,Residential Programs,substance abuse treatment options,substance abuse treatment options,Exact,https://harborridge.example.test/admissions,OR,21.58,0,Google Ads,System-Observed
TOUCH-000338,,2026-05-28T08:47:19,Paid Search,Google Ads,CMP-1001,Behavioral Health - Brand,Admissions,family intervention help,family intervention help,Exact,https://harborridge.example.test/admissions,NY,21.5,0,Google Ads,System-Observed
TOUCH-000339,,2026-05-27T11:06:51,Paid Search,Google Ads,CMP-1002,Behavioral Health - Non-Brand,Admissions,detox center near me,detox center near me,Exact,https://harborridge.example.test/admissions,AZ,40.7,0,Google Ads,System-Observed
TOUCH-000340,,2026-05-12T16:23:49,Paid Search,Google Ads,CMP-1004,Residential Treatment - Geo,Detox Programs,family intervention help,family intervention help,Exact,https://harborridge.example.test/admissions,NY,42.27,0,Google Ads,System-Observed
TOUCH-000341,,2026-05-03T15:57:13,Paid Search,Google Ads,CMP-1003,Detox Near Me - Geo,Family Support,substance abuse treatment options,substance abuse treatment options,Phrase,https://harborridge.example.test/admissions,TX,44.13,0,Google Ads,System-Observed
TOUCH-000342,,2026-05-06T16:13:44,Paid Search,Google Ads,CMP-1005,Family Crisis - Non-Brand,Admissions,inpatient mental health treatment,inpatient mental health treatment,Exact,https://harborridge.example.test/admissions,TX,26.23,0,Google Ads,System-Observed
TOUCH-000343,,2026-05-23T07:04:18,Paid Search,Google Ads,CMP-1001,Behavioral Health - Brand,Detox Programs,substance abuse treatment options,substance abuse treatment options,Broad,https://harborridge.example.test/admissions,UT,42.37,0,Google Ads,System-Observed
TOUCH-000344,,2026-05-22T07:52:54,Paid Search,Google Ads,CMP-1003,Detox Near Me - Geo,Residential Programs,inpatient mental health treatment,inpatient mental health treatment,Phrase,https://harborridge.example.test/admissions,NV,26.7,0,Google Ads,System-Observed
TOUCH-000345,,2026-05-16T16:46:16,Paid Search,Google Ads,CMP-1004,Residential Treatment - Geo,Admissions,detox center near me,detox center near me,Phrase,https://harborridge.example.test/admissions,TX,21.67,0,Google Ads,System-Observed
TOUCH-000346,,2026-05-05T10:49:26,Paid Search,Google Ads,CMP-1005,Family Crisis - Non-Brand,Residential Programs,behavioral health treatment near me,behavioral health treatment near me,Broad,https://harborridge.example.test/admissions,CO,15.04,0,Google Ads,System-Observed
TOUCH-000347,,2026-05-23T15:24:27,Paid Search,Google Ads,CMP-1003,Detox Near Me - Geo,Admissions,family intervention help,family intervention help,Broad,https://harborridge.example.test/admissions,NY,19.62,0,Google Ads,System-Observed
TOUCH-000348,,2026-05-22T10:10:56,Paid Search,Google Ads,CMP-1002,Behavioral Health - Non-Brand,Admissions,detox center near me,detox center near me,Broad,https://harborridge.example.test/admissions,TX,26.52,0,Google Ads,System-Observed
TOUCH-000349,,2026-05-20T17:25:55,Paid Search,Microsoft Ads,CMP-2002,Residential Treatment - Geo (Bing),Family Support,inpatient mental health treatment,inpatient mental health treatment,Phrase,https://harborridge.example.test/admissions,CA,11.16,0,Microsoft Ads,System-Observed
TOUCH-000350,,2026-05-15T11:03:22,Paid Search,Microsoft Ads,CMP-2001,Behavioral Health - Brand (Bing),Family Support,family intervention help,family intervention help,Exact,https://harborridge.example.test/admissions,CO,17.72,0,Microsoft Ads,System-Observed
TOUCH-000351,,2026-05-18T17:04:15,Paid Search,Microsoft Ads,CMP-2001,Behavioral Health - Brand (Bing),Detox Programs,inpatient mental health treatment,inpatient mental health treatment,Exact,https://harborridge.example.test/admissions,NV,29.82,0,Microsoft Ads,System-Observed
TOUCH-000352,,2026-05-17T19:39:39,Paid Search,Microsoft Ads,CMP-2002,Residential Treatment - Geo (Bing),Family Support,residential treatment center,residential treatment center,Phrase,https://harborridge.example.test/admissions,UT,22.98,0,Microsoft Ads,System-Observed
TOUCH-000353,,2026-05-02T07:01:30,Paid Search,Microsoft Ads,CMP-2002,Residential Treatment - Geo (Bing),Family Support,family intervention help,family intervention help,Broad,https://harborridge.example.test/admissions,AZ,20.75,0,Microsoft Ads,System-Observed
TOUCH-000354,,2026-05-01T10:20:39,Paid Search,Microsoft Ads,CMP-2001,Behavioral Health - Brand (Bing),Admissions,family intervention help,family intervention help,Broad,https://harborridge.example.test/admissions,AZ,13.41,0,Microsoft Ads,System-Observed
TOUCH-000355,,2026-05-11T14:41:59,Paid Search,Microsoft Ads,CMP-2001,Behavioral Health - Brand (Bing),Residential Programs,family intervention help,family intervention help,Phrase,https://harborridge.example.test/admissions,NV,29.05,0,Microsoft Ads,System-Observed
TOUCH-000356,,2026-05-02T07:37:45,Paid Search,Microsoft Ads,CMP-2002,Residential Treatment - Geo (Bing),Family Support,substance abuse treatment options,substance abuse treatment options,Phrase,https://harborridge.example.test/admissions,FL,27.71,0,Microsoft Ads,System-Observed
TOUCH-000357,,2026-05-03T09:08:06,Paid Search,Microsoft Ads,CMP-2001,Behavioral Health - Brand (Bing),Residential Programs,inpatient mental health treatment,inpatient mental health treatment,Broad,https://harborridge.example.test/admissions,FL,22.85,0,Microsoft Ads,System-Observed
TOUCH-000358,,2026-05-04T07:34:39,Paid Search,Microsoft Ads,CMP-2001,Behavioral Health - Brand (Bing),Residential Programs,behavioral health treatment near me,behavioral health treatment near me,Broad,https://harborridge.example.test/admissions,NY,16.02,0,Microsoft Ads,System-Observed
TOUCH-000359,,2026-05-07T17:15:08,Paid Search,Microsoft Ads,CMP-2001,Behavioral Health - Brand (Bing),Detox Programs,detox center near me,detox center near me,Broad,https://harborridge.example.test/admissions,NY,25.36,0,Microsoft Ads,System-Observed
TOUCH-000360,,2026-05-25T19:45:42,Paid Search,Microsoft Ads,CMP-2002,Residential Treatment - Geo (Bing),Admissions,residential treatment center,residential treatment center,Exact,https://harborridge.example.test/admissions,FL,14.04,0,Microsoft Ads,System-Observed
TOUCH-000361,,2026-05-31T08:44:15,Paid Social,Meta,CMP-3002,Recovery Journey - Lookalike,Family Support,,,,https://harborridge.example.test/family-support,FL,11.34,0,Meta,System-Observed
TOUCH-000362,,2026-05-24T20:09:32,Paid Social,Meta,CMP-3003,Local Community Awareness,Family Support,,,,https://harborridge.example.test/family-support,CA,13.83,0,Meta,System-Observed
TOUCH-000363,,2026-05-01T08:51:34,Paid Social,Meta,CMP-3001,Family Support Awareness,Family Support,,,,https://harborridge.example.test/family-support,CO,3.94,0,Meta,System-Observed
TOUCH-000364,,2026-05-08T20:06:33,Paid Social,Meta,CMP-3001,Family Support Awareness,Family Support,,,,https://harborridge.example.test/family-support,WA,6.7,0,Meta,System-Observed
TOUCH-000365,,2026-05-07T19:50:11,Paid Social,Meta,CMP-3002,Recovery Journey - Lookalike,Family Support,,,,https://harborridge.example.test/family-support,OR,4.38,0,Meta,System-Observed
TOUCH-000366,,2026-05-24T08:21:33,Paid Social,Meta,CMP-3001,Family Support Awareness,Community Awareness,,,,https://harborridge.example.test/family-support,NY,3.83,0,Meta,System-Observed
TOUCH-000367,,2026-05-13T19:11:48,Paid Social,Meta,CMP-3001,Family Support Awareness,Community Awareness,,,,https://harborridge.example.test/family-support,NV,12.25,0,Meta,System-Observed
TOUCH-000368,,2026-05-11T19:17:42,Paid Social,Meta,CMP-3002,Recovery Journey - Lookalike,Community Awareness,,,,https://harborridge.example.test/family-support,NV,13.91,0,Meta,System-Observed
TOUCH-000369,,2026-05-29T12:05:44,Paid Social,Meta,CMP-3001,Family Support Awareness,Family Support,,,,https://harborridge.example.test/family-support,WA,7.25,0,Meta,System-Observed
TOUCH-000370,,2026-05-21T16:30:40,Paid Social,Meta,CMP-3001,Family Support Awareness,Community Awareness,,,,https://harborridge.example.test/family-support,TX,13.83,0,Meta,System-Observed
TOUCH-000371,,2026-05-06T09:43:03,Paid Social,Meta,CMP-3003,Local Community Awareness,Family Support,,,,https://harborridge.example.test/family-support,FL,14.06,0,Meta,System-Observed
TOUCH-000372,,2026-05-06T19:56:12,Paid Social,Meta,CMP-3001,Family Support Awareness,Community Awareness,,,,https://harborridge.example.test/family-support,NV,15.0,0,Meta,System-Observed
TOUCH-000373,,2026-05-16T17:01:07,Paid Social,Meta,CMP-3001,Family Support Awareness,Family Support,,,,https://harborridge.example.test/family-support,NV,4.5,0,Meta,System-Observed
TOUCH-000374,,2026-05-12T19:38:20,Paid Social,Meta,CMP-3001,Family Support Awareness,Community Awareness,,,,https://harborridge.example.test/family-support,AZ,4.66,0,Meta,System-Observed
TOUCH-000375,,2026-05-17T16:01:40,Paid Social,Meta,CMP-3001,Family Support Awareness,Family Support,,,,https://harborridge.example.test/family-support,WA,13.34,0,Meta,System-Observed
TOUCH-000376,,2026-05-06T12:10:29,Paid Social,Meta,CMP-3003,Local Community Awareness,Family Support,,,,https://harborridge.example.test/family-support,NY,13.7,0,Meta,System-Observed
TOUCH-000377,,2026-05-13T09:54:25,Paid Social,Meta,CMP-3001,Family Support Awareness,Community Awareness,,,,https://harborridge.example.test/family-support,TX,6.21,0,Meta,System-Observed
TOUCH-000378,,2026-05-28T19:17:56,Paid Social,Meta,CMP-3001,Family Support Awareness,Community Awareness,,,,https://harborridge.example.test/family-support,TX,12.72,0,Meta,System-Observed
TOUCH-000379,,2026-05-02T15:04:52,Paid Social,Meta,CMP-3002,Recovery Journey - Lookalike,Family Support,,,,https://harborridge.example.test/family-support,OR,11.07,0,Meta,System-Observed
TOUCH-000380,,2026-05-15T15:08:55,Paid Social,Meta,CMP-3003,Local Community Awareness,Community Awareness,,,,https://harborridge.example.test/family-support,NV,3.77,0,Meta,System-Observed
TOUCH-000381,,2026-05-20T15:15:06,Paid Social,Meta,CMP-3001,Family Support Awareness,Family Support,,,,https://harborridge.example.test/family-support,NY,13.3,0,Meta,System-Observed
TOUCH-000382,,2026-05-05T09:27:42,Paid Social,Meta,CMP-3001,Family Support Awareness,Family Support,,,,https://harborridge.example.test/family-support,FL,10.2,0,Meta,System-Observed
TOUCH-000383,,2026-05-01T16:54:46,Paid Social,Meta,CMP-3003,Local Community Awareness,Community Awareness,,,,https://harborridge.example.test/family-support,AZ,10.29,0,Meta,System-Observed
TOUCH-000384,,2026-05-25T16:20:01,Paid Social,Meta,CMP-3001,Family Support Awareness,Community Awareness,,,,https://harborridge.example.test/family-support,NV,10.08,0,Meta,System-Observed
TOUCH-000385,,2026-05-15T17:34:38,Paid Social,Meta,CMP-3002,Recovery Journey - Lookalike,Community Awareness,,,,https://harborridge.example.test/family-support,NY,7.94,0,Meta,System-Observed
TOUCH-000386,,2026-05-04T16:38:27,Paid Social,Meta,CMP-3002,Recovery Journey - Lookalike,Community Awareness,,,,https://harborridge.example.test/family-support,NY,4.96,0,Meta,System-Observed
TOUCH-000387,,2026-05-26T14:25:01,Paid Social,Meta,CMP-3002,Recovery Journey - Lookalike,Community Awareness,,,,https://harborridge.example.test/family-support,NV,9.27,0,Meta,System-Observed
TOUCH-000388,,2026-05-28T12:10:32,Paid Social,Meta,CMP-3002,Recovery Journey - Lookalike,Family Support,,,,https://harborridge.example.test/family-support,CA,10.33,0,Meta,System-Observed
TOUCH-000389,,2026-05-12T18:20:02,Paid Social,Meta,CMP-3002,Recovery Journey - Lookalike,Family Support,,,,https://harborridge.example.test/family-support,AZ,12.4,0,Meta,System-Observed
TOUCH-000390,,2026-05-31T15:28:15,Paid Social,Meta,CMP-3002,Recovery Journey - Lookalike,Family Support,,,,https://harborridge.example.test/family-support,FL,5.46,0,Meta,System-Observed
TOUCH-000391,,2026-05-25T17:37:52,Paid Social,Meta,CMP-3003,Local Community Awareness,Community Awareness,,,,https://harborridge.example.test/family-support,NV,14.42,0,Meta,System-Observed
TOUCH-000392,,2026-05-13T19:17:17,Paid Social,Meta,CMP-3002,Recovery Journey - Lookalike,Community Awareness,,,,https://harborridge.example.test/family-support,FL,13.13,0,Meta,System-Observed
TOUCH-000393,,2026-05-13T09:13:05,Paid Social,Meta,CMP-3001,Family Support Awareness,Family Support,,,,https://harborridge.example.test/family-support,NY,7.99,0,Meta,System-Observed
TOUCH-000394,,2026-05-19T14:46:44,Paid Social,Meta,CMP-3003,Local Community Awareness,Family Support,,,,https://harborridge.example.test/family-support,WA,7.79,0,Meta,System-Observed
TOUCH-000395,,2026-05-06T09:03:19,Paid Social,Meta,CMP-3002,Recovery Journey - Lookalike,Community Awareness,,,,https://harborridge.example.test/family-support,AZ,14.99,0,Meta,System-Observed
TOUCH-000396,,2026-05-19T10:32:50,Paid Social,Meta,CMP-3001,Family Support Awareness,Family Support,,,,https://harborridge.example.test/family-support,NV,7.63,0,Meta,System-Observed
TOUCH-000397,,2026-05-22T10:54:06,Paid Social,Meta,CMP-3002,Recovery Journey - Lookalike,Family Support,,,,https://harborridge.example.test/family-support,CO,9.44,0,Meta,System-Observed
TOUCH-000398,,2026-05-04T13:15:29,Paid Social,Meta,CMP-3001,Family Support Awareness,Family Support,,,,https://harborridge.example.test/family-support,FL,10.3,0,Meta,System-Observed
TOUCH-000399,,2026-05-31T15:48:38,Paid Social,Meta,CMP-3001,Family Support Awareness,Family Support,,,,https://harborridge.example.test/family-support,NV,13.4,0,Meta,System-Observed
TOUCH-000400,,2026-05-28T12:12:05,Paid Social,Meta,CMP-3001,Family Support Awareness,Family Support,,,,https://harborridge.example.test/family-support,TX,11.04,0,Meta,System-Observed
TOUCH-000401,,2026-05-20T16:14:05,Paid Social,Meta,CMP-3002,Recovery Journey - Lookalike,Community Awareness,,,,https://harborridge.example.test/family-support,WA,11.88,0,Meta,System-Observed
TOUCH-000402,,2026-05-30T13:40:56,Paid Social,Meta,CMP-3002,Recovery Journey - Lookalike,Family Support,,,,https://harborridge.example.test/family-support,CO,10.71,0,Meta,System-Observed
TOUCH-000403,,2026-05-02T13:59:57,Paid Social,Meta,CMP-3002,Recovery Journey - Lookalike,Family Support,,,,https://harborridge.example.test/family-support,TX,4.91,0,Meta,System-Observed
TOUCH-000404,,2026-05-13T12:19:59,Paid Social,Meta,CMP-3002,Recovery Journey - Lookalike,Family Support,,,,https://harborridge.example.test/family-support,NV,6.18,0,Meta,System-Observed
TOUCH-000405,,2026-05-14T11:17:50,Paid Social,Meta,CMP-3003,Local Community Awareness,Family Support,,,,https://harborridge.example.test/family-support,TX,13.82,0,Meta,System-Observed
TOUCH-000406,,2026-05-15T14:12:48,Paid Social,Meta,CMP-3002,Recovery Journey - Lookalike,Community Awareness,,,,https://harborridge.example.test/family-support,NY,4.77,0,Meta,System-Observed
TOUCH-000407,,2026-05-04T11:29:07,Paid Social,Meta,CMP-3003,Local Community Awareness,Family Support,,,,https://harborridge.example.test/family-support,TX,11.35,0,Meta,System-Observed
TOUCH-000408,,2026-05-22T14:59:22,Paid Social,Meta,CMP-3002,Recovery Journey - Lookalike,Community Awareness,,,,https://harborridge.example.test/family-support,NV,7.21,0,Meta,System-Observed
TOUCH-000409,,2026-05-28T07:22:45,Paid Social,Meta,CMP-3003,Local Community Awareness,Community Awareness,,,,https://harborridge.example.test/family-support,WA,7.0,0,Meta,System-Observed
TOUCH-000410,,2026-05-26T12:23:28,Paid Social,Meta,CMP-3003,Local Community Awareness,Community Awareness,,,,https://harborridge.example.test/family-support,TX,6.22,0,Meta,System-Observed
TOUCH-000411,,2026-05-14T08:19:29,Paid Social,Meta,CMP-3001,Family Support Awareness,Family Support,,,,https://harborridge.example.test/family-support,TX,10.23,0,Meta,System-Observed
TOUCH-000412,,2026-05-19T14:04:16,Paid Social,Meta,CMP-3002,Recovery Journey - Lookalike,Family Support,,,,https://harborridge.example.test/family-support,OR,12.28,0,Meta,System-Observed
TOUCH-000413,,2026-05-25T17:20:54,Paid Social,Meta,CMP-3002,Recovery Journey - Lookalike,Family Support,,,,https://harborridge.example.test/family-support,NV,7.26,0,Meta,System-Observed
TOUCH-000414,,2026-05-12T08:37:31,Paid Social,Meta,CMP-3003,Local Community Awareness,Community Awareness,,,,https://harborridge.example.test/family-support,WA,11.95,0,Meta,System-Observed
TOUCH-000415,,2026-05-23T11:17:55,Paid Social,Meta,CMP-3003,Local Community Awareness,Community Awareness,,,,https://harborridge.example.test/family-support,WA,4.9,0,Meta,System-Observed
TOUCH-000416,,2026-05-08T12:57:14,Paid Social,Meta,CMP-3001,Family Support Awareness,Family Support,,,,https://harborridge.example.test/family-support,NV,6.49,0,Meta,System-Observed
TOUCH-000417,,2026-05-30T07:23:31,Paid Social,Meta,CMP-3003,Local Community Awareness,Family Support,,,,https://harborridge.example.test/family-support,CO,8.68,0,Meta,System-Observed
TOUCH-000418,,2026-05-08T08:49:15,Paid Social,Meta,CMP-3002,Recovery Journey - Lookalike,Family Support,,,,https://harborridge.example.test/family-support,FL,3.35,0,Meta,System-Observed
TOUCH-000419,,2026-05-27T16:57:04,Paid Social,Meta,CMP-3002,Recovery Journey - Lookalike,Community Awareness,,,,https://harborridge.example.test/family-support,UT,13.59,0,Meta,System-Observed
TOUCH-000420,,2026-05-13T17:05:50,Paid Social,Meta,CMP-3003,Local Community Awareness,Family Support,,,,https://harborridge.example.test/family-support,UT,5.16,0,Meta,System-Observed
TOUCH-000421,,2026-05-30T17:02:25,Paid Social,Meta,CMP-3002,Recovery Journey - Lookalike,Family Support,,,,https://harborridge.example.test/family-support,UT,8.14,0,Meta,System-Observed
TOUCH-000422,,2026-05-04T16:29:50,Paid Social,Meta,CMP-3002,Recovery Journey - Lookalike,Community Awareness,,,,https://harborridge.example.test/family-support,OR,9.55,0,Meta,System-Observed
TOUCH-000423,,2026-05-15T07:02:36,Paid Social,Meta,CMP-3002,Recovery Journey - Lookalike,Community Awareness,,,,https://harborridge.example.test/family-support,AZ,6.17,0,Meta,System-Observed
TOUCH-000424,,2026-05-18T20:44:42,Paid Social,Meta,CMP-3003,Local Community Awareness,Community Awareness,,,,https://harborridge.example.test/family-support,TX,7.61,0,Meta,System-Observed
TOUCH-000425,,2026-05-18T11:18:02,Paid Social,Meta,CMP-3001,Family Support Awareness,Community Awareness,,,,https://harborridge.example.test/family-support,OR,10.43,0,Meta,System-Observed
TOUCH-000426,,2026-05-17T17:42:21,Paid Social,Meta,CMP-3001,Family Support Awareness,Family Support,,,,https://harborridge.example.test/family-support,AZ,5.3,0,Meta,System-Observed
TOUCH-000427,,2026-05-16T07:35:03,Paid Social,Meta,CMP-3001,Family Support Awareness,Community Awareness,,,,https://harborridge.example.test/family-support,CO,8.17,0,Meta,System-Observed
TOUCH-000428,,2026-05-10T20:11:01,Paid Social,Meta,CMP-3002,Recovery Journey - Lookalike,Community Awareness,,,,https://harborridge.example.test/family-support,WA,8.66,0,Meta,System-Observed
TOUCH-000429,,2026-05-18T14:37:15,Paid Social,Meta,CMP-3003,Local Community Awareness,Family Support,,,,https://harborridge.example.test/family-support,OR,14.73,0,Meta,System-Observed
TOUCH-000430,,2026-05-06T07:53:29,Paid Social,Meta,CMP-3001,Family Support Awareness,Community Awareness,,,,https://harborridge.example.test/family-support,NY,4.75,0,Meta,System-Observed
TOUCH-000431,,2026-05-08T14:08:16,Organic,Google Organic,,,,,,,https://harborridge.example.test/treatment-programs,NV,,0,Google Analytics,System-Observed
TOUCH-000432,,2026-05-31T08:56:49,Organic,Google Organic,,,,,,,https://harborridge.example.test/treatment-programs,TX,,0,Google Analytics,System-Observed
TOUCH-000433,,2026-05-26T20:57:00,Organic,Google Organic,,,,,,,https://harborridge.example.test/treatment-programs,NY,,0,Google Analytics,System-Observed
TOUCH-000434,,2026-05-28T16:50:27,Organic,Google Organic,,,,,,,https://harborridge.example.test/treatment-programs,FL,,0,Google Analytics,System-Observed
TOUCH-000435,,2026-05-19T15:48:09,Organic,Google Organic,,,,,,,https://harborridge.example.test/treatment-programs,NV,,0,Google Analytics,System-Observed
TOUCH-000436,,2026-05-14T07:37:49,Organic,Google Organic,,,,,,,https://harborridge.example.test/treatment-programs,AZ,,0,Google Analytics,System-Observed
TOUCH-000437,,2026-05-04T11:04:51,Organic,Google Organic,,,,,,,https://harborridge.example.test/treatment-programs,NY,,0,Google Analytics,System-Observed
TOUCH-000438,,2026-05-03T08:24:13,Organic,Google Organic,,,,,,,https://harborridge.example.test/treatment-programs,CA,,0,Google Analytics,System-Observed
TOUCH-000439,,2026-05-12T11:26:48,Organic,Google Organic,,,,,,,https://harborridge.example.test/treatment-programs,NY,,0,Google Analytics,System-Observed
TOUCH-000440,,2026-05-22T10:03:28,Organic,Google Organic,,,,,,,https://harborridge.example.test/treatment-programs,CO,,0,Google Analytics,System-Observed
TOUCH-000441,,2026-05-09T17:37:01,Organic,Google Organic,,,,,,,https://harborridge.example.test/treatment-programs,WA,,0,Google Analytics,System-Observed
TOUCH-000442,,2026-05-13T14:56:48,Organic,Google Organic,,,,,,,https://harborridge.example.test/treatment-programs,WA,,0,Google Analytics,System-Observed
TOUCH-000443,,2026-05-12T07:36:49,Organic,Google Organic,,,,,,,https://harborridge.example.test/treatment-programs,CA,,0,Google Analytics,System-Observed
TOUCH-000444,,2026-05-05T07:09:06,Organic,Google Organic,,,,,,,https://harborridge.example.test/treatment-programs,AZ,,0,Google Analytics,System-Observed
TOUCH-000445,,2026-05-23T15:49:22,Organic,Google Organic,,,,,,,https://harborridge.example.test/treatment-programs,CO,,0,Google Analytics,System-Observed
TOUCH-000446,,2026-05-09T14:37:02,Organic,Google Organic,,,,,,,https://harborridge.example.test/treatment-programs,TX,,0,Google Analytics,System-Observed
TOUCH-000447,,2026-05-13T13:00:33,Organic,Google Organic,,,,,,,https://harborridge.example.test/treatment-programs,WA,,0,Google Analytics,System-Observed
TOUCH-000448,,2026-05-05T08:23:33,Organic,Google Organic,,,,,,,https://harborridge.example.test/treatment-programs,CA,,0,Google Analytics,System-Observed
TOUCH-000449,,2026-05-17T10:29:15,Organic,Google Organic,,,,,,,https://harborridge.example.test/treatment-programs,CO,,0,Google Analytics,System-Observed
TOUCH-000450,,2026-05-17T19:38:36,Organic,Google Organic,,,,,,,https://harborridge.example.test/treatment-programs,CO,,0,Google Analytics,System-Observed
TOUCH-000451,,2026-05-06T16:56:23,Organic,Google Organic,,,,,,,https://harborridge.example.test/treatment-programs,WA,,0,Google Analytics,System-Observed
TOUCH-000452,,2026-05-17T07:56:12,Organic,Google Organic,,,,,,,https://harborridge.example.test/treatment-programs,CO,,0,Google Analytics,System-Observed
TOUCH-000453,,2026-05-20T15:43:41,Organic,Google Organic,,,,,,,https://harborridge.example.test/treatment-programs,AZ,,0,Google Analytics,System-Observed
TOUCH-000454,,2026-05-09T08:17:16,Organic,Google Organic,,,,,,,https://harborridge.example.test/treatment-programs,OR,,0,Google Analytics,System-Observed
TOUCH-000455,,2026-05-14T09:52:42,Organic,Google Organic,,,,,,,https://harborridge.example.test/treatment-programs,CA,,0,Google Analytics,System-Observed
TOUCH-000456,,2026-05-23T10:45:58,Organic,Google Organic,,,,,,,https://harborridge.example.test/treatment-programs,CA,,0,Google Analytics,System-Observed
TOUCH-000457,,2026-05-27T14:51:47,Organic,Google Organic,,,,,,,https://harborridge.example.test/treatment-programs,FL,,0,Google Analytics,System-Observed
TOUCH-000458,,2026-05-05T17:23:56,Organic,Google Organic,,,,,,,https://harborridge.example.test/treatment-programs,CO,,0,Google Analytics,System-Observed
TOUCH-000459,,2026-05-05T11:27:38,Organic,Google Organic,,,,,,,https://harborridge.example.test/treatment-programs,AZ,,0,Google Analytics,System-Observed
TOUCH-000460,,2026-05-24T14:30:01,Organic,Google Organic,,,,,,,https://harborridge.example.test/treatment-programs,FL,,0,Google Analytics,System-Observed
TOUCH-000461,,2026-05-06T13:38:45,Organic,Google Organic,,,,,,,https://harborridge.example.test/treatment-programs,NY,,0,Google Analytics,System-Observed
TOUCH-000462,,2026-05-08T17:43:01,Organic,Google Organic,,,,,,,https://harborridge.example.test/treatment-programs,WA,,0,Google Analytics,System-Observed
TOUCH-000463,,2026-05-26T16:03:54,Organic,Google Organic,,,,,,,https://harborridge.example.test/treatment-programs,UT,,0,Google Analytics,System-Observed
TOUCH-000464,,2026-05-05T15:04:15,Organic,Google Organic,,,,,,,https://harborridge.example.test/treatment-programs,FL,,0,Google Analytics,System-Observed
TOUCH-000465,,2026-05-22T08:51:54,Organic,Google Organic,,,,,,,https://harborridge.example.test/treatment-programs,NY,,0,Google Analytics,System-Observed
TOUCH-000466,,2026-05-17T09:43:33,Organic,Google Organic,,,,,,,https://harborridge.example.test/treatment-programs,NV,,0,Google Analytics,System-Observed
TOUCH-000467,,2026-05-09T07:09:55,Organic,Google Organic,,,,,,,https://harborridge.example.test/treatment-programs,NV,,0,Google Analytics,System-Observed
TOUCH-000468,,2026-05-04T16:50:39,Organic,Google Organic,,,,,,,https://harborridge.example.test/treatment-programs,NV,,0,Google Analytics,System-Observed
TOUCH-000469,,2026-05-27T19:39:20,Organic,Google Organic,,,,,,,https://harborridge.example.test/treatment-programs,AZ,,0,Google Analytics,System-Observed
TOUCH-000470,,2026-05-11T19:55:53,Organic,Google Organic,,,,,,,https://harborridge.example.test/treatment-programs,TX,,0,Google Analytics,System-Observed
TOUCH-000471,,2026-05-05T12:05:31,Organic,Google Organic,,,,,,,https://harborridge.example.test/treatment-programs,UT,,0,Google Analytics,System-Observed
TOUCH-000472,,2026-05-12T19:11:17,Organic,Google Organic,,,,,,,https://harborridge.example.test/treatment-programs,NV,,0,Google Analytics,System-Observed
TOUCH-000473,,2026-05-02T11:05:07,Organic,Google Organic,,,,,,,https://harborridge.example.test/treatment-programs,OR,,0,Google Analytics,System-Observed
TOUCH-000474,,2026-05-06T07:02:42,Organic,Google Organic,,,,,,,https://harborridge.example.test/treatment-programs,NY,,0,Google Analytics,System-Observed
TOUCH-000475,,2026-05-11T13:50:37,Organic,Google Organic,,,,,,,https://harborridge.example.test/treatment-programs,OR,,0,Google Analytics,System-Observed
TOUCH-000476,,2026-05-03T15:35:04,Organic,Google Organic,,,,,,,https://harborridge.example.test/treatment-programs,WA,,0,Google Analytics,System-Observed
TOUCH-000477,,2026-05-14T19:40:49,Organic,Google Organic,,,,,,,https://harborridge.example.test/treatment-programs,NV,,0,Google Analytics,System-Observed
TOUCH-000478,,2026-05-19T07:40:13,Organic,Google Organic,,,,,,,https://harborridge.example.test/treatment-programs,NV,,0,Google Analytics,System-Observed
TOUCH-000479,,2026-05-30T10:16:01,Organic,Google Organic,,,,,,,https://harborridge.example.test/treatment-programs,AZ,,0,Google Analytics,System-Observed
TOUCH-000480,,2026-05-04T16:29:04,Organic,Google Organic,,,,,,,https://harborridge.example.test/treatment-programs,WA,,0,Google Analytics,System-Observed
TOUCH-000481,,2026-05-31T17:14:58,Organic,Google Organic,,,,,,,https://harborridge.example.test/treatment-programs,AZ,,0,Google Analytics,System-Observed
TOUCH-000482,,2026-05-26T19:12:55,Organic,Google Organic,,,,,,,https://harborridge.example.test/treatment-programs,TX,,0,Google Analytics,System-Observed
TOUCH-000483,,2026-05-06T16:27:12,Organic,Google Organic,,,,,,,https://harborridge.example.test/treatment-programs,WA,,0,Google Analytics,System-Observed
TOUCH-000484,,2026-05-19T16:39:59,Organic,Google Organic,,,,,,,https://harborridge.example.test/treatment-programs,CO,,0,Google Analytics,System-Observed
TOUCH-000485,,2026-05-07T17:01:01,Organic,Google Organic,,,,,,,https://harborridge.example.test/treatment-programs,UT,,0,Google Analytics,System-Observed
TOUCH-000486,,2026-05-03T14:18:34,Organic,Google Organic,,,,,,,https://harborridge.example.test/treatment-programs,NY,,0,Google Analytics,System-Observed
TOUCH-000487,,2026-05-14T18:55:29,Organic,Google Organic,,,,,,,https://harborridge.example.test/treatment-programs,CA,,0,Google Analytics,System-Observed
TOUCH-000488,,2026-05-12T18:38:38,Organic,Google Organic,,,,,,,https://harborridge.example.test/treatment-programs,CA,,0,Google Analytics,System-Observed
TOUCH-000489,,2026-05-29T16:54:04,Organic,Google Organic,,,,,,,https://harborridge.example.test/treatment-programs,TX,,0,Google Analytics,System-Observed
TOUCH-000490,,2026-05-30T07:13:22,Organic,Google Organic,,,,,,,https://harborridge.example.test/treatment-programs,TX,,0,Google Analytics,System-Observed
TOUCH-000491,,2026-05-06T17:50:03,Organic,Google Organic,,,,,,,https://harborridge.example.test/treatment-programs,CA,,0,Google Analytics,System-Observed
TOUCH-000492,,2026-05-16T09:22:44,Organic,Google Organic,,,,,,,https://harborridge.example.test/treatment-programs,WA,,0,Google Analytics,System-Observed
TOUCH-000493,,2026-05-08T08:37:39,Organic,Google Organic,,,,,,,https://harborridge.example.test/treatment-programs,NV,,0,Google Analytics,System-Observed
TOUCH-000494,,2026-05-01T14:14:24,Organic,Google Organic,,,,,,,https://harborridge.example.test/treatment-programs,NV,,0,Google Analytics,System-Observed
TOUCH-000495,,2026-05-01T13:44:20,Organic,Google Organic,,,,,,,https://harborridge.example.test/treatment-programs,OR,,0,Google Analytics,System-Observed
TOUCH-000496,,2026-05-02T08:04:22,Organic,Google Organic,,,,,,,https://harborridge.example.test/treatment-programs,OR,,0,Google Analytics,System-Observed
TOUCH-000497,,2026-05-16T11:27:44,Organic,Google Organic,,,,,,,https://harborridge.example.test/treatment-programs,TX,,0,Google Analytics,System-Observed
TOUCH-000498,,2026-05-25T18:11:34,Organic,Google Organic,,,,,,,https://harborridge.example.test/treatment-programs,FL,,0,Google Analytics,System-Observed
TOUCH-000499,,2026-05-29T10:35:53,Organic,Google Organic,,,,,,,https://harborridge.example.test/treatment-programs,FL,,0,Google Analytics,System-Observed
TOUCH-000500,,2026-05-28T13:41:08,Organic,Google Organic,,,,,,,https://harborridge.example.test/treatment-programs,WA,,0,Google Analytics,System-Observed
TOUCH-000501,,2026-05-02T16:42:31,Organic,Google Organic,,,,,,,https://harborridge.example.test/treatment-programs,CO,,0,Google Analytics,System-Observed
TOUCH-000502,,2026-05-17T17:44:10,Organic,Google Organic,,,,,,,https://harborridge.example.test/treatment-programs,WA,,0,Google Analytics,System-Observed
TOUCH-000503,,2026-05-05T18:39:11,Organic,Google Organic,,,,,,,https://harborridge.example.test/treatment-programs,CA,,0,Google Analytics,System-Observed
TOUCH-000504,,2026-05-22T19:35:23,Organic,Google Organic,,,,,,,https://harborridge.example.test/treatment-programs,AZ,,0,Google Analytics,System-Observed
TOUCH-000505,,2026-05-16T14:01:19,Organic,Google Organic,,,,,,,https://harborridge.example.test/treatment-programs,WA,,0,Google Analytics,System-Observed
TOUCH-000506,,2026-05-02T10:54:32,Organic,Google Organic,,,,,,,https://harborridge.example.test/treatment-programs,UT,,0,Google Analytics,System-Observed
TOUCH-000507,,2026-05-08T19:39:39,Organic,Google Organic,,,,,,,https://harborridge.example.test/treatment-programs,FL,,0,Google Analytics,System-Observed
TOUCH-000508,,2026-05-07T14:11:48,Organic,Google Organic,,,,,,,https://harborridge.example.test/treatment-programs,CA,,0,Google Analytics,System-Observed
TOUCH-000509,,2026-05-21T17:01:13,Organic,Google Organic,,,,,,,https://harborridge.example.test/treatment-programs,WA,,0,Google Analytics,System-Observed
TOUCH-000510,,2026-05-09T09:46:28,Organic,Google Organic,,,,,,,https://harborridge.example.test/treatment-programs,NV,,0,Google Analytics,System-Observed
TOUCH-000511,INQ-000230,2026-06-11T15:04:41,Local,GBP,,,,,,,https://harborridge.example.test/contact,NV,,1,GBP,System-Observed
TOUCH-000512,INQ-000231,2026-06-14T08:29:41,Paid Search,Google Ads,CMP-1003,Detox Near Me - Geo,Admissions,behavioral health treatment near me,behavioral health treatment near me,Phrase,https://harborridge.example.test/admissions,CA,23.65,1,Google Ads,System-Observed
TOUCH-000513,INQ-000232,2026-06-13T10:06:52,Organic,Google Organic,,,,,,,https://harborridge.example.test/treatment-programs,OR,,1,Google Organic,System-Observed
TOUCH-000514,INQ-000233,2026-06-12T11:53:53,Organic,Google Organic,,,,,,,https://harborridge.example.test/treatment-programs,UT,,1,Google Organic,System-Observed
TOUCH-000515,INQ-000235,2026-06-23T17:03:52,Direct,,,,,,,,https://harborridge.example.test/,TX,,1,Direct / Analytics,System-Observed
TOUCH-000516,INQ-000240,2026-06-11T06:06:19,Organic,Google Organic,,,,,,,https://harborridge.example.test/treatment-programs,TX,,1,Google Organic,System-Observed
TOUCH-000517,INQ-000242,2026-06-17T18:33:43,Local,GBP,,,,,,,https://harborridge.example.test/contact,CO,,1,GBP,System-Observed
TOUCH-000518,INQ-000243,2026-06-05T17:34:48,Paid Search,Google Ads,CMP-1004,Residential Treatment - Geo,Residential Programs,substance abuse treatment options,substance abuse treatment options,Broad,https://harborridge.example.test/admissions,TX,41.48,1,Google Ads,System-Observed
TOUCH-000519,INQ-000244,2026-06-25T18:05:08,Organic,Google Organic,,,,,,,https://harborridge.example.test/treatment-programs,TX,,1,Google Organic,System-Observed
TOUCH-000520,INQ-000245,2026-06-10T09:26:35,Local,GBP,,,,,,,https://harborridge.example.test/contact,CA,,1,GBP,System-Observed
TOUCH-000521,INQ-000248,2026-06-04T20:34:40,Local,GBP,,,,,,,https://harborridge.example.test/contact,NY,,1,GBP,System-Observed
TOUCH-000522,INQ-000249,2026-06-26T15:37:52,Paid Search,Microsoft Ads,CMP-2001,Behavioral Health - Brand (Bing),Family Support,residential treatment center,residential treatment center,Broad,https://harborridge.example.test/admissions,NV,24.63,1,Microsoft Ads,System-Observed
TOUCH-000523,INQ-000250,2026-06-19T06:53:35,Paid Search,Google Ads,CMP-1005,Family Crisis - Non-Brand,Family Support,inpatient mental health treatment,inpatient mental health treatment,Exact,https://harborridge.example.test/admissions,CA,39.95,1,Google Ads,System-Observed
TOUCH-000524,INQ-000251,2026-06-16T10:37:45,Local,GBP,,,,,,,https://harborridge.example.test/contact,NY,,1,GBP,System-Observed
TOUCH-000525,INQ-000252,2026-06-27T15:22:47,Direct,,,,,,,,https://harborridge.example.test/,WA,,1,Direct / Analytics,System-Observed
TOUCH-000526,INQ-000253,2026-06-09T12:16:38,Local,GBP,,,,,,,https://harborridge.example.test/contact,NV,,1,GBP,System-Observed
TOUCH-000527,INQ-000255,2026-06-26T20:15:55,Organic,Google Organic,,,,,,,https://harborridge.example.test/treatment-programs,AZ,,1,Google Organic,System-Observed
TOUCH-000528,INQ-000258,2026-06-03T17:23:00,Direct,,,,,,,,https://harborridge.example.test/,AZ,,1,Direct / Analytics,System-Observed
TOUCH-000529,INQ-000259,2026-06-11T10:22:12,Organic,Google Organic,,,,,,,https://harborridge.example.test/treatment-programs,NV,,1,Google Organic,System-Observed
TOUCH-000530,INQ-000261,2026-06-11T20:24:18,Organic,Google Organic,,,,,,,https://harborridge.example.test/treatment-programs,CA,,1,Google Organic,System-Observed
TOUCH-000531,INQ-000262,2026-06-16T13:45:34,Direct,,,,,,,,https://harborridge.example.test/,WA,,1,Direct / Analytics,System-Observed
TOUCH-000532,INQ-000263,2026-06-01T16:21:01,Paid Search,Google Ads,CMP-1005,Family Crisis - Non-Brand,Family Support,family intervention help,family intervention help,Phrase,https://harborridge.example.test/admissions,CO,25.04,1,Google Ads,System-Observed
TOUCH-000533,INQ-000264,2026-06-19T10:11:46,Organic,Google Organic,,,,,,,https://harborridge.example.test/treatment-programs,NV,,1,Google Organic,System-Observed
TOUCH-000534,INQ-000266,2026-06-08T12:51:37,Paid Search,Google Ads,CMP-1001,Behavioral Health - Brand,Family Support,detox center near me,detox center near me,Broad,https://harborridge.example.test/admissions,NV,42.49,1,Google Ads,System-Observed
TOUCH-000535,INQ-000269,2026-06-06T10:10:02,Paid Search,Google Ads,CMP-1003,Detox Near Me - Geo,Residential Programs,residential treatment center,residential treatment center,Exact,https://harborridge.example.test/admissions,CA,15.75,1,Google Ads,System-Observed
TOUCH-000536,INQ-000273,2026-06-24T10:44:17,Paid Search,Google Ads,CMP-1001,Behavioral Health - Brand,Admissions,inpatient mental health treatment,inpatient mental health treatment,Exact,https://harborridge.example.test/admissions,NV,18.58,1,Google Ads,System-Observed
TOUCH-000537,INQ-000274,2026-06-16T16:12:08,Paid Search,Google Ads,CMP-1002,Behavioral Health - Non-Brand,Detox Programs,detox center near me,detox center near me,Exact,https://harborridge.example.test/admissions,NY,23.28,1,Google Ads,System-Observed
TOUCH-000538,INQ-000275,2026-06-02T10:43:54,Local,GBP,,,,,,,https://harborridge.example.test/contact,WA,,1,GBP,System-Observed
TOUCH-000539,INQ-000278,2026-06-14T20:08:49,Paid Search,Google Ads,CMP-1005,Family Crisis - Non-Brand,Family Support,family intervention help,family intervention help,Exact,https://harborridge.example.test/admissions,FL,41.79,1,Google Ads,System-Observed
TOUCH-000540,INQ-000279,2026-06-02T13:04:41,Paid Search,Google Ads,CMP-1003,Detox Near Me - Geo,Residential Programs,substance abuse treatment options,substance abuse treatment options,Broad,https://harborridge.example.test/admissions,TX,18.88,1,Google Ads,System-Observed
TOUCH-000541,INQ-000282,2026-06-15T15:59:11,Direct,,,,,,,,https://harborridge.example.test/,AZ,,1,Direct / Analytics,System-Observed
TOUCH-000542,INQ-000283,2026-06-07T11:53:14,Paid Search,Google Ads,CMP-1004,Residential Treatment - Geo,Admissions,detox center near me,detox center near me,Exact,https://harborridge.example.test/admissions,NV,27.1,1,Google Ads,System-Observed
TOUCH-000543,INQ-000284,2026-06-01T08:41:05,Organic,Google Organic,,,,,,,https://harborridge.example.test/treatment-programs,CA,,1,Google Organic,System-Observed
TOUCH-000544,INQ-000286,2026-06-15T16:40:10,Direct,,,,,,,,https://harborridge.example.test/,NY,,1,Direct / Analytics,System-Observed
TOUCH-000545,INQ-000289,2026-06-20T09:19:40,Organic,Google Organic,,,,,,,https://harborridge.example.test/treatment-programs,CA,,1,Google Organic,System-Observed
TOUCH-000546,INQ-000290,2026-06-03T11:00:19,Paid Search,Google Ads,CMP-1001,Behavioral Health - Brand,Residential Programs,substance abuse treatment options,substance abuse treatment options,Broad,https://harborridge.example.test/admissions,OR,28.89,1,Google Ads,System-Observed
TOUCH-000547,INQ-000291,2026-06-08T16:25:24,Local,GBP,,,,,,,https://harborridge.example.test/contact,CO,,1,GBP,System-Observed
TOUCH-000548,INQ-000292,2026-06-06T14:47:31,Paid Search,Google Ads,CMP-1001,Behavioral Health - Brand,Residential Programs,family intervention help,family intervention help,Phrase,https://harborridge.example.test/admissions,AZ,22.08,1,Google Ads,System-Observed
TOUCH-000549,INQ-000293,2026-06-15T15:16:00,Paid Search,Google Ads,CMP-1001,Behavioral Health - Brand,Admissions,detox center near me,detox center near me,Phrase,https://harborridge.example.test/admissions,OR,16.14,1,Google Ads,System-Observed
TOUCH-000550,INQ-000294,2026-06-03T18:23:51,Direct,,,,,,,,https://harborridge.example.test/,AZ,,1,Direct / Analytics,System-Observed
TOUCH-000551,INQ-000296,2026-06-12T18:29:17,Direct,,,,,,,,https://harborridge.example.test/,OR,,1,Direct / Analytics,System-Observed
TOUCH-000552,INQ-000298,2026-06-03T14:37:47,Paid Search,Google Ads,CMP-1003,Detox Near Me - Geo,Residential Programs,family intervention help,family intervention help,Exact,https://harborridge.example.test/admissions,OR,40.85,1,Google Ads,System-Observed
TOUCH-000553,INQ-000303,2026-06-11T13:14:15,Local,GBP,,,,,,,https://harborridge.example.test/contact,OR,,1,GBP,System-Observed
TOUCH-000554,INQ-000304,2026-06-14T14:58:09,Paid Social,Meta,CMP-3001,Family Support Awareness,Family Support,,,,https://harborridge.example.test/family-support,AZ,13.88,1,Meta,System-Observed
TOUCH-000555,INQ-000305,2026-06-11T06:52:08,Paid Search,Microsoft Ads,CMP-2001,Behavioral Health - Brand (Bing),Detox Programs,detox center near me,detox center near me,Broad,https://harborridge.example.test/admissions,UT,19.01,1,Microsoft Ads,System-Observed
TOUCH-000556,INQ-000306,2026-06-14T10:08:21,Paid Search,Google Ads,CMP-1005,Family Crisis - Non-Brand,Family Support,inpatient mental health treatment,inpatient mental health treatment,Phrase,https://harborridge.example.test/admissions,UT,27.46,1,Google Ads,System-Observed
TOUCH-000557,INQ-000307,2026-06-14T16:55:57,Organic,Google Organic,,,,,,,https://harborridge.example.test/treatment-programs,OR,,1,Google Organic,System-Observed
TOUCH-000558,INQ-000308,2026-06-07T10:17:19,Organic,Google Organic,,,,,,,https://harborridge.example.test/treatment-programs,OR,,1,Google Organic,System-Observed
TOUCH-000559,INQ-000310,2026-06-06T13:50:12,Paid Search,Google Ads,CMP-1004,Residential Treatment - Geo,Family Support,residential treatment center,residential treatment center,Exact,https://harborridge.example.test/admissions,CO,18.01,1,Google Ads,System-Observed
TOUCH-000560,INQ-000313,2026-06-03T11:26:43,Local,GBP,,,,,,,https://harborridge.example.test/contact,CO,,1,GBP,System-Observed
TOUCH-000561,INQ-000314,2026-06-26T09:17:32,Organic,Google Organic,,,,,,,https://harborridge.example.test/treatment-programs,CO,,1,Google Organic,System-Observed
TOUCH-000562,INQ-000315,2026-06-09T16:11:46,Paid Search,Google Ads,CMP-1002,Behavioral Health - Non-Brand,Residential Programs,family intervention help,family intervention help,Broad,https://harborridge.example.test/admissions,FL,20.63,1,Google Ads,System-Observed
TOUCH-000563,INQ-000317,2026-06-10T09:03:13,Direct,,,,,,,,https://harborridge.example.test/,UT,,1,Direct / Analytics,System-Observed
TOUCH-000564,INQ-000318,2026-06-25T08:38:37,Local,GBP,,,,,,,https://harborridge.example.test/contact,WA,,1,GBP,System-Observed
TOUCH-000565,INQ-000319,2026-06-08T10:47:27,Organic,Google Organic,,,,,,,https://harborridge.example.test/treatment-programs,NV,,1,Google Organic,System-Observed
TOUCH-000566,INQ-000320,2026-06-05T08:47:29,Local,GBP,,,,,,,https://harborridge.example.test/contact,CA,,1,GBP,System-Observed
TOUCH-000567,INQ-000322,2026-06-19T09:50:50,Paid Search,Microsoft Ads,CMP-2002,Residential Treatment - Geo (Bing),Family Support,family intervention help,family intervention help,Broad,https://harborridge.example.test/admissions,AZ,8.11,1,Microsoft Ads,System-Observed
TOUCH-000568,INQ-000323,2026-06-06T15:19:42,Organic,Google Organic,,,,,,,https://harborridge.example.test/treatment-programs,NY,,1,Google Organic,System-Observed
TOUCH-000569,INQ-000325,2026-06-04T16:01:36,Paid Search,Google Ads,CMP-1001,Behavioral Health - Brand,Family Support,inpatient mental health treatment,inpatient mental health treatment,Exact,https://harborridge.example.test/admissions,OR,37.99,1,Google Ads,System-Observed
TOUCH-000570,INQ-000326,2026-06-08T18:31:41,Direct,,,,,,,,https://harborridge.example.test/,TX,,1,Direct / Analytics,System-Observed
TOUCH-000571,INQ-000327,2026-06-19T13:35:26,Paid Search,Google Ads,CMP-1001,Behavioral Health - Brand,Residential Programs,residential treatment center,residential treatment center,Exact,https://harborridge.example.test/admissions,TX,24.4,1,Google Ads,System-Observed
TOUCH-000572,INQ-000328,2026-06-13T09:41:55,Organic,Google Organic,,,,,,,https://harborridge.example.test/treatment-programs,NV,,1,Google Organic,System-Observed
TOUCH-000573,INQ-000330,2026-06-12T09:14:10,Organic,Google Organic,,,,,,,https://harborridge.example.test/treatment-programs,CO,,1,Google Organic,System-Observed
TOUCH-000574,INQ-000331,2026-06-14T16:34:15,Direct,,,,,,,,https://harborridge.example.test/,FL,,1,Direct / Analytics,System-Observed
TOUCH-000575,INQ-000332,2026-06-13T11:28:43,Paid Search,Google Ads,CMP-1003,Detox Near Me - Geo,Family Support,substance abuse treatment options,substance abuse treatment options,Exact,https://harborridge.example.test/admissions,CA,38.8,1,Google Ads,System-Observed
TOUCH-000576,INQ-000333,2026-06-13T17:31:44,Paid Search,Google Ads,CMP-1001,Behavioral Health - Brand,Residential Programs,inpatient mental health treatment,inpatient mental health treatment,Broad,https://harborridge.example.test/admissions,CO,37.42,1,Google Ads,System-Observed
TOUCH-000577,INQ-000336,2026-06-15T10:05:04,Organic,Google Organic,,,,,,,https://harborridge.example.test/treatment-programs,CO,,1,Google Organic,System-Observed
TOUCH-000578,INQ-000338,2026-06-08T05:44:08,Paid Search,Google Ads,CMP-1003,Detox Near Me - Geo,Admissions,behavioral health treatment near me,behavioral health treatment near me,Exact,https://harborridge.example.test/admissions,TX,28.67,1,Google Ads,System-Observed
TOUCH-000579,INQ-000340,2026-06-07T13:53:26,Paid Search,Google Ads,CMP-1003,Detox Near Me - Geo,Residential Programs,family intervention help,family intervention help,Phrase,https://harborridge.example.test/admissions,OR,32.86,1,Google Ads,System-Observed
TOUCH-000580,INQ-000341,2026-06-23T15:15:21,Organic,Google Organic,,,,,,,https://harborridge.example.test/treatment-programs,FL,,1,Google Organic,System-Observed
TOUCH-000581,INQ-000342,2026-06-26T08:08:57,Local,GBP,,,,,,,https://harborridge.example.test/contact,FL,,1,GBP,System-Observed
TOUCH-000582,INQ-000343,2026-06-04T12:35:26,Local,GBP,,,,,,,https://harborridge.example.test/contact,CA,,1,GBP,System-Observed
TOUCH-000583,INQ-000344,2026-06-06T13:31:39,Organic,Google Organic,,,,,,,https://harborridge.example.test/treatment-programs,UT,,1,Google Organic,System-Observed
TOUCH-000584,INQ-000345,2026-06-26T13:48:34,Organic,Google Organic,,,,,,,https://harborridge.example.test/treatment-programs,WA,,1,Google Organic,System-Observed
TOUCH-000585,INQ-000347,2026-06-17T17:28:41,Local,GBP,,,,,,,https://harborridge.example.test/contact,TX,,1,GBP,System-Observed
TOUCH-000586,INQ-000348,2026-06-14T12:47:18,Paid Search,Google Ads,CMP-1005,Family Crisis - Non-Brand,Family Support,behavioral health treatment near me,behavioral health treatment near me,Broad,https://harborridge.example.test/admissions,TX,33.24,1,Google Ads,System-Observed
TOUCH-000587,INQ-000350,2026-06-05T07:16:00,Organic,Google Organic,,,,,,,https://harborridge.example.test/treatment-programs,TX,,1,Google Organic,System-Observed
TOUCH-000588,INQ-000351,2026-06-23T07:20:48,Organic,Google Organic,,,,,,,https://harborridge.example.test/treatment-programs,CO,,1,Google Organic,System-Observed
TOUCH-000589,INQ-000353,2026-06-07T19:01:31,Organic,Google Organic,,,,,,,https://harborridge.example.test/treatment-programs,TX,,1,Google Organic,System-Observed
TOUCH-000590,INQ-000354,2026-06-13T19:33:48,Paid Search,Google Ads,CMP-1003,Detox Near Me - Geo,Admissions,detox center near me,detox center near me,Phrase,https://harborridge.example.test/admissions,AZ,26.27,1,Google Ads,System-Observed
TOUCH-000591,INQ-000357,2026-06-01T07:50:42,Paid Search,Google Ads,CMP-1003,Detox Near Me - Geo,Admissions,residential treatment center,residential treatment center,Exact,https://harborridge.example.test/admissions,NY,39.48,1,Google Ads,System-Observed
TOUCH-000592,INQ-000359,2026-06-07T17:33:24,Direct,,,,,,,,https://harborridge.example.test/,WA,,1,Direct / Analytics,System-Observed
TOUCH-000593,INQ-000360,2026-06-15T08:32:04,Local,GBP,,,,,,,https://harborridge.example.test/contact,FL,,1,GBP,System-Observed
TOUCH-000594,INQ-000364,2026-06-12T11:24:54,Paid Search,Google Ads,CMP-1001,Behavioral Health - Brand,Family Support,behavioral health treatment near me,behavioral health treatment near me,Phrase,https://harborridge.example.test/admissions,OR,36.51,1,Google Ads,System-Observed
TOUCH-000595,INQ-000365,2026-06-02T17:47:58,Paid Search,Google Ads,CMP-1005,Family Crisis - Non-Brand,Residential Programs,inpatient mental health treatment,inpatient mental health treatment,Phrase,https://harborridge.example.test/admissions,WA,23.48,1,Google Ads,System-Observed
TOUCH-000596,INQ-000366,2026-06-22T07:01:34,Organic,Google Organic,,,,,,,https://harborridge.example.test/treatment-programs,NV,,1,Google Organic,System-Observed
TOUCH-000597,INQ-000367,2026-06-01T11:46:53,Paid Search,Google Ads,CMP-1001,Behavioral Health - Brand,Residential Programs,inpatient mental health treatment,inpatient mental health treatment,Exact,https://harborridge.example.test/admissions,UT,15.01,1,Google Ads,System-Observed
TOUCH-000598,INQ-000369,2026-06-02T10:08:33,Paid Search,Google Ads,CMP-1001,Behavioral Health - Brand,Family Support,residential treatment center,residential treatment center,Phrase,https://harborridge.example.test/admissions,WA,42.46,1,Google Ads,System-Observed
TOUCH-000599,INQ-000371,2026-06-02T06:58:42,Paid Search,Google Ads,CMP-1004,Residential Treatment - Geo,Residential Programs,family intervention help,family intervention help,Exact,https://harborridge.example.test/admissions,WA,33.92,1,Google Ads,System-Observed
TOUCH-000600,INQ-000372,2026-06-07T11:51:05,Paid Social,Meta,CMP-3003,Local Community Awareness,Family Support,,,,https://harborridge.example.test/family-support,CA,12.72,1,Meta,System-Observed
TOUCH-000601,INQ-000373,2026-06-08T11:40:36,Paid Search,Google Ads,CMP-1004,Residential Treatment - Geo,Residential Programs,behavioral health treatment near me,behavioral health treatment near me,Phrase,https://harborridge.example.test/admissions,CA,34.02,1,Google Ads,System-Observed
TOUCH-000602,INQ-000374,2026-06-16T08:15:29,Paid Search,Google Ads,CMP-1005,Family Crisis - Non-Brand,Residential Programs,residential treatment center,residential treatment center,Exact,https://harborridge.example.test/admissions,NV,16.0,1,Google Ads,System-Observed
TOUCH-000603,INQ-000375,2026-06-16T09:42:02,Paid Search,Microsoft Ads,CMP-2001,Behavioral Health - Brand (Bing),Detox Programs,detox center near me,detox center near me,Broad,https://harborridge.example.test/admissions,AZ,20.0,1,Microsoft Ads,System-Observed
TOUCH-000604,INQ-000377,2026-06-22T17:57:38,Paid Search,Google Ads,CMP-1004,Residential Treatment - Geo,Admissions,family intervention help,family intervention help,Broad,https://harborridge.example.test/admissions,TX,44.18,1,Google Ads,System-Observed
TOUCH-000605,INQ-000378,2026-06-02T10:18:50,Direct,,,,,,,,https://harborridge.example.test/,TX,,1,Direct / Analytics,System-Observed
TOUCH-000606,INQ-000379,2026-06-27T07:14:27,Paid Search,Google Ads,CMP-1001,Behavioral Health - Brand,Detox Programs,detox center near me,detox center near me,Broad,https://harborridge.example.test/admissions,FL,42.1,1,Google Ads,System-Observed
TOUCH-000607,INQ-000380,2026-06-16T12:30:09,Paid Search,Google Ads,CMP-1005,Family Crisis - Non-Brand,Residential Programs,substance abuse treatment options,substance abuse treatment options,Broad,https://harborridge.example.test/admissions,WA,15.73,1,Google Ads,System-Observed
TOUCH-000608,INQ-000381,2026-06-21T13:45:03,Organic,Google Organic,,,,,,,https://harborridge.example.test/treatment-programs,NV,,1,Google Organic,System-Observed
TOUCH-000609,INQ-000384,2026-06-18T11:47:11,Paid Search,Google Ads,CMP-1003,Detox Near Me - Geo,Residential Programs,behavioral health treatment near me,behavioral health treatment near me,Broad,https://harborridge.example.test/admissions,NV,34.65,1,Google Ads,System-Observed
TOUCH-000610,INQ-000386,2026-06-06T09:49:36,Local,GBP,,,,,,,https://harborridge.example.test/contact,WA,,1,GBP,System-Observed
TOUCH-000611,INQ-000387,2026-06-21T09:15:28,Paid Search,Google Ads,CMP-1002,Behavioral Health - Non-Brand,Residential Programs,detox center near me,detox center near me,Broad,https://harborridge.example.test/admissions,AZ,38.36,1,Google Ads,System-Observed
TOUCH-000612,INQ-000390,2026-06-20T14:44:53,Paid Search,Google Ads,CMP-1002,Behavioral Health - Non-Brand,Family Support,substance abuse treatment options,substance abuse treatment options,Phrase,https://harborridge.example.test/admissions,NY,44.77,1,Google Ads,System-Observed
TOUCH-000613,INQ-000393,2026-06-15T17:39:13,Organic,Google Organic,,,,,,,https://harborridge.example.test/treatment-programs,FL,,1,Google Organic,System-Observed
TOUCH-000614,INQ-000396,2026-06-24T14:14:33,Direct,,,,,,,,https://harborridge.example.test/,NV,,1,Direct / Analytics,System-Observed
TOUCH-000615,INQ-000397,2026-06-12T05:46:44,Organic,Google Organic,,,,,,,https://harborridge.example.test/treatment-programs,FL,,1,Google Organic,System-Observed
TOUCH-000616,INQ-000400,2026-06-17T17:13:00,Paid Search,Google Ads,CMP-1002,Behavioral Health - Non-Brand,Family Support,family intervention help,family intervention help,Phrase,https://harborridge.example.test/admissions,NY,30.72,1,Google Ads,System-Observed
TOUCH-000617,INQ-000401,2026-06-13T13:24:33,Paid Search,Google Ads,CMP-1003,Detox Near Me - Geo,Residential Programs,detox center near me,detox center near me,Phrase,https://harborridge.example.test/admissions,WA,38.87,1,Google Ads,System-Observed
TOUCH-000618,INQ-000402,2026-06-26T06:47:11,Local,GBP,,,,,,,https://harborridge.example.test/contact,CA,,1,GBP,System-Observed
TOUCH-000619,INQ-000404,2026-06-16T19:57:32,Direct,,,,,,,,https://harborridge.example.test/,CA,,1,Direct / Analytics,System-Observed
TOUCH-000620,INQ-000407,2026-06-25T06:46:11,Organic,Google Organic,,,,,,,https://harborridge.example.test/treatment-programs,NY,,1,Google Organic,System-Observed
TOUCH-000621,INQ-000408,2026-06-17T19:14:20,Paid Search,Google Ads,CMP-1005,Family Crisis - Non-Brand,Family Support,behavioral health treatment near me,behavioral health treatment near me,Phrase,https://harborridge.example.test/admissions,UT,40.47,1,Google Ads,System-Observed
TOUCH-000622,INQ-000411,2026-06-22T12:49:34,Paid Search,Google Ads,CMP-1003,Detox Near Me - Geo,Detox Programs,inpatient mental health treatment,inpatient mental health treatment,Exact,https://harborridge.example.test/admissions,NV,33.94,1,Google Ads,System-Observed
TOUCH-000623,INQ-000412,2026-06-22T17:01:09,Paid Search,Google Ads,CMP-1005,Family Crisis - Non-Brand,Admissions,inpatient mental health treatment,inpatient mental health treatment,Phrase,https://harborridge.example.test/admissions,TX,16.28,1,Google Ads,System-Observed
TOUCH-000624,INQ-000413,2026-06-04T11:22:16,Local,GBP,,,,,,,https://harborridge.example.test/contact,NY,,1,GBP,System-Observed
TOUCH-000625,INQ-000414,2026-06-17T19:47:56,Local,GBP,,,,,,,https://harborridge.example.test/contact,TX,,1,GBP,System-Observed
TOUCH-000626,INQ-000415,2026-06-05T17:48:52,Paid Search,Google Ads,CMP-1001,Behavioral Health - Brand,Admissions,family intervention help,family intervention help,Exact,https://harborridge.example.test/admissions,NV,42.2,1,Google Ads,System-Observed
TOUCH-000627,INQ-000417,2026-06-27T07:00:34,Paid Search,Google Ads,CMP-1002,Behavioral Health - Non-Brand,Detox Programs,substance abuse treatment options,substance abuse treatment options,Broad,https://harborridge.example.test/admissions,CA,24.91,1,Google Ads,System-Observed
TOUCH-000628,INQ-000418,2026-06-22T08:46:21,Paid Search,Google Ads,CMP-1003,Detox Near Me - Geo,Detox Programs,behavioral health treatment near me,behavioral health treatment near me,Exact,https://harborridge.example.test/admissions,AZ,15.85,1,Google Ads,System-Observed
TOUCH-000629,INQ-000419,2026-06-10T08:52:50,Organic,Google Organic,,,,,,,https://harborridge.example.test/treatment-programs,OR,,1,Google Organic,System-Observed
TOUCH-000630,INQ-000420,2026-06-25T13:43:57,Paid Search,Google Ads,CMP-1003,Detox Near Me - Geo,Family Support,residential treatment center,residential treatment center,Broad,https://harborridge.example.test/admissions,CO,27.36,1,Google Ads,System-Observed
TOUCH-000631,INQ-000422,2026-06-02T15:09:05,Paid Search,Google Ads,CMP-1005,Family Crisis - Non-Brand,Residential Programs,residential treatment center,residential treatment center,Exact,https://harborridge.example.test/admissions,UT,29.7,1,Google Ads,System-Observed
TOUCH-000632,INQ-000424,2026-06-11T09:17:26,Paid Search,Google Ads,CMP-1005,Family Crisis - Non-Brand,Residential Programs,substance abuse treatment options,substance abuse treatment options,Exact,https://harborridge.example.test/admissions,WA,20.42,1,Google Ads,System-Observed
TOUCH-000633,INQ-000425,2026-06-14T08:54:50,Direct,,,,,,,,https://harborridge.example.test/,WA,,1,Direct / Analytics,System-Observed
TOUCH-000634,INQ-000426,2026-06-16T14:16:41,Organic,Google Organic,,,,,,,https://harborridge.example.test/treatment-programs,CO,,1,Google Organic,System-Observed
TOUCH-000635,INQ-000427,2026-06-26T19:59:00,Direct,,,,,,,,https://harborridge.example.test/,NY,,1,Direct / Analytics,System-Observed
TOUCH-000636,INQ-000429,2026-06-14T14:52:47,Organic,Google Organic,,,,,,,https://harborridge.example.test/treatment-programs,UT,,1,Google Organic,System-Observed
TOUCH-000637,INQ-000430,2026-06-08T11:43:28,Organic,Google Organic,,,,,,,https://harborridge.example.test/treatment-programs,WA,,1,Google Organic,System-Observed
TOUCH-000638,INQ-000431,2026-06-21T20:32:45,Paid Social,Meta,CMP-3003,Local Community Awareness,Family Support,,,,https://harborridge.example.test/family-support,CO,9.52,1,Meta,System-Observed
TOUCH-000639,INQ-000432,2026-06-22T09:35:36,Direct,,,,,,,,https://harborridge.example.test/,CA,,1,Direct / Analytics,System-Observed
TOUCH-000640,INQ-000433,2026-06-24T16:41:51,Paid Search,Google Ads,CMP-1004,Residential Treatment - Geo,Detox Programs,substance abuse treatment options,substance abuse treatment options,Phrase,https://harborridge.example.test/admissions,AZ,30.52,1,Google Ads,System-Observed
TOUCH-000641,INQ-000434,2026-06-10T17:01:25,Paid Search,Google Ads,CMP-1003,Detox Near Me - Geo,Admissions,residential treatment center,residential treatment center,Phrase,https://harborridge.example.test/admissions,UT,36.42,1,Google Ads,System-Observed
TOUCH-000642,INQ-000435,2026-06-13T09:35:08,Organic,Google Organic,,,,,,,https://harborridge.example.test/treatment-programs,CA,,1,Google Organic,System-Observed
TOUCH-000643,INQ-000436,2026-06-08T10:51:00,Organic,Google Organic,,,,,,,https://harborridge.example.test/treatment-programs,AZ,,1,Google Organic,System-Observed
TOUCH-000644,INQ-000437,2026-06-06T09:53:27,Direct,,,,,,,,https://harborridge.example.test/,AZ,,1,Direct / Analytics,System-Observed
TOUCH-000645,INQ-000438,2026-06-25T13:46:42,Paid Search,Google Ads,CMP-1003,Detox Near Me - Geo,Admissions,inpatient mental health treatment,inpatient mental health treatment,Broad,https://harborridge.example.test/admissions,UT,23.49,1,Google Ads,System-Observed
TOUCH-000646,INQ-000439,2026-06-25T11:24:08,Local,GBP,,,,,,,https://harborridge.example.test/contact,AZ,,1,GBP,System-Observed
TOUCH-000647,INQ-000440,2026-06-10T18:41:27,Paid Search,Google Ads,CMP-1005,Family Crisis - Non-Brand,Family Support,detox center near me,detox center near me,Phrase,https://harborridge.example.test/admissions,NY,15.75,1,Google Ads,System-Observed
TOUCH-000648,INQ-000441,2026-06-20T09:13:50,Paid Social,Meta,CMP-3003,Local Community Awareness,Family Support,,,,https://harborridge.example.test/family-support,CO,13.78,1,Meta,System-Observed
TOUCH-000649,INQ-000442,2026-06-07T10:12:12,Paid Social,Meta,CMP-3001,Family Support Awareness,Community Awareness,,,,https://harborridge.example.test/family-support,CA,9.52,1,Meta,System-Observed
TOUCH-000650,INQ-000444,2026-06-17T12:29:25,Paid Search,Google Ads,CMP-1001,Behavioral Health - Brand,Admissions,behavioral health treatment near me,behavioral health treatment near me,Broad,https://harborridge.example.test/admissions,CA,23.49,1,Google Ads,System-Observed
TOUCH-000651,INQ-000446,2026-06-13T20:01:03,Paid Search,Google Ads,CMP-1005,Family Crisis - Non-Brand,Admissions,residential treatment center,residential treatment center,Exact,https://harborridge.example.test/admissions,CO,17.42,1,Google Ads,System-Observed
TOUCH-000652,INQ-000450,2026-06-18T11:48:58,Organic,Google Organic,,,,,,,https://harborridge.example.test/treatment-programs,WA,,1,Google Organic,System-Observed
TOUCH-000653,INQ-000451,2026-06-26T11:05:08,Organic,Google Organic,,,,,,,https://harborridge.example.test/treatment-programs,UT,,1,Google Organic,System-Observed
TOUCH-000654,INQ-000454,2026-06-03T12:14:03,Organic,Google Organic,,,,,,,https://harborridge.example.test/treatment-programs,WA,,1,Google Organic,System-Observed
TOUCH-000655,,2026-06-16T17:33:25,Paid Search,Google Ads,CMP-1003,Detox Near Me - Geo,Family Support,behavioral health treatment near me,behavioral health treatment near me,Broad,https://harborridge.example.test/admissions,NY,34.37,0,Google Ads,System-Observed
TOUCH-000656,,2026-06-28T10:56:11,Paid Search,Google Ads,CMP-1004,Residential Treatment - Geo,Detox Programs,detox center near me,detox center near me,Exact,https://harborridge.example.test/admissions,TX,40.13,0,Google Ads,System-Observed
TOUCH-000657,,2026-06-29T18:01:23,Paid Search,Google Ads,CMP-1003,Detox Near Me - Geo,Detox Programs,substance abuse treatment options,substance abuse treatment options,Phrase,https://harborridge.example.test/admissions,NV,29.92,0,Google Ads,System-Observed
TOUCH-000658,,2026-06-04T20:38:50,Paid Search,Google Ads,CMP-1005,Family Crisis - Non-Brand,Detox Programs,substance abuse treatment options,substance abuse treatment options,Broad,https://harborridge.example.test/admissions,CO,21.95,0,Google Ads,System-Observed
TOUCH-000659,,2026-06-10T07:43:46,Paid Search,Google Ads,CMP-1005,Family Crisis - Non-Brand,Admissions,family intervention help,family intervention help,Broad,https://harborridge.example.test/admissions,UT,42.79,0,Google Ads,System-Observed
TOUCH-000660,,2026-06-20T07:52:12,Paid Search,Google Ads,CMP-1003,Detox Near Me - Geo,Family Support,detox center near me,detox center near me,Phrase,https://harborridge.example.test/admissions,WA,30.51,0,Google Ads,System-Observed
TOUCH-000661,,2026-06-15T13:41:34,Paid Search,Google Ads,CMP-1003,Detox Near Me - Geo,Detox Programs,detox center near me,detox center near me,Broad,https://harborridge.example.test/admissions,UT,41.17,0,Google Ads,System-Observed
TOUCH-000662,,2026-06-07T11:36:01,Paid Search,Google Ads,CMP-1005,Family Crisis - Non-Brand,Family Support,detox center near me,detox center near me,Broad,https://harborridge.example.test/admissions,NV,17.76,0,Google Ads,System-Observed
TOUCH-000663,,2026-06-21T16:48:52,Paid Search,Google Ads,CMP-1002,Behavioral Health - Non-Brand,Family Support,residential treatment center,residential treatment center,Exact,https://harborridge.example.test/admissions,OR,30.41,0,Google Ads,System-Observed
TOUCH-000664,,2026-06-16T08:29:44,Paid Search,Google Ads,CMP-1005,Family Crisis - Non-Brand,Admissions,residential treatment center,residential treatment center,Exact,https://harborridge.example.test/admissions,CA,18.06,0,Google Ads,System-Observed
TOUCH-000665,,2026-06-26T17:48:50,Paid Search,Google Ads,CMP-1001,Behavioral Health - Brand,Detox Programs,family intervention help,family intervention help,Phrase,https://harborridge.example.test/admissions,AZ,28.74,0,Google Ads,System-Observed
TOUCH-000666,,2026-06-07T09:10:01,Paid Search,Google Ads,CMP-1001,Behavioral Health - Brand,Detox Programs,residential treatment center,residential treatment center,Phrase,https://harborridge.example.test/admissions,FL,42.61,0,Google Ads,System-Observed
TOUCH-000667,,2026-06-19T08:29:03,Paid Search,Google Ads,CMP-1004,Residential Treatment - Geo,Detox Programs,behavioral health treatment near me,behavioral health treatment near me,Exact,https://harborridge.example.test/admissions,AZ,26.26,0,Google Ads,System-Observed
TOUCH-000668,,2026-06-15T16:42:10,Paid Search,Google Ads,CMP-1001,Behavioral Health - Brand,Family Support,residential treatment center,residential treatment center,Broad,https://harborridge.example.test/admissions,CA,37.04,0,Google Ads,System-Observed
TOUCH-000669,,2026-06-29T08:27:44,Paid Search,Google Ads,CMP-1003,Detox Near Me - Geo,Detox Programs,behavioral health treatment near me,behavioral health treatment near me,Phrase,https://harborridge.example.test/admissions,TX,31.67,0,Google Ads,System-Observed
TOUCH-000670,,2026-06-25T07:41:00,Paid Search,Google Ads,CMP-1005,Family Crisis - Non-Brand,Admissions,behavioral health treatment near me,behavioral health treatment near me,Broad,https://harborridge.example.test/admissions,OR,31.97,0,Google Ads,System-Observed
TOUCH-000671,,2026-06-21T10:16:08,Paid Search,Google Ads,CMP-1003,Detox Near Me - Geo,Residential Programs,family intervention help,family intervention help,Broad,https://harborridge.example.test/admissions,TX,28.39,0,Google Ads,System-Observed
TOUCH-000672,,2026-06-12T15:45:29,Paid Search,Google Ads,CMP-1002,Behavioral Health - Non-Brand,Residential Programs,behavioral health treatment near me,behavioral health treatment near me,Exact,https://harborridge.example.test/admissions,WA,16.44,0,Google Ads,System-Observed
TOUCH-000673,,2026-06-06T13:18:20,Paid Search,Google Ads,CMP-1001,Behavioral Health - Brand,Detox Programs,family intervention help,family intervention help,Broad,https://harborridge.example.test/admissions,NY,37.48,0,Google Ads,System-Observed
TOUCH-000674,,2026-06-29T16:41:50,Paid Search,Google Ads,CMP-1004,Residential Treatment - Geo,Detox Programs,detox center near me,detox center near me,Broad,https://harborridge.example.test/admissions,NY,41.5,0,Google Ads,System-Observed
TOUCH-000675,,2026-06-13T08:46:51,Paid Search,Google Ads,CMP-1003,Detox Near Me - Geo,Detox Programs,residential treatment center,residential treatment center,Phrase,https://harborridge.example.test/admissions,OR,29.01,0,Google Ads,System-Observed
TOUCH-000676,,2026-06-25T07:50:35,Paid Search,Google Ads,CMP-1002,Behavioral Health - Non-Brand,Detox Programs,family intervention help,family intervention help,Exact,https://harborridge.example.test/admissions,NY,26.91,0,Google Ads,System-Observed
TOUCH-000677,,2026-06-10T10:14:21,Paid Search,Google Ads,CMP-1003,Detox Near Me - Geo,Detox Programs,family intervention help,family intervention help,Exact,https://harborridge.example.test/admissions,NY,42.3,0,Google Ads,System-Observed
TOUCH-000678,,2026-06-14T11:38:37,Paid Search,Google Ads,CMP-1003,Detox Near Me - Geo,Residential Programs,residential treatment center,residential treatment center,Broad,https://harborridge.example.test/admissions,AZ,31.22,0,Google Ads,System-Observed
TOUCH-000679,,2026-06-03T08:52:12,Paid Search,Google Ads,CMP-1005,Family Crisis - Non-Brand,Admissions,inpatient mental health treatment,inpatient mental health treatment,Broad,https://harborridge.example.test/admissions,NV,16.63,0,Google Ads,System-Observed
TOUCH-000680,,2026-06-28T18:47:19,Paid Search,Google Ads,CMP-1001,Behavioral Health - Brand,Detox Programs,substance abuse treatment options,substance abuse treatment options,Exact,https://harborridge.example.test/admissions,OR,22.09,0,Google Ads,System-Observed
TOUCH-000681,,2026-06-18T10:48:02,Paid Search,Google Ads,CMP-1005,Family Crisis - Non-Brand,Family Support,inpatient mental health treatment,inpatient mental health treatment,Exact,https://harborridge.example.test/admissions,CO,39.87,0,Google Ads,System-Observed
TOUCH-000682,,2026-06-20T16:23:56,Paid Search,Google Ads,CMP-1001,Behavioral Health - Brand,Admissions,detox center near me,detox center near me,Phrase,https://harborridge.example.test/admissions,NV,16.02,0,Google Ads,System-Observed
TOUCH-000683,,2026-06-25T10:20:55,Paid Search,Google Ads,CMP-1004,Residential Treatment - Geo,Family Support,inpatient mental health treatment,inpatient mental health treatment,Phrase,https://harborridge.example.test/admissions,CA,42.18,0,Google Ads,System-Observed
TOUCH-000684,,2026-06-10T20:06:05,Paid Search,Google Ads,CMP-1002,Behavioral Health - Non-Brand,Detox Programs,family intervention help,family intervention help,Broad,https://harborridge.example.test/admissions,CA,27.09,0,Google Ads,System-Observed
TOUCH-000685,,2026-06-11T10:24:04,Paid Search,Google Ads,CMP-1005,Family Crisis - Non-Brand,Family Support,substance abuse treatment options,substance abuse treatment options,Phrase,https://harborridge.example.test/admissions,AZ,25.02,0,Google Ads,System-Observed
TOUCH-000686,,2026-06-20T12:19:52,Paid Search,Google Ads,CMP-1002,Behavioral Health - Non-Brand,Family Support,family intervention help,family intervention help,Phrase,https://harborridge.example.test/admissions,AZ,37.18,0,Google Ads,System-Observed
TOUCH-000687,,2026-06-12T16:06:32,Paid Search,Google Ads,CMP-1004,Residential Treatment - Geo,Family Support,family intervention help,family intervention help,Exact,https://harborridge.example.test/admissions,FL,43.15,0,Google Ads,System-Observed
TOUCH-000688,,2026-06-29T20:13:54,Paid Search,Google Ads,CMP-1004,Residential Treatment - Geo,Residential Programs,residential treatment center,residential treatment center,Exact,https://harborridge.example.test/admissions,WA,36.92,0,Google Ads,System-Observed
TOUCH-000689,,2026-06-10T16:12:15,Paid Search,Google Ads,CMP-1002,Behavioral Health - Non-Brand,Family Support,residential treatment center,residential treatment center,Phrase,https://harborridge.example.test/admissions,UT,37.82,0,Google Ads,System-Observed
TOUCH-000690,,2026-06-27T15:14:23,Paid Search,Google Ads,CMP-1005,Family Crisis - Non-Brand,Detox Programs,substance abuse treatment options,substance abuse treatment options,Broad,https://harborridge.example.test/admissions,CA,41.71,0,Google Ads,System-Observed
TOUCH-000691,,2026-06-26T18:09:26,Paid Search,Google Ads,CMP-1003,Detox Near Me - Geo,Residential Programs,detox center near me,detox center near me,Phrase,https://harborridge.example.test/admissions,OR,41.48,0,Google Ads,System-Observed
TOUCH-000692,,2026-06-27T09:14:40,Paid Search,Google Ads,CMP-1003,Detox Near Me - Geo,Family Support,family intervention help,family intervention help,Broad,https://harborridge.example.test/admissions,OR,24.38,0,Google Ads,System-Observed
TOUCH-000693,,2026-06-11T07:25:02,Paid Search,Google Ads,CMP-1004,Residential Treatment - Geo,Family Support,family intervention help,family intervention help,Exact,https://harborridge.example.test/admissions,AZ,24.46,0,Google Ads,System-Observed
TOUCH-000694,,2026-06-08T08:31:58,Paid Search,Google Ads,CMP-1005,Family Crisis - Non-Brand,Residential Programs,residential treatment center,residential treatment center,Exact,https://harborridge.example.test/admissions,CA,37.07,0,Google Ads,System-Observed
TOUCH-000695,,2026-06-09T12:41:11,Paid Search,Google Ads,CMP-1001,Behavioral Health - Brand,Detox Programs,family intervention help,family intervention help,Exact,https://harborridge.example.test/admissions,UT,31.47,0,Google Ads,System-Observed
TOUCH-000696,,2026-06-18T16:41:34,Paid Search,Google Ads,CMP-1001,Behavioral Health - Brand,Admissions,residential treatment center,residential treatment center,Phrase,https://harborridge.example.test/admissions,TX,39.85,0,Google Ads,System-Observed
TOUCH-000697,,2026-06-06T13:50:07,Paid Search,Google Ads,CMP-1003,Detox Near Me - Geo,Detox Programs,residential treatment center,residential treatment center,Phrase,https://harborridge.example.test/admissions,AZ,26.66,0,Google Ads,System-Observed
TOUCH-000698,,2026-06-22T17:15:31,Paid Search,Google Ads,CMP-1001,Behavioral Health - Brand,Family Support,substance abuse treatment options,substance abuse treatment options,Phrase,https://harborridge.example.test/admissions,FL,39.97,0,Google Ads,System-Observed
TOUCH-000699,,2026-06-20T14:10:09,Paid Search,Google Ads,CMP-1003,Detox Near Me - Geo,Admissions,behavioral health treatment near me,behavioral health treatment near me,Phrase,https://harborridge.example.test/admissions,OR,26.2,0,Google Ads,System-Observed
TOUCH-000700,,2026-06-29T16:33:43,Paid Search,Google Ads,CMP-1004,Residential Treatment - Geo,Detox Programs,family intervention help,family intervention help,Broad,https://harborridge.example.test/admissions,UT,29.67,0,Google Ads,System-Observed
TOUCH-000701,,2026-06-26T12:43:40,Paid Search,Google Ads,CMP-1003,Detox Near Me - Geo,Residential Programs,family intervention help,family intervention help,Broad,https://harborridge.example.test/admissions,OR,44.04,0,Google Ads,System-Observed
TOUCH-000702,,2026-06-05T11:01:32,Paid Search,Google Ads,CMP-1004,Residential Treatment - Geo,Admissions,behavioral health treatment near me,behavioral health treatment near me,Broad,https://harborridge.example.test/admissions,CA,43.19,0,Google Ads,System-Observed
TOUCH-000703,,2026-06-07T09:49:45,Paid Search,Google Ads,CMP-1002,Behavioral Health - Non-Brand,Residential Programs,substance abuse treatment options,substance abuse treatment options,Exact,https://harborridge.example.test/admissions,OR,19.68,0,Google Ads,System-Observed
TOUCH-000704,,2026-06-17T18:39:09,Paid Search,Google Ads,CMP-1001,Behavioral Health - Brand,Admissions,residential treatment center,residential treatment center,Exact,https://harborridge.example.test/admissions,WA,23.77,0,Google Ads,System-Observed
TOUCH-000705,,2026-06-14T19:52:02,Paid Search,Google Ads,CMP-1001,Behavioral Health - Brand,Family Support,inpatient mental health treatment,inpatient mental health treatment,Exact,https://harborridge.example.test/admissions,CA,31.09,0,Google Ads,System-Observed
TOUCH-000706,,2026-06-10T20:54:12,Paid Search,Google Ads,CMP-1004,Residential Treatment - Geo,Family Support,inpatient mental health treatment,inpatient mental health treatment,Exact,https://harborridge.example.test/admissions,FL,38.98,0,Google Ads,System-Observed
TOUCH-000707,,2026-06-27T11:39:27,Paid Search,Google Ads,CMP-1001,Behavioral Health - Brand,Detox Programs,behavioral health treatment near me,behavioral health treatment near me,Phrase,https://harborridge.example.test/admissions,OR,40.71,0,Google Ads,System-Observed
TOUCH-000708,,2026-06-06T07:21:23,Paid Search,Google Ads,CMP-1003,Detox Near Me - Geo,Detox Programs,behavioral health treatment near me,behavioral health treatment near me,Broad,https://harborridge.example.test/admissions,NV,24.91,0,Google Ads,System-Observed
TOUCH-000709,,2026-06-11T16:27:15,Paid Search,Google Ads,CMP-1004,Residential Treatment - Geo,Admissions,substance abuse treatment options,substance abuse treatment options,Exact,https://harborridge.example.test/admissions,WA,31.26,0,Google Ads,System-Observed
TOUCH-000710,,2026-06-01T15:17:35,Paid Search,Google Ads,CMP-1005,Family Crisis - Non-Brand,Admissions,substance abuse treatment options,substance abuse treatment options,Phrase,https://harborridge.example.test/admissions,FL,25.07,0,Google Ads,System-Observed
TOUCH-000711,,2026-06-03T07:45:04,Paid Search,Google Ads,CMP-1002,Behavioral Health - Non-Brand,Family Support,substance abuse treatment options,substance abuse treatment options,Exact,https://harborridge.example.test/admissions,CO,40.14,0,Google Ads,System-Observed
TOUCH-000712,,2026-06-24T18:40:27,Paid Search,Google Ads,CMP-1005,Family Crisis - Non-Brand,Residential Programs,behavioral health treatment near me,behavioral health treatment near me,Phrase,https://harborridge.example.test/admissions,OR,31.01,0,Google Ads,System-Observed
TOUCH-000713,,2026-06-20T08:10:42,Paid Search,Google Ads,CMP-1002,Behavioral Health - Non-Brand,Detox Programs,inpatient mental health treatment,inpatient mental health treatment,Phrase,https://harborridge.example.test/admissions,OR,26.92,0,Google Ads,System-Observed
TOUCH-000714,,2026-06-11T12:12:20,Paid Search,Google Ads,CMP-1002,Behavioral Health - Non-Brand,Residential Programs,family intervention help,family intervention help,Phrase,https://harborridge.example.test/admissions,CO,25.6,0,Google Ads,System-Observed
TOUCH-000715,,2026-06-20T09:59:25,Paid Search,Google Ads,CMP-1005,Family Crisis - Non-Brand,Admissions,behavioral health treatment near me,behavioral health treatment near me,Broad,https://harborridge.example.test/admissions,WA,43.96,0,Google Ads,System-Observed
TOUCH-000716,,2026-06-23T11:34:44,Paid Search,Google Ads,CMP-1003,Detox Near Me - Geo,Detox Programs,detox center near me,detox center near me,Exact,https://harborridge.example.test/admissions,UT,24.38,0,Google Ads,System-Observed
TOUCH-000717,,2026-06-22T10:38:37,Paid Search,Google Ads,CMP-1001,Behavioral Health - Brand,Family Support,substance abuse treatment options,substance abuse treatment options,Broad,https://harborridge.example.test/admissions,CA,38.25,0,Google Ads,System-Observed
TOUCH-000718,,2026-06-09T19:57:12,Paid Search,Google Ads,CMP-1003,Detox Near Me - Geo,Family Support,behavioral health treatment near me,behavioral health treatment near me,Phrase,https://harborridge.example.test/admissions,FL,40.99,0,Google Ads,System-Observed
TOUCH-000719,,2026-06-09T16:44:11,Paid Search,Google Ads,CMP-1002,Behavioral Health - Non-Brand,Detox Programs,inpatient mental health treatment,inpatient mental health treatment,Phrase,https://harborridge.example.test/admissions,UT,22.31,0,Google Ads,System-Observed
TOUCH-000720,,2026-06-11T07:16:53,Paid Search,Google Ads,CMP-1004,Residential Treatment - Geo,Family Support,inpatient mental health treatment,inpatient mental health treatment,Phrase,https://harborridge.example.test/admissions,TX,37.8,0,Google Ads,System-Observed
TOUCH-000721,,2026-06-13T10:08:20,Paid Search,Google Ads,CMP-1002,Behavioral Health - Non-Brand,Admissions,residential treatment center,residential treatment center,Exact,https://harborridge.example.test/admissions,NV,26.02,0,Google Ads,System-Observed
TOUCH-000722,,2026-06-20T20:51:21,Paid Search,Google Ads,CMP-1001,Behavioral Health - Brand,Admissions,inpatient mental health treatment,inpatient mental health treatment,Broad,https://harborridge.example.test/admissions,TX,43.8,0,Google Ads,System-Observed
TOUCH-000723,,2026-06-17T19:52:50,Paid Search,Google Ads,CMP-1001,Behavioral Health - Brand,Family Support,inpatient mental health treatment,inpatient mental health treatment,Broad,https://harborridge.example.test/admissions,OR,43.06,0,Google Ads,System-Observed
TOUCH-000724,,2026-06-30T14:02:27,Paid Search,Google Ads,CMP-1002,Behavioral Health - Non-Brand,Family Support,inpatient mental health treatment,inpatient mental health treatment,Phrase,https://harborridge.example.test/admissions,CO,27.87,0,Google Ads,System-Observed
TOUCH-000725,,2026-06-29T07:21:31,Paid Search,Google Ads,CMP-1002,Behavioral Health - Non-Brand,Family Support,family intervention help,family intervention help,Broad,https://harborridge.example.test/admissions,WA,27.29,0,Google Ads,System-Observed
TOUCH-000726,,2026-06-26T15:03:44,Paid Search,Google Ads,CMP-1001,Behavioral Health - Brand,Detox Programs,residential treatment center,residential treatment center,Broad,https://harborridge.example.test/admissions,NY,28.0,0,Google Ads,System-Observed
TOUCH-000727,,2026-06-05T14:21:40,Paid Search,Google Ads,CMP-1004,Residential Treatment - Geo,Residential Programs,family intervention help,family intervention help,Phrase,https://harborridge.example.test/admissions,CA,41.77,0,Google Ads,System-Observed
TOUCH-000728,,2026-06-21T16:43:53,Paid Search,Google Ads,CMP-1001,Behavioral Health - Brand,Admissions,behavioral health treatment near me,behavioral health treatment near me,Exact,https://harborridge.example.test/admissions,CA,20.51,0,Google Ads,System-Observed
TOUCH-000729,,2026-06-16T10:27:51,Paid Search,Google Ads,CMP-1002,Behavioral Health - Non-Brand,Residential Programs,residential treatment center,residential treatment center,Phrase,https://harborridge.example.test/admissions,UT,26.03,0,Google Ads,System-Observed
TOUCH-000730,,2026-06-21T14:27:06,Paid Search,Google Ads,CMP-1005,Family Crisis - Non-Brand,Family Support,family intervention help,family intervention help,Broad,https://harborridge.example.test/admissions,WA,35.26,0,Google Ads,System-Observed
TOUCH-000731,,2026-06-13T17:05:14,Paid Search,Google Ads,CMP-1005,Family Crisis - Non-Brand,Detox Programs,substance abuse treatment options,substance abuse treatment options,Phrase,https://harborridge.example.test/admissions,NY,28.39,0,Google Ads,System-Observed
TOUCH-000732,,2026-06-28T20:58:08,Paid Search,Google Ads,CMP-1002,Behavioral Health - Non-Brand,Family Support,residential treatment center,residential treatment center,Broad,https://harborridge.example.test/admissions,WA,15.52,0,Google Ads,System-Observed
TOUCH-000733,,2026-06-25T08:44:29,Paid Search,Google Ads,CMP-1002,Behavioral Health - Non-Brand,Family Support,family intervention help,family intervention help,Phrase,https://harborridge.example.test/admissions,OR,34.52,0,Google Ads,System-Observed
TOUCH-000734,,2026-06-09T07:06:02,Paid Search,Google Ads,CMP-1003,Detox Near Me - Geo,Detox Programs,family intervention help,family intervention help,Exact,https://harborridge.example.test/admissions,UT,31.56,0,Google Ads,System-Observed
TOUCH-000735,,2026-06-10T12:25:18,Paid Search,Google Ads,CMP-1005,Family Crisis - Non-Brand,Admissions,substance abuse treatment options,substance abuse treatment options,Exact,https://harborridge.example.test/admissions,CA,29.02,0,Google Ads,System-Observed
TOUCH-000736,,2026-06-07T09:52:11,Paid Search,Google Ads,CMP-1003,Detox Near Me - Geo,Admissions,residential treatment center,residential treatment center,Phrase,https://harborridge.example.test/admissions,FL,34.02,0,Google Ads,System-Observed
TOUCH-000737,,2026-06-29T11:59:52,Paid Search,Google Ads,CMP-1003,Detox Near Me - Geo,Family Support,behavioral health treatment near me,behavioral health treatment near me,Phrase,https://harborridge.example.test/admissions,CO,42.95,0,Google Ads,System-Observed
TOUCH-000738,,2026-06-12T09:53:16,Paid Search,Google Ads,CMP-1002,Behavioral Health - Non-Brand,Admissions,inpatient mental health treatment,inpatient mental health treatment,Exact,https://harborridge.example.test/admissions,FL,34.45,0,Google Ads,System-Observed
TOUCH-000739,,2026-06-13T15:44:44,Paid Search,Google Ads,CMP-1004,Residential Treatment - Geo,Detox Programs,family intervention help,family intervention help,Broad,https://harborridge.example.test/admissions,TX,16.38,0,Google Ads,System-Observed
TOUCH-000740,,2026-06-23T18:38:38,Paid Search,Google Ads,CMP-1004,Residential Treatment - Geo,Family Support,substance abuse treatment options,substance abuse treatment options,Broad,https://harborridge.example.test/admissions,TX,32.83,0,Google Ads,System-Observed
TOUCH-000741,,2026-06-25T12:02:03,Paid Search,Google Ads,CMP-1003,Detox Near Me - Geo,Residential Programs,residential treatment center,residential treatment center,Exact,https://harborridge.example.test/admissions,NV,34.54,0,Google Ads,System-Observed
TOUCH-000742,,2026-06-30T09:26:56,Paid Search,Google Ads,CMP-1004,Residential Treatment - Geo,Residential Programs,residential treatment center,residential treatment center,Broad,https://harborridge.example.test/admissions,CA,30.22,0,Google Ads,System-Observed
TOUCH-000743,,2026-06-19T10:08:37,Paid Search,Google Ads,CMP-1001,Behavioral Health - Brand,Residential Programs,inpatient mental health treatment,inpatient mental health treatment,Phrase,https://harborridge.example.test/admissions,UT,39.3,0,Google Ads,System-Observed
TOUCH-000744,,2026-06-12T17:03:02,Paid Search,Google Ads,CMP-1005,Family Crisis - Non-Brand,Detox Programs,behavioral health treatment near me,behavioral health treatment near me,Exact,https://harborridge.example.test/admissions,CO,36.52,0,Google Ads,System-Observed
TOUCH-000745,,2026-06-07T17:42:28,Paid Search,Google Ads,CMP-1002,Behavioral Health - Non-Brand,Residential Programs,family intervention help,family intervention help,Exact,https://harborridge.example.test/admissions,OR,14.51,0,Google Ads,System-Observed
TOUCH-000746,,2026-06-13T14:05:44,Paid Search,Google Ads,CMP-1003,Detox Near Me - Geo,Residential Programs,detox center near me,detox center near me,Exact,https://harborridge.example.test/admissions,WA,23.94,0,Google Ads,System-Observed
TOUCH-000747,,2026-06-19T08:21:38,Paid Search,Google Ads,CMP-1004,Residential Treatment - Geo,Family Support,family intervention help,family intervention help,Phrase,https://harborridge.example.test/admissions,NY,26.82,0,Google Ads,System-Observed
TOUCH-000748,,2026-06-17T10:14:23,Paid Search,Google Ads,CMP-1005,Family Crisis - Non-Brand,Family Support,detox center near me,detox center near me,Phrase,https://harborridge.example.test/admissions,WA,24.13,0,Google Ads,System-Observed
TOUCH-000749,,2026-06-13T17:27:14,Paid Search,Google Ads,CMP-1004,Residential Treatment - Geo,Detox Programs,inpatient mental health treatment,inpatient mental health treatment,Phrase,https://harborridge.example.test/admissions,AZ,32.85,0,Google Ads,System-Observed
TOUCH-000750,,2026-06-27T08:10:51,Paid Search,Google Ads,CMP-1003,Detox Near Me - Geo,Residential Programs,substance abuse treatment options,substance abuse treatment options,Phrase,https://harborridge.example.test/admissions,CA,43.53,0,Google Ads,System-Observed
TOUCH-000751,,2026-06-14T07:46:53,Paid Search,Google Ads,CMP-1002,Behavioral Health - Non-Brand,Admissions,residential treatment center,residential treatment center,Exact,https://harborridge.example.test/admissions,UT,36.0,0,Google Ads,System-Observed
TOUCH-000752,,2026-06-01T07:26:37,Paid Search,Google Ads,CMP-1005,Family Crisis - Non-Brand,Admissions,behavioral health treatment near me,behavioral health treatment near me,Phrase,https://harborridge.example.test/admissions,CO,14.66,0,Google Ads,System-Observed
TOUCH-000753,,2026-06-20T18:44:21,Paid Search,Google Ads,CMP-1001,Behavioral Health - Brand,Admissions,substance abuse treatment options,substance abuse treatment options,Exact,https://harborridge.example.test/admissions,FL,24.1,0,Google Ads,System-Observed
TOUCH-000754,,2026-06-15T12:38:16,Paid Search,Google Ads,CMP-1005,Family Crisis - Non-Brand,Admissions,behavioral health treatment near me,behavioral health treatment near me,Exact,https://harborridge.example.test/admissions,NY,43.75,0,Google Ads,System-Observed
TOUCH-000755,,2026-06-27T17:44:01,Paid Search,Google Ads,CMP-1002,Behavioral Health - Non-Brand,Residential Programs,detox center near me,detox center near me,Exact,https://harborridge.example.test/admissions,OR,34.23,0,Google Ads,System-Observed
TOUCH-000756,,2026-06-09T15:00:52,Paid Search,Google Ads,CMP-1002,Behavioral Health - Non-Brand,Residential Programs,family intervention help,family intervention help,Broad,https://harborridge.example.test/admissions,NY,19.86,0,Google Ads,System-Observed
TOUCH-000757,,2026-06-18T09:12:45,Paid Search,Google Ads,CMP-1005,Family Crisis - Non-Brand,Family Support,substance abuse treatment options,substance abuse treatment options,Broad,https://harborridge.example.test/admissions,UT,35.5,0,Google Ads,System-Observed
TOUCH-000758,,2026-06-09T18:55:46,Paid Search,Google Ads,CMP-1003,Detox Near Me - Geo,Detox Programs,detox center near me,detox center near me,Exact,https://harborridge.example.test/admissions,NV,26.13,0,Google Ads,System-Observed
TOUCH-000759,,2026-06-11T16:06:11,Paid Search,Google Ads,CMP-1002,Behavioral Health - Non-Brand,Family Support,family intervention help,family intervention help,Broad,https://harborridge.example.test/admissions,AZ,26.7,0,Google Ads,System-Observed
TOUCH-000760,,2026-06-14T07:26:45,Paid Search,Google Ads,CMP-1004,Residential Treatment - Geo,Admissions,detox center near me,detox center near me,Broad,https://harborridge.example.test/admissions,CO,28.26,0,Google Ads,System-Observed
TOUCH-000761,,2026-06-01T09:57:22,Paid Search,Google Ads,CMP-1005,Family Crisis - Non-Brand,Admissions,substance abuse treatment options,substance abuse treatment options,Phrase,https://harborridge.example.test/admissions,WA,27.98,0,Google Ads,System-Observed
TOUCH-000762,,2026-06-15T09:55:59,Paid Search,Google Ads,CMP-1003,Detox Near Me - Geo,Residential Programs,residential treatment center,residential treatment center,Phrase,https://harborridge.example.test/admissions,TX,20.02,0,Google Ads,System-Observed
TOUCH-000763,,2026-06-29T10:14:58,Paid Search,Google Ads,CMP-1002,Behavioral Health - Non-Brand,Family Support,inpatient mental health treatment,inpatient mental health treatment,Broad,https://harborridge.example.test/admissions,UT,24.12,0,Google Ads,System-Observed
TOUCH-000764,,2026-06-05T10:35:37,Paid Search,Google Ads,CMP-1005,Family Crisis - Non-Brand,Residential Programs,detox center near me,detox center near me,Phrase,https://harborridge.example.test/admissions,OR,40.86,0,Google Ads,System-Observed
TOUCH-000765,,2026-06-14T08:39:52,Paid Search,Google Ads,CMP-1005,Family Crisis - Non-Brand,Admissions,family intervention help,family intervention help,Exact,https://harborridge.example.test/admissions,NV,36.97,0,Google Ads,System-Observed
TOUCH-000766,,2026-06-14T11:54:47,Paid Search,Google Ads,CMP-1002,Behavioral Health - Non-Brand,Family Support,inpatient mental health treatment,inpatient mental health treatment,Phrase,https://harborridge.example.test/admissions,CA,37.0,0,Google Ads,System-Observed
TOUCH-000767,,2026-06-10T08:04:39,Paid Search,Google Ads,CMP-1002,Behavioral Health - Non-Brand,Family Support,residential treatment center,residential treatment center,Phrase,https://harborridge.example.test/admissions,WA,23.93,0,Google Ads,System-Observed
TOUCH-000768,,2026-06-27T18:58:47,Paid Search,Google Ads,CMP-1004,Residential Treatment - Geo,Detox Programs,residential treatment center,residential treatment center,Broad,https://harborridge.example.test/admissions,CA,35.31,0,Google Ads,System-Observed
TOUCH-000769,,2026-06-05T07:51:16,Paid Search,Google Ads,CMP-1002,Behavioral Health - Non-Brand,Family Support,family intervention help,family intervention help,Broad,https://harborridge.example.test/admissions,UT,22.51,0,Google Ads,System-Observed
TOUCH-000770,,2026-06-14T08:39:11,Paid Search,Google Ads,CMP-1002,Behavioral Health - Non-Brand,Family Support,detox center near me,detox center near me,Exact,https://harborridge.example.test/admissions,WA,29.39,0,Google Ads,System-Observed
TOUCH-000771,,2026-06-10T15:32:07,Paid Search,Google Ads,CMP-1001,Behavioral Health - Brand,Admissions,behavioral health treatment near me,behavioral health treatment near me,Exact,https://harborridge.example.test/admissions,UT,34.61,0,Google Ads,System-Observed
TOUCH-000772,,2026-06-26T07:02:03,Paid Search,Google Ads,CMP-1001,Behavioral Health - Brand,Family Support,inpatient mental health treatment,inpatient mental health treatment,Broad,https://harborridge.example.test/admissions,NV,38.82,0,Google Ads,System-Observed
TOUCH-000773,,2026-06-03T18:53:27,Paid Search,Google Ads,CMP-1002,Behavioral Health - Non-Brand,Admissions,family intervention help,family intervention help,Phrase,https://harborridge.example.test/admissions,TX,29.79,0,Google Ads,System-Observed
TOUCH-000774,,2026-06-30T10:02:38,Paid Search,Google Ads,CMP-1003,Detox Near Me - Geo,Detox Programs,detox center near me,detox center near me,Broad,https://harborridge.example.test/admissions,FL,20.7,0,Google Ads,System-Observed
TOUCH-000775,,2026-06-30T07:31:16,Paid Search,Google Ads,CMP-1003,Detox Near Me - Geo,Family Support,behavioral health treatment near me,behavioral health treatment near me,Broad,https://harborridge.example.test/admissions,NV,21.26,0,Google Ads,System-Observed
TOUCH-000776,,2026-06-01T18:59:50,Paid Search,Google Ads,CMP-1002,Behavioral Health - Non-Brand,Admissions,behavioral health treatment near me,behavioral health treatment near me,Exact,https://harborridge.example.test/admissions,NY,35.76,0,Google Ads,System-Observed
TOUCH-000777,,2026-06-16T20:50:42,Paid Search,Google Ads,CMP-1003,Detox Near Me - Geo,Admissions,substance abuse treatment options,substance abuse treatment options,Phrase,https://harborridge.example.test/admissions,WA,44.22,0,Google Ads,System-Observed
TOUCH-000778,,2026-06-23T10:22:41,Paid Search,Google Ads,CMP-1003,Detox Near Me - Geo,Family Support,residential treatment center,residential treatment center,Phrase,https://harborridge.example.test/admissions,OR,37.56,0,Google Ads,System-Observed
TOUCH-000779,,2026-06-24T17:11:16,Paid Search,Google Ads,CMP-1003,Detox Near Me - Geo,Admissions,inpatient mental health treatment,inpatient mental health treatment,Broad,https://harborridge.example.test/admissions,WA,42.19,0,Google Ads,System-Observed
TOUCH-000780,,2026-06-02T16:11:39,Paid Search,Google Ads,CMP-1001,Behavioral Health - Brand,Detox Programs,family intervention help,family intervention help,Phrase,https://harborridge.example.test/admissions,WA,31.84,0,Google Ads,System-Observed
TOUCH-000781,,2026-06-28T14:12:42,Paid Search,Google Ads,CMP-1005,Family Crisis - Non-Brand,Residential Programs,residential treatment center,residential treatment center,Broad,https://harborridge.example.test/admissions,WA,22.75,0,Google Ads,System-Observed
TOUCH-000782,,2026-06-16T15:30:17,Paid Search,Google Ads,CMP-1002,Behavioral Health - Non-Brand,Family Support,substance abuse treatment options,substance abuse treatment options,Broad,https://harborridge.example.test/admissions,NY,35.99,0,Google Ads,System-Observed
TOUCH-000783,,2026-06-24T20:55:51,Paid Search,Google Ads,CMP-1003,Detox Near Me - Geo,Residential Programs,family intervention help,family intervention help,Exact,https://harborridge.example.test/admissions,UT,35.06,0,Google Ads,System-Observed
TOUCH-000784,,2026-06-20T15:30:24,Paid Search,Google Ads,CMP-1001,Behavioral Health - Brand,Residential Programs,behavioral health treatment near me,behavioral health treatment near me,Broad,https://harborridge.example.test/admissions,NV,31.92,0,Google Ads,System-Observed
TOUCH-000785,,2026-06-17T13:34:01,Paid Search,Google Ads,CMP-1003,Detox Near Me - Geo,Detox Programs,behavioral health treatment near me,behavioral health treatment near me,Broad,https://harborridge.example.test/admissions,FL,16.95,0,Google Ads,System-Observed
TOUCH-000786,,2026-06-06T07:43:45,Paid Search,Google Ads,CMP-1002,Behavioral Health - Non-Brand,Residential Programs,detox center near me,detox center near me,Phrase,https://harborridge.example.test/admissions,CA,35.77,0,Google Ads,System-Observed
TOUCH-000787,,2026-06-24T08:34:37,Paid Search,Google Ads,CMP-1005,Family Crisis - Non-Brand,Detox Programs,family intervention help,family intervention help,Exact,https://harborridge.example.test/admissions,FL,30.97,0,Google Ads,System-Observed
TOUCH-000788,,2026-06-21T08:20:30,Paid Search,Google Ads,CMP-1002,Behavioral Health - Non-Brand,Residential Programs,inpatient mental health treatment,inpatient mental health treatment,Exact,https://harborridge.example.test/admissions,CA,15.41,0,Google Ads,System-Observed
TOUCH-000789,,2026-06-30T15:42:34,Paid Search,Google Ads,CMP-1002,Behavioral Health - Non-Brand,Admissions,family intervention help,family intervention help,Broad,https://harborridge.example.test/admissions,FL,27.96,0,Google Ads,System-Observed
TOUCH-000790,,2026-06-09T17:31:50,Paid Search,Google Ads,CMP-1005,Family Crisis - Non-Brand,Residential Programs,inpatient mental health treatment,inpatient mental health treatment,Broad,https://harborridge.example.test/admissions,FL,23.83,0,Google Ads,System-Observed
TOUCH-000791,,2026-06-15T14:14:00,Paid Search,Google Ads,CMP-1001,Behavioral Health - Brand,Detox Programs,detox center near me,detox center near me,Exact,https://harborridge.example.test/admissions,FL,42.94,0,Google Ads,System-Observed
TOUCH-000792,,2026-06-23T20:57:36,Paid Search,Google Ads,CMP-1004,Residential Treatment - Geo,Detox Programs,behavioral health treatment near me,behavioral health treatment near me,Broad,https://harborridge.example.test/admissions,FL,32.81,0,Google Ads,System-Observed
TOUCH-000793,,2026-06-20T15:48:06,Paid Search,Google Ads,CMP-1005,Family Crisis - Non-Brand,Family Support,residential treatment center,residential treatment center,Broad,https://harborridge.example.test/admissions,AZ,38.82,0,Google Ads,System-Observed
TOUCH-000794,,2026-06-27T09:45:00,Paid Search,Google Ads,CMP-1001,Behavioral Health - Brand,Detox Programs,inpatient mental health treatment,inpatient mental health treatment,Broad,https://harborridge.example.test/admissions,NV,14.87,0,Google Ads,System-Observed
TOUCH-000795,,2026-06-29T20:28:52,Paid Search,Google Ads,CMP-1003,Detox Near Me - Geo,Family Support,behavioral health treatment near me,behavioral health treatment near me,Broad,https://harborridge.example.test/admissions,CA,33.25,0,Google Ads,System-Observed
TOUCH-000796,,2026-06-18T09:00:30,Paid Search,Google Ads,CMP-1004,Residential Treatment - Geo,Detox Programs,family intervention help,family intervention help,Exact,https://harborridge.example.test/admissions,NV,23.27,0,Google Ads,System-Observed
TOUCH-000797,,2026-06-12T15:28:18,Paid Search,Google Ads,CMP-1003,Detox Near Me - Geo,Residential Programs,family intervention help,family intervention help,Phrase,https://harborridge.example.test/admissions,NY,42.95,0,Google Ads,System-Observed
TOUCH-000798,,2026-06-24T10:33:45,Paid Search,Google Ads,CMP-1005,Family Crisis - Non-Brand,Family Support,detox center near me,detox center near me,Broad,https://harborridge.example.test/admissions,OR,35.09,0,Google Ads,System-Observed
TOUCH-000799,,2026-06-22T11:50:16,Paid Search,Google Ads,CMP-1004,Residential Treatment - Geo,Detox Programs,inpatient mental health treatment,inpatient mental health treatment,Exact,https://harborridge.example.test/admissions,CA,44.22,0,Google Ads,System-Observed
TOUCH-000800,,2026-06-29T14:42:20,Paid Search,Google Ads,CMP-1005,Family Crisis - Non-Brand,Residential Programs,inpatient mental health treatment,inpatient mental health treatment,Broad,https://harborridge.example.test/admissions,AZ,43.37,0,Google Ads,System-Observed
TOUCH-000801,,2026-06-23T19:10:15,Paid Search,Google Ads,CMP-1001,Behavioral Health - Brand,Family Support,detox center near me,detox center near me,Phrase,https://harborridge.example.test/admissions,WA,36.42,0,Google Ads,System-Observed
TOUCH-000802,,2026-06-11T07:03:59,Paid Search,Google Ads,CMP-1004,Residential Treatment - Geo,Admissions,residential treatment center,residential treatment center,Broad,https://harborridge.example.test/admissions,FL,40.56,0,Google Ads,System-Observed
TOUCH-000803,,2026-06-07T17:39:07,Paid Search,Google Ads,CMP-1004,Residential Treatment - Geo,Residential Programs,family intervention help,family intervention help,Broad,https://harborridge.example.test/admissions,TX,29.12,0,Google Ads,System-Observed
TOUCH-000804,,2026-06-20T16:48:11,Paid Search,Google Ads,CMP-1001,Behavioral Health - Brand,Residential Programs,family intervention help,family intervention help,Phrase,https://harborridge.example.test/admissions,FL,41.07,0,Google Ads,System-Observed
TOUCH-000805,,2026-06-11T07:11:16,Paid Search,Google Ads,CMP-1001,Behavioral Health - Brand,Detox Programs,detox center near me,detox center near me,Phrase,https://harborridge.example.test/admissions,NY,26.13,0,Google Ads,System-Observed
TOUCH-000806,,2026-06-09T13:51:58,Paid Search,Google Ads,CMP-1004,Residential Treatment - Geo,Admissions,behavioral health treatment near me,behavioral health treatment near me,Phrase,https://harborridge.example.test/admissions,NV,44.74,0,Google Ads,System-Observed
TOUCH-000807,,2026-06-24T15:08:48,Paid Search,Google Ads,CMP-1002,Behavioral Health - Non-Brand,Admissions,substance abuse treatment options,substance abuse treatment options,Exact,https://harborridge.example.test/admissions,NY,43.57,0,Google Ads,System-Observed
TOUCH-000808,,2026-06-20T19:07:14,Paid Search,Google Ads,CMP-1001,Behavioral Health - Brand,Family Support,inpatient mental health treatment,inpatient mental health treatment,Phrase,https://harborridge.example.test/admissions,NV,29.41,0,Google Ads,System-Observed
TOUCH-000809,,2026-06-29T09:02:38,Paid Search,Google Ads,CMP-1003,Detox Near Me - Geo,Family Support,inpatient mental health treatment,inpatient mental health treatment,Phrase,https://harborridge.example.test/admissions,AZ,43.47,0,Google Ads,System-Observed
TOUCH-000810,,2026-06-09T11:38:04,Paid Search,Google Ads,CMP-1002,Behavioral Health - Non-Brand,Admissions,detox center near me,detox center near me,Broad,https://harborridge.example.test/admissions,TX,26.18,0,Google Ads,System-Observed
TOUCH-000811,,2026-06-14T12:50:22,Paid Search,Google Ads,CMP-1004,Residential Treatment - Geo,Detox Programs,behavioral health treatment near me,behavioral health treatment near me,Broad,https://harborridge.example.test/admissions,AZ,43.96,0,Google Ads,System-Observed
TOUCH-000812,,2026-06-19T18:24:10,Paid Search,Google Ads,CMP-1005,Family Crisis - Non-Brand,Residential Programs,behavioral health treatment near me,behavioral health treatment near me,Phrase,https://harborridge.example.test/admissions,FL,22.45,0,Google Ads,System-Observed
TOUCH-000813,,2026-06-18T14:52:20,Paid Search,Google Ads,CMP-1001,Behavioral Health - Brand,Family Support,residential treatment center,residential treatment center,Broad,https://harborridge.example.test/admissions,TX,36.15,0,Google Ads,System-Observed
TOUCH-000814,,2026-06-23T07:49:44,Paid Search,Google Ads,CMP-1002,Behavioral Health - Non-Brand,Detox Programs,inpatient mental health treatment,inpatient mental health treatment,Broad,https://harborridge.example.test/admissions,CA,29.01,0,Google Ads,System-Observed
TOUCH-000815,,2026-06-19T12:07:58,Paid Search,Google Ads,CMP-1005,Family Crisis - Non-Brand,Detox Programs,residential treatment center,residential treatment center,Broad,https://harborridge.example.test/admissions,NY,40.62,0,Google Ads,System-Observed
TOUCH-000816,,2026-06-17T19:26:49,Paid Search,Google Ads,CMP-1004,Residential Treatment - Geo,Admissions,behavioral health treatment near me,behavioral health treatment near me,Exact,https://harborridge.example.test/admissions,AZ,24.91,0,Google Ads,System-Observed
TOUCH-000817,,2026-06-28T14:22:45,Paid Search,Google Ads,CMP-1001,Behavioral Health - Brand,Detox Programs,behavioral health treatment near me,behavioral health treatment near me,Broad,https://harborridge.example.test/admissions,WA,42.81,0,Google Ads,System-Observed
TOUCH-000818,,2026-06-19T14:56:04,Paid Search,Google Ads,CMP-1004,Residential Treatment - Geo,Residential Programs,detox center near me,detox center near me,Exact,https://harborridge.example.test/admissions,OR,19.19,0,Google Ads,System-Observed
TOUCH-000819,,2026-06-23T18:28:44,Paid Search,Google Ads,CMP-1002,Behavioral Health - Non-Brand,Residential Programs,family intervention help,family intervention help,Exact,https://harborridge.example.test/admissions,NV,42.21,0,Google Ads,System-Observed
TOUCH-000820,,2026-06-20T17:53:12,Paid Search,Google Ads,CMP-1005,Family Crisis - Non-Brand,Family Support,family intervention help,family intervention help,Broad,https://harborridge.example.test/admissions,FL,14.33,0,Google Ads,System-Observed
TOUCH-000821,,2026-06-09T13:28:42,Paid Search,Google Ads,CMP-1002,Behavioral Health - Non-Brand,Admissions,behavioral health treatment near me,behavioral health treatment near me,Exact,https://harborridge.example.test/admissions,UT,36.76,0,Google Ads,System-Observed
TOUCH-000822,,2026-06-04T09:00:04,Paid Search,Google Ads,CMP-1005,Family Crisis - Non-Brand,Detox Programs,substance abuse treatment options,substance abuse treatment options,Phrase,https://harborridge.example.test/admissions,CA,42.56,0,Google Ads,System-Observed
TOUCH-000823,,2026-06-15T17:31:52,Paid Search,Google Ads,CMP-1002,Behavioral Health - Non-Brand,Admissions,inpatient mental health treatment,inpatient mental health treatment,Exact,https://harborridge.example.test/admissions,OR,36.59,0,Google Ads,System-Observed
TOUCH-000824,,2026-06-18T20:09:18,Paid Search,Google Ads,CMP-1004,Residential Treatment - Geo,Residential Programs,behavioral health treatment near me,behavioral health treatment near me,Exact,https://harborridge.example.test/admissions,AZ,22.32,0,Google Ads,System-Observed
TOUCH-000825,,2026-06-28T17:39:59,Paid Search,Google Ads,CMP-1003,Detox Near Me - Geo,Family Support,substance abuse treatment options,substance abuse treatment options,Broad,https://harborridge.example.test/admissions,NV,30.66,0,Google Ads,System-Observed
TOUCH-000826,,2026-06-23T09:11:59,Paid Search,Google Ads,CMP-1001,Behavioral Health - Brand,Family Support,residential treatment center,residential treatment center,Broad,https://harborridge.example.test/admissions,NY,34.61,0,Google Ads,System-Observed
TOUCH-000827,,2026-06-23T18:57:39,Paid Search,Google Ads,CMP-1004,Residential Treatment - Geo,Residential Programs,detox center near me,detox center near me,Exact,https://harborridge.example.test/admissions,TX,25.92,0,Google Ads,System-Observed
TOUCH-000828,,2026-06-12T16:05:41,Paid Search,Google Ads,CMP-1003,Detox Near Me - Geo,Detox Programs,family intervention help,family intervention help,Broad,https://harborridge.example.test/admissions,OR,32.75,0,Google Ads,System-Observed
TOUCH-000829,,2026-06-23T13:56:56,Paid Search,Google Ads,CMP-1001,Behavioral Health - Brand,Residential Programs,behavioral health treatment near me,behavioral health treatment near me,Broad,https://harborridge.example.test/admissions,AZ,22.85,0,Google Ads,System-Observed
TOUCH-000830,,2026-06-11T20:08:16,Paid Search,Google Ads,CMP-1003,Detox Near Me - Geo,Family Support,detox center near me,detox center near me,Phrase,https://harborridge.example.test/admissions,OR,40.84,0,Google Ads,System-Observed
TOUCH-000831,,2026-06-13T15:51:39,Paid Search,Google Ads,CMP-1004,Residential Treatment - Geo,Family Support,substance abuse treatment options,substance abuse treatment options,Exact,https://harborridge.example.test/admissions,NV,16.91,0,Google Ads,System-Observed
TOUCH-000832,,2026-06-17T14:33:26,Paid Search,Google Ads,CMP-1005,Family Crisis - Non-Brand,Family Support,family intervention help,family intervention help,Phrase,https://harborridge.example.test/admissions,OR,23.81,0,Google Ads,System-Observed
TOUCH-000833,,2026-06-12T10:20:04,Paid Search,Google Ads,CMP-1005,Family Crisis - Non-Brand,Family Support,inpatient mental health treatment,inpatient mental health treatment,Phrase,https://harborridge.example.test/admissions,CO,28.39,0,Google Ads,System-Observed
TOUCH-000834,,2026-06-22T07:12:07,Paid Search,Google Ads,CMP-1002,Behavioral Health - Non-Brand,Admissions,inpatient mental health treatment,inpatient mental health treatment,Broad,https://harborridge.example.test/admissions,FL,19.82,0,Google Ads,System-Observed
TOUCH-000835,,2026-06-04T13:04:05,Paid Search,Google Ads,CMP-1005,Family Crisis - Non-Brand,Admissions,residential treatment center,residential treatment center,Exact,https://harborridge.example.test/admissions,UT,42.87,0,Google Ads,System-Observed
TOUCH-000836,,2026-06-03T07:19:39,Paid Search,Google Ads,CMP-1002,Behavioral Health - Non-Brand,Detox Programs,family intervention help,family intervention help,Exact,https://harborridge.example.test/admissions,CO,27.32,0,Google Ads,System-Observed
TOUCH-000837,,2026-06-15T20:32:05,Paid Search,Google Ads,CMP-1005,Family Crisis - Non-Brand,Admissions,detox center near me,detox center near me,Broad,https://harborridge.example.test/admissions,AZ,19.76,0,Google Ads,System-Observed
TOUCH-000838,,2026-06-17T08:42:48,Paid Search,Google Ads,CMP-1002,Behavioral Health - Non-Brand,Detox Programs,inpatient mental health treatment,inpatient mental health treatment,Phrase,https://harborridge.example.test/admissions,TX,36.62,0,Google Ads,System-Observed
TOUCH-000839,,2026-06-19T11:03:59,Paid Search,Google Ads,CMP-1001,Behavioral Health - Brand,Detox Programs,substance abuse treatment options,substance abuse treatment options,Broad,https://harborridge.example.test/admissions,FL,25.01,0,Google Ads,System-Observed
TOUCH-000840,,2026-06-19T10:16:37,Paid Search,Google Ads,CMP-1004,Residential Treatment - Geo,Family Support,inpatient mental health treatment,inpatient mental health treatment,Broad,https://harborridge.example.test/admissions,TX,14.86,0,Google Ads,System-Observed
TOUCH-000841,,2026-06-07T10:01:05,Paid Search,Google Ads,CMP-1003,Detox Near Me - Geo,Family Support,substance abuse treatment options,substance abuse treatment options,Phrase,https://harborridge.example.test/admissions,NY,17.83,0,Google Ads,System-Observed
TOUCH-000842,,2026-06-14T14:06:49,Paid Search,Google Ads,CMP-1002,Behavioral Health - Non-Brand,Family Support,family intervention help,family intervention help,Broad,https://harborridge.example.test/admissions,NV,41.77,0,Google Ads,System-Observed
TOUCH-000843,,2026-06-19T16:39:59,Paid Search,Google Ads,CMP-1002,Behavioral Health - Non-Brand,Family Support,residential treatment center,residential treatment center,Broad,https://harborridge.example.test/admissions,CO,28.22,0,Google Ads,System-Observed
TOUCH-000844,,2026-06-20T20:55:13,Paid Search,Google Ads,CMP-1005,Family Crisis - Non-Brand,Family Support,inpatient mental health treatment,inpatient mental health treatment,Phrase,https://harborridge.example.test/admissions,CO,31.72,0,Google Ads,System-Observed
TOUCH-000845,,2026-06-14T15:41:03,Paid Search,Google Ads,CMP-1004,Residential Treatment - Geo,Family Support,substance abuse treatment options,substance abuse treatment options,Phrase,https://harborridge.example.test/admissions,FL,34.45,0,Google Ads,System-Observed
TOUCH-000846,,2026-06-03T17:14:39,Paid Search,Google Ads,CMP-1001,Behavioral Health - Brand,Residential Programs,residential treatment center,residential treatment center,Broad,https://harborridge.example.test/admissions,AZ,29.25,0,Google Ads,System-Observed
TOUCH-000847,,2026-06-27T08:30:01,Paid Search,Google Ads,CMP-1002,Behavioral Health - Non-Brand,Family Support,substance abuse treatment options,substance abuse treatment options,Phrase,https://harborridge.example.test/admissions,WA,20.05,0,Google Ads,System-Observed
TOUCH-000848,,2026-06-24T20:47:44,Paid Search,Google Ads,CMP-1005,Family Crisis - Non-Brand,Residential Programs,family intervention help,family intervention help,Phrase,https://harborridge.example.test/admissions,NY,26.21,0,Google Ads,System-Observed
TOUCH-000849,,2026-06-04T16:00:17,Paid Search,Google Ads,CMP-1003,Detox Near Me - Geo,Family Support,residential treatment center,residential treatment center,Broad,https://harborridge.example.test/admissions,CO,21.53,0,Google Ads,System-Observed
TOUCH-000850,,2026-06-10T15:16:49,Paid Search,Google Ads,CMP-1001,Behavioral Health - Brand,Admissions,inpatient mental health treatment,inpatient mental health treatment,Exact,https://harborridge.example.test/admissions,NY,42.07,0,Google Ads,System-Observed
TOUCH-000851,,2026-06-19T19:50:32,Paid Search,Google Ads,CMP-1004,Residential Treatment - Geo,Family Support,inpatient mental health treatment,inpatient mental health treatment,Broad,https://harborridge.example.test/admissions,OR,34.01,0,Google Ads,System-Observed
TOUCH-000852,,2026-06-10T15:23:10,Paid Search,Google Ads,CMP-1002,Behavioral Health - Non-Brand,Residential Programs,detox center near me,detox center near me,Broad,https://harborridge.example.test/admissions,NY,34.52,0,Google Ads,System-Observed
TOUCH-000853,,2026-06-26T16:21:28,Paid Search,Google Ads,CMP-1004,Residential Treatment - Geo,Detox Programs,inpatient mental health treatment,inpatient mental health treatment,Phrase,https://harborridge.example.test/admissions,FL,43.21,0,Google Ads,System-Observed
TOUCH-000854,,2026-06-28T15:13:37,Paid Search,Google Ads,CMP-1004,Residential Treatment - Geo,Family Support,substance abuse treatment options,substance abuse treatment options,Exact,https://harborridge.example.test/admissions,WA,19.05,0,Google Ads,System-Observed
TOUCH-000855,,2026-06-21T15:40:30,Paid Search,Google Ads,CMP-1002,Behavioral Health - Non-Brand,Admissions,family intervention help,family intervention help,Exact,https://harborridge.example.test/admissions,FL,43.43,0,Google Ads,System-Observed
TOUCH-000856,,2026-06-27T11:05:12,Paid Search,Google Ads,CMP-1005,Family Crisis - Non-Brand,Admissions,family intervention help,family intervention help,Phrase,https://harborridge.example.test/admissions,AZ,40.41,0,Google Ads,System-Observed
TOUCH-000857,,2026-06-21T15:41:25,Paid Search,Google Ads,CMP-1001,Behavioral Health - Brand,Admissions,family intervention help,family intervention help,Broad,https://harborridge.example.test/admissions,CA,39.82,0,Google Ads,System-Observed
TOUCH-000858,,2026-06-14T12:02:57,Paid Search,Google Ads,CMP-1003,Detox Near Me - Geo,Family Support,detox center near me,detox center near me,Exact,https://harborridge.example.test/admissions,FL,27.65,0,Google Ads,System-Observed
TOUCH-000859,,2026-06-28T09:09:40,Paid Search,Google Ads,CMP-1002,Behavioral Health - Non-Brand,Admissions,inpatient mental health treatment,inpatient mental health treatment,Broad,https://harborridge.example.test/admissions,FL,38.69,0,Google Ads,System-Observed
TOUCH-000860,,2026-06-02T12:27:15,Paid Search,Google Ads,CMP-1003,Detox Near Me - Geo,Detox Programs,behavioral health treatment near me,behavioral health treatment near me,Exact,https://harborridge.example.test/admissions,FL,21.66,0,Google Ads,System-Observed
TOUCH-000861,,2026-06-11T17:27:15,Paid Search,Google Ads,CMP-1002,Behavioral Health - Non-Brand,Detox Programs,residential treatment center,residential treatment center,Phrase,https://harborridge.example.test/admissions,CA,29.04,0,Google Ads,System-Observed
TOUCH-000862,,2026-06-06T08:03:12,Paid Search,Google Ads,CMP-1003,Detox Near Me - Geo,Detox Programs,detox center near me,detox center near me,Broad,https://harborridge.example.test/admissions,AZ,33.54,0,Google Ads,System-Observed
TOUCH-000863,,2026-06-11T09:43:48,Paid Search,Google Ads,CMP-1002,Behavioral Health - Non-Brand,Family Support,detox center near me,detox center near me,Broad,https://harborridge.example.test/admissions,WA,22.23,0,Google Ads,System-Observed
TOUCH-000864,,2026-06-22T09:21:10,Paid Search,Google Ads,CMP-1005,Family Crisis - Non-Brand,Admissions,inpatient mental health treatment,inpatient mental health treatment,Phrase,https://harborridge.example.test/admissions,AZ,35.64,0,Google Ads,System-Observed
TOUCH-000865,,2026-06-19T11:58:12,Paid Search,Google Ads,CMP-1001,Behavioral Health - Brand,Residential Programs,inpatient mental health treatment,inpatient mental health treatment,Exact,https://harborridge.example.test/admissions,AZ,21.01,0,Google Ads,System-Observed
TOUCH-000866,,2026-06-12T15:08:24,Paid Search,Google Ads,CMP-1005,Family Crisis - Non-Brand,Detox Programs,inpatient mental health treatment,inpatient mental health treatment,Exact,https://harborridge.example.test/admissions,OR,17.5,0,Google Ads,System-Observed
TOUCH-000867,,2026-06-21T07:42:57,Paid Search,Google Ads,CMP-1003,Detox Near Me - Geo,Admissions,inpatient mental health treatment,inpatient mental health treatment,Exact,https://harborridge.example.test/admissions,UT,22.25,0,Google Ads,System-Observed
TOUCH-000868,,2026-06-04T11:58:30,Paid Search,Google Ads,CMP-1002,Behavioral Health - Non-Brand,Admissions,detox center near me,detox center near me,Phrase,https://harborridge.example.test/admissions,UT,39.48,0,Google Ads,System-Observed
TOUCH-000869,,2026-06-02T13:41:34,Paid Search,Google Ads,CMP-1003,Detox Near Me - Geo,Family Support,residential treatment center,residential treatment center,Broad,https://harborridge.example.test/admissions,WA,30.07,0,Google Ads,System-Observed
TOUCH-000870,,2026-06-24T17:11:22,Paid Search,Google Ads,CMP-1003,Detox Near Me - Geo,Admissions,inpatient mental health treatment,inpatient mental health treatment,Phrase,https://harborridge.example.test/admissions,OR,27.46,0,Google Ads,System-Observed
TOUCH-000871,,2026-06-11T09:51:47,Paid Search,Google Ads,CMP-1001,Behavioral Health - Brand,Residential Programs,residential treatment center,residential treatment center,Broad,https://harborridge.example.test/admissions,CO,33.35,0,Google Ads,System-Observed
TOUCH-000872,,2026-06-21T08:38:18,Paid Search,Google Ads,CMP-1001,Behavioral Health - Brand,Detox Programs,substance abuse treatment options,substance abuse treatment options,Broad,https://harborridge.example.test/admissions,TX,22.08,0,Google Ads,System-Observed
TOUCH-000873,,2026-06-27T15:28:59,Paid Search,Google Ads,CMP-1002,Behavioral Health - Non-Brand,Admissions,inpatient mental health treatment,inpatient mental health treatment,Broad,https://harborridge.example.test/admissions,TX,24.01,0,Google Ads,System-Observed
TOUCH-000874,,2026-06-18T18:11:11,Paid Search,Google Ads,CMP-1003,Detox Near Me - Geo,Admissions,detox center near me,detox center near me,Phrase,https://harborridge.example.test/admissions,FL,39.26,0,Google Ads,System-Observed
TOUCH-000875,,2026-06-24T13:19:50,Paid Search,Google Ads,CMP-1005,Family Crisis - Non-Brand,Admissions,detox center near me,detox center near me,Broad,https://harborridge.example.test/admissions,CO,41.58,0,Google Ads,System-Observed
TOUCH-000876,,2026-06-07T15:39:33,Paid Search,Google Ads,CMP-1005,Family Crisis - Non-Brand,Detox Programs,residential treatment center,residential treatment center,Exact,https://harborridge.example.test/admissions,CA,14.24,0,Google Ads,System-Observed
TOUCH-000877,,2026-06-09T10:00:12,Paid Search,Google Ads,CMP-1001,Behavioral Health - Brand,Detox Programs,residential treatment center,residential treatment center,Broad,https://harborridge.example.test/admissions,NY,24.46,0,Google Ads,System-Observed
TOUCH-000878,,2026-06-25T14:54:21,Paid Search,Google Ads,CMP-1004,Residential Treatment - Geo,Admissions,residential treatment center,residential treatment center,Phrase,https://harborridge.example.test/admissions,WA,28.74,0,Google Ads,System-Observed
TOUCH-000879,,2026-06-25T17:04:59,Paid Search,Google Ads,CMP-1004,Residential Treatment - Geo,Family Support,behavioral health treatment near me,behavioral health treatment near me,Broad,https://harborridge.example.test/admissions,TX,20.18,0,Google Ads,System-Observed
TOUCH-000880,,2026-06-13T09:15:27,Paid Search,Google Ads,CMP-1002,Behavioral Health - Non-Brand,Family Support,inpatient mental health treatment,inpatient mental health treatment,Exact,https://harborridge.example.test/admissions,NV,40.56,0,Google Ads,System-Observed
TOUCH-000881,,2026-06-02T17:58:57,Paid Search,Google Ads,CMP-1004,Residential Treatment - Geo,Residential Programs,residential treatment center,residential treatment center,Phrase,https://harborridge.example.test/admissions,UT,33.12,0,Google Ads,System-Observed
TOUCH-000882,,2026-06-24T13:15:26,Paid Search,Google Ads,CMP-1002,Behavioral Health - Non-Brand,Detox Programs,residential treatment center,residential treatment center,Phrase,https://harborridge.example.test/admissions,UT,17.97,0,Google Ads,System-Observed
TOUCH-000883,,2026-06-20T10:02:07,Paid Search,Microsoft Ads,CMP-2002,Residential Treatment - Geo (Bing),Detox Programs,inpatient mental health treatment,inpatient mental health treatment,Broad,https://harborridge.example.test/admissions,NY,18.98,0,Microsoft Ads,System-Observed
TOUCH-000884,,2026-06-12T12:58:27,Paid Search,Microsoft Ads,CMP-2002,Residential Treatment - Geo (Bing),Residential Programs,detox center near me,detox center near me,Phrase,https://harborridge.example.test/admissions,OR,19.57,0,Microsoft Ads,System-Observed
TOUCH-000885,,2026-06-27T07:15:54,Paid Search,Microsoft Ads,CMP-2001,Behavioral Health - Brand (Bing),Residential Programs,behavioral health treatment near me,behavioral health treatment near me,Broad,https://harborridge.example.test/admissions,WA,27.96,0,Microsoft Ads,System-Observed
TOUCH-000886,,2026-06-17T12:08:35,Paid Search,Microsoft Ads,CMP-2001,Behavioral Health - Brand (Bing),Admissions,family intervention help,family intervention help,Broad,https://harborridge.example.test/admissions,TX,31.59,0,Microsoft Ads,System-Observed
TOUCH-000887,,2026-06-23T18:47:51,Paid Search,Microsoft Ads,CMP-2001,Behavioral Health - Brand (Bing),Detox Programs,inpatient mental health treatment,inpatient mental health treatment,Phrase,https://harborridge.example.test/admissions,UT,10.81,0,Microsoft Ads,System-Observed
TOUCH-000888,,2026-06-06T20:23:36,Paid Search,Microsoft Ads,CMP-2002,Residential Treatment - Geo (Bing),Detox Programs,inpatient mental health treatment,inpatient mental health treatment,Broad,https://harborridge.example.test/admissions,CO,15.76,0,Microsoft Ads,System-Observed
TOUCH-000889,,2026-06-02T20:21:07,Paid Search,Microsoft Ads,CMP-2001,Behavioral Health - Brand (Bing),Detox Programs,inpatient mental health treatment,inpatient mental health treatment,Exact,https://harborridge.example.test/admissions,FL,9.67,0,Microsoft Ads,System-Observed
TOUCH-000890,,2026-06-08T08:19:53,Paid Search,Microsoft Ads,CMP-2002,Residential Treatment - Geo (Bing),Detox Programs,behavioral health treatment near me,behavioral health treatment near me,Broad,https://harborridge.example.test/admissions,NY,28.31,0,Microsoft Ads,System-Observed
TOUCH-000891,,2026-06-06T15:14:00,Paid Search,Microsoft Ads,CMP-2001,Behavioral Health - Brand (Bing),Residential Programs,family intervention help,family intervention help,Phrase,https://harborridge.example.test/admissions,FL,23.61,0,Microsoft Ads,System-Observed
TOUCH-000892,,2026-06-30T09:03:13,Paid Search,Microsoft Ads,CMP-2002,Residential Treatment - Geo (Bing),Residential Programs,inpatient mental health treatment,inpatient mental health treatment,Exact,https://harborridge.example.test/admissions,UT,10.72,0,Microsoft Ads,System-Observed
TOUCH-000893,,2026-06-12T09:50:25,Paid Search,Microsoft Ads,CMP-2001,Behavioral Health - Brand (Bing),Residential Programs,substance abuse treatment options,substance abuse treatment options,Exact,https://harborridge.example.test/admissions,NV,28.15,0,Microsoft Ads,System-Observed
TOUCH-000894,,2026-06-04T10:19:15,Paid Search,Microsoft Ads,CMP-2001,Behavioral Health - Brand (Bing),Detox Programs,inpatient mental health treatment,inpatient mental health treatment,Phrase,https://harborridge.example.test/admissions,OR,26.98,0,Microsoft Ads,System-Observed
TOUCH-000895,,2026-06-12T17:42:20,Paid Social,Meta,CMP-3002,Recovery Journey - Lookalike,Community Awareness,,,,https://harborridge.example.test/family-support,UT,3.53,0,Meta,System-Observed
TOUCH-000896,,2026-06-07T13:29:53,Paid Social,Meta,CMP-3003,Local Community Awareness,Family Support,,,,https://harborridge.example.test/family-support,OR,12.52,0,Meta,System-Observed
TOUCH-000897,,2026-06-01T09:29:56,Paid Social,Meta,CMP-3003,Local Community Awareness,Family Support,,,,https://harborridge.example.test/family-support,UT,7.51,0,Meta,System-Observed
TOUCH-000898,,2026-06-27T13:11:07,Paid Social,Meta,CMP-3001,Family Support Awareness,Family Support,,,,https://harborridge.example.test/family-support,CA,12.84,0,Meta,System-Observed
TOUCH-000899,,2026-06-18T11:42:24,Paid Social,Meta,CMP-3001,Family Support Awareness,Family Support,,,,https://harborridge.example.test/family-support,FL,9.1,0,Meta,System-Observed
TOUCH-000900,,2026-06-28T13:11:14,Paid Social,Meta,CMP-3001,Family Support Awareness,Community Awareness,,,,https://harborridge.example.test/family-support,NV,3.01,0,Meta,System-Observed
TOUCH-000901,,2026-06-12T14:22:40,Paid Social,Meta,CMP-3003,Local Community Awareness,Family Support,,,,https://harborridge.example.test/family-support,FL,7.7,0,Meta,System-Observed
TOUCH-000902,,2026-06-14T08:42:17,Paid Social,Meta,CMP-3003,Local Community Awareness,Community Awareness,,,,https://harborridge.example.test/family-support,TX,7.5,0,Meta,System-Observed
TOUCH-000903,,2026-06-14T07:50:51,Paid Social,Meta,CMP-3002,Recovery Journey - Lookalike,Community Awareness,,,,https://harborridge.example.test/family-support,WA,6.78,0,Meta,System-Observed
TOUCH-000904,,2026-06-09T09:38:20,Paid Social,Meta,CMP-3001,Family Support Awareness,Family Support,,,,https://harborridge.example.test/family-support,CO,7.67,0,Meta,System-Observed
TOUCH-000905,,2026-06-08T19:26:58,Paid Social,Meta,CMP-3002,Recovery Journey - Lookalike,Community Awareness,,,,https://harborridge.example.test/family-support,FL,3.82,0,Meta,System-Observed
TOUCH-000906,,2026-06-08T12:22:41,Paid Social,Meta,CMP-3001,Family Support Awareness,Community Awareness,,,,https://harborridge.example.test/family-support,CO,5.54,0,Meta,System-Observed
TOUCH-000907,,2026-06-06T13:00:29,Paid Social,Meta,CMP-3002,Recovery Journey - Lookalike,Community Awareness,,,,https://harborridge.example.test/family-support,NV,9.62,0,Meta,System-Observed
TOUCH-000908,,2026-06-30T09:51:31,Paid Social,Meta,CMP-3002,Recovery Journey - Lookalike,Family Support,,,,https://harborridge.example.test/family-support,WA,11.37,0,Meta,System-Observed
TOUCH-000909,,2026-06-19T10:27:26,Paid Social,Meta,CMP-3003,Local Community Awareness,Community Awareness,,,,https://harborridge.example.test/family-support,TX,8.09,0,Meta,System-Observed
TOUCH-000910,,2026-06-24T17:34:41,Paid Social,Meta,CMP-3003,Local Community Awareness,Family Support,,,,https://harborridge.example.test/family-support,NY,6.75,0,Meta,System-Observed
TOUCH-000911,,2026-06-23T16:33:09,Paid Social,Meta,CMP-3003,Local Community Awareness,Family Support,,,,https://harborridge.example.test/family-support,TX,13.4,0,Meta,System-Observed
TOUCH-000912,,2026-06-25T19:26:50,Paid Social,Meta,CMP-3003,Local Community Awareness,Family Support,,,,https://harborridge.example.test/family-support,WA,5.55,0,Meta,System-Observed
TOUCH-000913,,2026-06-10T19:57:35,Paid Social,Meta,CMP-3003,Local Community Awareness,Family Support,,,,https://harborridge.example.test/family-support,CA,6.49,0,Meta,System-Observed
TOUCH-000914,,2026-06-02T09:41:11,Paid Social,Meta,CMP-3001,Family Support Awareness,Community Awareness,,,,https://harborridge.example.test/family-support,OR,6.02,0,Meta,System-Observed
TOUCH-000915,,2026-06-04T17:30:57,Paid Social,Meta,CMP-3002,Recovery Journey - Lookalike,Community Awareness,,,,https://harborridge.example.test/family-support,NV,6.83,0,Meta,System-Observed
TOUCH-000916,,2026-06-04T19:10:49,Paid Social,Meta,CMP-3003,Local Community Awareness,Family Support,,,,https://harborridge.example.test/family-support,NY,13.45,0,Meta,System-Observed
TOUCH-000917,,2026-06-01T15:22:02,Paid Social,Meta,CMP-3002,Recovery Journey - Lookalike,Family Support,,,,https://harborridge.example.test/family-support,CA,8.31,0,Meta,System-Observed
TOUCH-000918,,2026-06-12T15:33:29,Paid Social,Meta,CMP-3001,Family Support Awareness,Community Awareness,,,,https://harborridge.example.test/family-support,AZ,12.24,0,Meta,System-Observed
TOUCH-000919,,2026-06-04T13:40:48,Paid Social,Meta,CMP-3003,Local Community Awareness,Family Support,,,,https://harborridge.example.test/family-support,OR,8.74,0,Meta,System-Observed
TOUCH-000920,,2026-06-03T11:28:18,Organic,Google Organic,,,,,,,https://harborridge.example.test/treatment-programs,NV,,0,Google Analytics,System-Observed
TOUCH-000921,,2026-06-11T16:23:45,Organic,Google Organic,,,,,,,https://harborridge.example.test/treatment-programs,CA,,0,Google Analytics,System-Observed
TOUCH-000922,,2026-06-29T14:18:10,Organic,Google Organic,,,,,,,https://harborridge.example.test/treatment-programs,FL,,0,Google Analytics,System-Observed
TOUCH-000923,,2026-06-24T10:18:33,Organic,Google Organic,,,,,,,https://harborridge.example.test/treatment-programs,CO,,0,Google Analytics,System-Observed
TOUCH-000924,,2026-06-30T07:35:11,Organic,Google Organic,,,,,,,https://harborridge.example.test/treatment-programs,FL,,0,Google Analytics,System-Observed
TOUCH-000925,,2026-06-01T20:08:13,Organic,Google Organic,,,,,,,https://harborridge.example.test/treatment-programs,AZ,,0,Google Analytics,System-Observed
TOUCH-000926,,2026-06-16T07:26:22,Organic,Google Organic,,,,,,,https://harborridge.example.test/treatment-programs,TX,,0,Google Analytics,System-Observed
TOUCH-000927,,2026-06-10T10:11:15,Organic,Google Organic,,,,,,,https://harborridge.example.test/treatment-programs,FL,,0,Google Analytics,System-Observed
TOUCH-000928,,2026-06-30T14:18:45,Organic,Google Organic,,,,,,,https://harborridge.example.test/treatment-programs,OR,,0,Google Analytics,System-Observed
TOUCH-000929,,2026-06-03T20:20:17,Organic,Google Organic,,,,,,,https://harborridge.example.test/treatment-programs,NV,,0,Google Analytics,System-Observed
TOUCH-000930,,2026-06-21T07:12:46,Organic,Google Organic,,,,,,,https://harborridge.example.test/treatment-programs,UT,,0,Google Analytics,System-Observed
TOUCH-000931,,2026-06-26T11:10:14,Organic,Google Organic,,,,,,,https://harborridge.example.test/treatment-programs,NV,,0,Google Analytics,System-Observed
TOUCH-000932,,2026-06-30T07:26:48,Organic,Google Organic,,,,,,,https://harborridge.example.test/treatment-programs,CA,,0,Google Analytics,System-Observed
TOUCH-000933,,2026-06-25T08:41:06,Organic,Google Organic,,,,,,,https://harborridge.example.test/treatment-programs,CO,,0,Google Analytics,System-Observed
TOUCH-000934,,2026-06-02T15:05:21,Organic,Google Organic,,,,,,,https://harborridge.example.test/treatment-programs,OR,,0,Google Analytics,System-Observed
TOUCH-000935,,2026-06-27T07:23:20,Organic,Google Organic,,,,,,,https://harborridge.example.test/treatment-programs,OR,,0,Google Analytics,System-Observed
TOUCH-000936,,2026-06-30T09:05:35,Organic,Google Organic,,,,,,,https://harborridge.example.test/treatment-programs,CA,,0,Google Analytics,System-Observed
TOUCH-000937,,2026-06-11T10:04:53,Organic,Google Organic,,,,,,,https://harborridge.example.test/treatment-programs,OR,,0,Google Analytics,System-Observed
TOUCH-000938,,2026-06-15T09:25:44,Organic,Google Organic,,,,,,,https://harborridge.example.test/treatment-programs,OR,,0,Google Analytics,System-Observed
TOUCH-000939,,2026-06-18T15:51:25,Organic,Google Organic,,,,,,,https://harborridge.example.test/treatment-programs,FL,,0,Google Analytics,System-Observed
TOUCH-000940,,2026-06-19T15:16:46,Organic,Google Organic,,,,,,,https://harborridge.example.test/treatment-programs,AZ,,0,Google Analytics,System-Observed
TOUCH-000941,,2026-06-16T16:04:00,Organic,Google Organic,,,,,,,https://harborridge.example.test/treatment-programs,CO,,0,Google Analytics,System-Observed
TOUCH-000942,,2026-06-03T08:12:44,Organic,Google Organic,,,,,,,https://harborridge.example.test/treatment-programs,TX,,0,Google Analytics,System-Observed
TOUCH-000943,,2026-06-08T15:38:29,Organic,Google Organic,,,,,,,https://harborridge.example.test/treatment-programs,AZ,,0,Google Analytics,System-Observed
TOUCH-000944,,2026-06-13T07:26:48,Organic,Google Organic,,,,,,,https://harborridge.example.test/treatment-programs,TX,,0,Google Analytics,System-Observed
TOUCH-000945,,2026-06-29T19:38:00,Organic,Google Organic,,,,,,,https://harborridge.example.test/treatment-programs,OR,,0,Google Analytics,System-Observed
TOUCH-000946,,2026-06-06T20:57:32,Organic,Google Organic,,,,,,,https://harborridge.example.test/treatment-programs,CO,,0,Google Analytics,System-Observed
TOUCH-000947,,2026-06-28T15:15:07,Organic,Google Organic,,,,,,,https://harborridge.example.test/treatment-programs,WA,,0,Google Analytics,System-Observed
TOUCH-000948,,2026-06-02T11:30:23,Organic,Google Organic,,,,,,,https://harborridge.example.test/treatment-programs,FL,,0,Google Analytics,System-Observed
TOUCH-000949,,2026-06-09T17:40:54,Organic,Google Organic,,,,,,,https://harborridge.example.test/treatment-programs,NV,,0,Google Analytics,System-Observed
TOUCH-000950,,2026-06-20T12:42:02,Organic,Google Organic,,,,,,,https://harborridge.example.test/treatment-programs,WA,,0,Google Analytics,System-Observed
TOUCH-000951,,2026-06-04T14:59:30,Organic,Google Organic,,,,,,,https://harborridge.example.test/treatment-programs,TX,,0,Google Analytics,System-Observed
TOUCH-000952,,2026-06-04T14:21:03,Organic,Google Organic,,,,,,,https://harborridge.example.test/treatment-programs,TX,,0,Google Analytics,System-Observed
TOUCH-000953,,2026-06-22T15:10:31,Organic,Google Organic,,,,,,,https://harborridge.example.test/treatment-programs,CA,,0,Google Analytics,System-Observed
TOUCH-000954,,2026-06-09T10:56:36,Organic,Google Organic,,,,,,,https://harborridge.example.test/treatment-programs,CO,,0,Google Analytics,System-Observed
TOUCH-000955,,2026-06-21T11:44:32,Organic,Google Organic,,,,,,,https://harborridge.example.test/treatment-programs,CO,,0,Google Analytics,System-Observed
TOUCH-000956,,2026-06-05T19:09:21,Organic,Google Organic,,,,,,,https://harborridge.example.test/treatment-programs,WA,,0,Google Analytics,System-Observed
TOUCH-000957,,2026-06-23T18:32:41,Organic,Google Organic,,,,,,,https://harborridge.example.test/treatment-programs,OR,,0,Google Analytics,System-Observed
TOUCH-000958,,2026-06-27T16:24:33,Organic,Google Organic,,,,,,,https://harborridge.example.test/treatment-programs,UT,,0,Google Analytics,System-Observed
TOUCH-000959,,2026-06-29T15:13:40,Organic,Google Organic,,,,,,,https://harborridge.example.test/treatment-programs,CO,,0,Google Analytics,System-Observed
TOUCH-000960,,2026-06-30T15:00:32,Organic,Google Organic,,,,,,,https://harborridge.example.test/treatment-programs,CO,,0,Google Analytics,System-Observed
TOUCH-000961,,2026-06-16T10:32:41,Organic,Google Organic,,,,,,,https://harborridge.example.test/treatment-programs,UT,,0,Google Analytics,System-Observed
TOUCH-000962,,2026-06-28T16:56:32,Organic,Google Organic,,,,,,,https://harborridge.example.test/treatment-programs,WA,,0,Google Analytics,System-Observed
TOUCH-000963,,2026-06-22T20:13:14,Organic,Google Organic,,,,,,,https://harborridge.example.test/treatment-programs,AZ,,0,Google Analytics,System-Observed
TOUCH-000964,,2026-06-05T20:46:19,Organic,Google Organic,,,,,,,https://harborridge.example.test/treatment-programs,WA,,0,Google Analytics,System-Observed
TOUCH-000965,,2026-06-23T07:48:06,Organic,Google Organic,,,,,,,https://harborridge.example.test/treatment-programs,FL,,0,Google Analytics,System-Observed
TOUCH-000966,,2026-06-12T20:13:22,Organic,Google Organic,,,,,,,https://harborridge.example.test/treatment-programs,WA,,0,Google Analytics,System-Observed
TOUCH-000967,,2026-06-06T07:07:45,Organic,Google Organic,,,,,,,https://harborridge.example.test/treatment-programs,NY,,0,Google Analytics,System-Observed
TOUCH-000968,,2026-06-28T16:01:06,Organic,Google Organic,,,,,,,https://harborridge.example.test/treatment-programs,CA,,0,Google Analytics,System-Observed
TOUCH-000969,,2026-06-24T16:19:37,Organic,Google Organic,,,,,,,https://harborridge.example.test/treatment-programs,OR,,0,Google Analytics,System-Observed
TOUCH-000970,,2026-06-13T20:58:46,Organic,Google Organic,,,,,,,https://harborridge.example.test/treatment-programs,CA,,0,Google Analytics,System-Observed
TOUCH-000971,,2026-06-02T16:13:11,Organic,Google Organic,,,,,,,https://harborridge.example.test/treatment-programs,FL,,0,Google Analytics,System-Observed
TOUCH-000972,,2026-06-25T07:50:59,Organic,Google Organic,,,,,,,https://harborridge.example.test/treatment-programs,NV,,0,Google Analytics,System-Observed
TOUCH-000973,,2026-06-28T11:09:48,Organic,Google Organic,,,,,,,https://harborridge.example.test/treatment-programs,UT,,0,Google Analytics,System-Observed
TOUCH-000974,,2026-06-26T13:00:40,Organic,Google Organic,,,,,,,https://harborridge.example.test/treatment-programs,OR,,0,Google Analytics,System-Observed
TOUCH-000975,,2026-06-27T07:14:38,Organic,Google Organic,,,,,,,https://harborridge.example.test/treatment-programs,FL,,0,Google Analytics,System-Observed
TOUCH-000976,,2026-06-05T19:53:52,Organic,Google Organic,,,,,,,https://harborridge.example.test/treatment-programs,TX,,0,Google Analytics,System-Observed
TOUCH-000977,,2026-06-10T14:30:34,Organic,Google Organic,,,,,,,https://harborridge.example.test/treatment-programs,AZ,,0,Google Analytics,System-Observed
TOUCH-000978,,2026-06-21T14:56:22,Organic,Google Organic,,,,,,,https://harborridge.example.test/treatment-programs,FL,,0,Google Analytics,System-Observed
TOUCH-000979,,2026-06-28T13:36:14,Organic,Google Organic,,,,,,,https://harborridge.example.test/treatment-programs,TX,,0,Google Analytics,System-Observed
TOUCH-000980,,2026-06-07T11:30:19,Organic,Google Organic,,,,,,,https://harborridge.example.test/treatment-programs,CO,,0,Google Analytics,System-Observed
TOUCH-000981,,2026-06-03T18:13:59,Organic,Google Organic,,,,,,,https://harborridge.example.test/treatment-programs,UT,,0,Google Analytics,System-Observed
TOUCH-000982,,2026-06-14T07:57:29,Organic,Google Organic,,,,,,,https://harborridge.example.test/treatment-programs,UT,,0,Google Analytics,System-Observed
TOUCH-000983,,2026-06-24T13:30:02,Organic,Google Organic,,,,,,,https://harborridge.example.test/treatment-programs,UT,,0,Google Analytics,System-Observed
TOUCH-000984,,2026-06-10T15:48:55,Organic,Google Organic,,,,,,,https://harborridge.example.test/treatment-programs,UT,,0,Google Analytics,System-Observed
TOUCH-000985,,2026-06-20T13:46:45,Organic,Google Organic,,,,,,,https://harborridge.example.test/treatment-programs,UT,,0,Google Analytics,System-Observed
TOUCH-000986,,2026-06-10T19:33:24,Organic,Google Organic,,,,,,,https://harborridge.example.test/treatment-programs,OR,,0,Google Analytics,System-Observed
TOUCH-000987,,2026-06-11T11:12:15,Organic,Google Organic,,,,,,,https://harborridge.example.test/treatment-programs,NV,,0,Google Analytics,System-Observed
TOUCH-000988,,2026-06-18T10:57:11,Organic,Google Organic,,,,,,,https://harborridge.example.test/treatment-programs,FL,,0,Google Analytics,System-Observed
TOUCH-000989,,2026-06-21T08:17:36,Organic,Google Organic,,,,,,,https://harborridge.example.test/treatment-programs,FL,,0,Google Analytics,System-Observed
TOUCH-000990,,2026-06-06T17:12:38,Organic,Google Organic,,,,,,,https://harborridge.example.test/treatment-programs,OR,,0,Google Analytics,System-Observed
TOUCH-000991,,2026-06-12T14:39:17,Organic,Google Organic,,,,,,,https://harborridge.example.test/treatment-programs,OR,,0,Google Analytics,System-Observed
TOUCH-000992,,2026-06-18T14:17:09,Organic,Google Organic,,,,,,,https://harborridge.example.test/treatment-programs,CO,,0,Google Analytics,System-Observed
TOUCH-000993,,2026-06-23T10:15:54,Organic,Google Organic,,,,,,,https://harborridge.example.test/treatment-programs,OR,,0,Google Analytics,System-Observed
TOUCH-000994,,2026-06-19T11:06:19,Organic,Google Organic,,,,,,,https://harborridge.example.test/treatment-programs,CA,,0,Google Analytics,System-Observed
TOUCH-000995,,2026-06-24T19:34:25,Organic,Google Organic,,,,,,,https://harborridge.example.test/treatment-programs,OR,,0,Google Analytics,System-Observed
TOUCH-000996,INQ-000461,2026-07-03T16:57:41,Organic,Google Organic,,,,,,,https://harborridge.example.test/treatment-programs,WA,,1,Google Organic,System-Observed
TOUCH-000997,INQ-000464,2026-07-13T07:28:32,Paid Search,Microsoft Ads,CMP-2002,Residential Treatment - Geo (Bing),Admissions,behavioral health treatment near me,behavioral health treatment near me,Exact,https://harborridge.example.test/admissions,FL,21.22,1,Microsoft Ads,System-Observed
TOUCH-000998,INQ-000465,2026-07-06T10:12:45,Paid Search,Google Ads,CMP-1003,Detox Near Me - Geo,Admissions,inpatient mental health treatment,inpatient mental health treatment,Exact,https://harborridge.example.test/admissions,WA,29.38,1,Google Ads,System-Observed
TOUCH-000999,INQ-000467,2026-07-15T13:53:31,Paid Search,Google Ads,CMP-1005,Family Crisis - Non-Brand,Detox Programs,family intervention help,family intervention help,Broad,https://harborridge.example.test/admissions,NY,23.14,1,Google Ads,System-Observed
TOUCH-001000,INQ-000470,2026-07-07T12:34:24,Paid Search,Microsoft Ads,CMP-2002,Residential Treatment - Geo (Bing),Residential Programs,substance abuse treatment options,substance abuse treatment options,Phrase,https://harborridge.example.test/admissions,CA,14.79,1,Microsoft Ads,System-Observed
TOUCH-001001,INQ-000471,2026-07-26T09:20:56,Paid Search,Google Ads,CMP-1005,Family Crisis - Non-Brand,Detox Programs,residential treatment center,residential treatment center,Broad,https://harborridge.example.test/admissions,AZ,32.21,1,Google Ads,System-Observed
TOUCH-001002,INQ-000473,2026-07-09T20:21:28,Local,GBP,,,,,,,https://harborridge.example.test/contact,UT,,1,GBP,System-Observed
TOUCH-001003,INQ-000474,2026-07-04T07:39:27,Paid Search,Microsoft Ads,CMP-2001,Behavioral Health - Brand (Bing),Family Support,family intervention help,family intervention help,Phrase,https://harborridge.example.test/admissions,WA,26.45,1,Microsoft Ads,System-Observed
TOUCH-001004,INQ-000476,2026-07-19T17:44:30,Paid Search,Google Ads,CMP-1005,Family Crisis - Non-Brand,Detox Programs,detox center near me,detox center near me,Exact,https://harborridge.example.test/admissions,NV,22.32,1,Google Ads,System-Observed
TOUCH-001005,INQ-000478,2026-07-21T08:32:48,Organic,Google Organic,,,,,,,https://harborridge.example.test/treatment-programs,UT,,1,Google Organic,System-Observed
TOUCH-001006,INQ-000481,2026-07-16T06:38:07,Direct,,,,,,,,https://harborridge.example.test/,FL,,1,Direct / Analytics,System-Observed
TOUCH-001007,INQ-000482,2026-07-23T09:52:37,Organic,Google Organic,,,,,,,https://harborridge.example.test/treatment-programs,AZ,,1,Google Organic,System-Observed
TOUCH-001008,INQ-000483,2026-07-19T17:32:40,Organic,Google Organic,,,,,,,https://harborridge.example.test/treatment-programs,FL,,1,Google Organic,System-Observed
TOUCH-001009,INQ-000485,2026-07-05T15:38:57,Paid Search,Google Ads,CMP-1005,Family Crisis - Non-Brand,Detox Programs,residential treatment center,residential treatment center,Broad,https://harborridge.example.test/admissions,TX,37.47,1,Google Ads,System-Observed
TOUCH-001010,INQ-000487,2026-07-07T07:25:27,Organic,Google Organic,,,,,,,https://harborridge.example.test/treatment-programs,AZ,,1,Google Organic,System-Observed
TOUCH-001011,INQ-000488,2026-07-06T07:49:26,Local,GBP,,,,,,,https://harborridge.example.test/contact,TX,,1,GBP,System-Observed
TOUCH-001012,INQ-000489,2026-07-06T17:28:28,Organic,Google Organic,,,,,,,https://harborridge.example.test/treatment-programs,NY,,1,Google Organic,System-Observed
TOUCH-001013,INQ-000491,2026-07-07T12:56:50,Paid Search,Google Ads,CMP-1003,Detox Near Me - Geo,Residential Programs,detox center near me,detox center near me,Exact,https://harborridge.example.test/admissions,WA,27.97,1,Google Ads,System-Observed
TOUCH-001014,INQ-000492,2026-07-23T19:47:49,Organic,Google Organic,,,,,,,https://harborridge.example.test/treatment-programs,CA,,1,Google Organic,System-Observed
TOUCH-001015,INQ-000493,2026-07-15T17:35:43,Organic,Google Organic,,,,,,,https://harborridge.example.test/treatment-programs,UT,,1,Google Organic,System-Observed
TOUCH-001016,INQ-000494,2026-07-04T09:35:17,Organic,Google Organic,,,,,,,https://harborridge.example.test/treatment-programs,CA,,1,Google Organic,System-Observed
TOUCH-001017,INQ-000495,2026-07-07T07:09:53,Paid Social,Meta,CMP-3001,Family Support Awareness,Family Support,,,,https://harborridge.example.test/family-support,TX,9.5,1,Meta,System-Observed
TOUCH-001018,INQ-000496,2026-07-13T15:27:21,Paid Search,Google Ads,CMP-1005,Family Crisis - Non-Brand,Family Support,residential treatment center,residential treatment center,Exact,https://harborridge.example.test/admissions,TX,39.19,1,Google Ads,System-Observed
TOUCH-001019,INQ-000497,2026-07-05T17:59:57,Paid Search,Google Ads,CMP-1004,Residential Treatment - Geo,Residential Programs,inpatient mental health treatment,inpatient mental health treatment,Broad,https://harborridge.example.test/admissions,WA,26.83,1,Google Ads,System-Observed
TOUCH-001020,INQ-000500,2026-07-26T10:38:38,Paid Search,Google Ads,CMP-1005,Family Crisis - Non-Brand,Detox Programs,behavioral health treatment near me,behavioral health treatment near me,Broad,https://harborridge.example.test/admissions,CO,21.03,1,Google Ads,System-Observed
TOUCH-001021,INQ-000502,2026-07-03T19:27:56,Paid Search,Microsoft Ads,CMP-2002,Residential Treatment - Geo (Bing),Detox Programs,residential treatment center,residential treatment center,Phrase,https://harborridge.example.test/admissions,CO,21.41,1,Microsoft Ads,System-Observed
TOUCH-001022,INQ-000504,2026-07-08T12:33:35,Paid Search,Google Ads,CMP-1003,Detox Near Me - Geo,Family Support,inpatient mental health treatment,inpatient mental health treatment,Broad,https://harborridge.example.test/admissions,CO,41.45,1,Google Ads,System-Observed
TOUCH-001023,INQ-000505,2026-07-09T18:36:11,Organic,Google Organic,,,,,,,https://harborridge.example.test/treatment-programs,CO,,1,Google Organic,System-Observed
TOUCH-001024,INQ-000506,2026-07-02T07:55:34,Paid Search,Google Ads,CMP-1003,Detox Near Me - Geo,Detox Programs,substance abuse treatment options,substance abuse treatment options,Exact,https://harborridge.example.test/admissions,NY,20.59,1,Google Ads,System-Observed
TOUCH-001025,INQ-000507,2026-07-08T15:41:10,Paid Search,Google Ads,CMP-1003,Detox Near Me - Geo,Detox Programs,behavioral health treatment near me,behavioral health treatment near me,Broad,https://harborridge.example.test/admissions,NV,14.75,1,Google Ads,System-Observed
TOUCH-001026,INQ-000515,2026-07-11T19:55:07,Direct,,,,,,,,https://harborridge.example.test/,WA,,1,Direct / Analytics,System-Observed
TOUCH-001027,INQ-000516,2026-07-08T10:14:24,Paid Search,Google Ads,CMP-1001,Behavioral Health - Brand,Residential Programs,inpatient mental health treatment,inpatient mental health treatment,Exact,https://harborridge.example.test/admissions,OR,41.92,1,Google Ads,System-Observed
TOUCH-001028,INQ-000517,2026-07-13T18:51:19,Paid Search,Google Ads,CMP-1004,Residential Treatment - Geo,Detox Programs,detox center near me,detox center near me,Broad,https://harborridge.example.test/admissions,FL,19.74,1,Google Ads,System-Observed
TOUCH-001029,INQ-000519,2026-07-16T16:05:18,Direct,,,,,,,,https://harborridge.example.test/,NY,,1,Direct / Analytics,System-Observed
TOUCH-001030,INQ-000520,2026-07-10T07:29:29,Direct,,,,,,,,https://harborridge.example.test/,OR,,1,Direct / Analytics,System-Observed
TOUCH-001031,INQ-000521,2026-07-18T19:50:41,Paid Social,Meta,CMP-3002,Recovery Journey - Lookalike,Community Awareness,,,,https://harborridge.example.test/family-support,AZ,6.56,1,Meta,System-Observed
TOUCH-001032,INQ-000522,2026-07-08T06:42:11,Paid Search,Microsoft Ads,CMP-2002,Residential Treatment - Geo (Bing),Admissions,residential treatment center,residential treatment center,Phrase,https://harborridge.example.test/admissions,NV,16.81,1,Microsoft Ads,System-Observed
TOUCH-001033,INQ-000524,2026-07-24T15:59:48,Paid Search,Google Ads,CMP-1002,Behavioral Health - Non-Brand,Family Support,behavioral health treatment near me,behavioral health treatment near me,Phrase,https://harborridge.example.test/admissions,TX,25.61,1,Google Ads,System-Observed
TOUCH-001034,INQ-000525,2026-07-17T14:24:32,Paid Search,Google Ads,CMP-1004,Residential Treatment - Geo,Family Support,behavioral health treatment near me,behavioral health treatment near me,Exact,https://harborridge.example.test/admissions,UT,31.75,1,Google Ads,System-Observed
TOUCH-001035,INQ-000526,2026-07-25T07:12:20,Paid Search,Google Ads,CMP-1002,Behavioral Health - Non-Brand,Residential Programs,behavioral health treatment near me,behavioral health treatment near me,Broad,https://harborridge.example.test/admissions,WA,17.49,1,Google Ads,System-Observed
TOUCH-001036,INQ-000528,2026-07-26T18:07:23,Paid Search,Google Ads,CMP-1001,Behavioral Health - Brand,Admissions,residential treatment center,residential treatment center,Exact,https://harborridge.example.test/admissions,CO,42.91,1,Google Ads,System-Observed
TOUCH-001037,INQ-000529,2026-07-25T12:45:43,Direct,,,,,,,,https://harborridge.example.test/,TX,,1,Direct / Analytics,System-Observed
TOUCH-001038,INQ-000530,2026-07-09T18:42:19,Local,GBP,,,,,,,https://harborridge.example.test/contact,OR,,1,GBP,System-Observed
TOUCH-001039,INQ-000531,2026-07-10T14:07:17,Organic,Google Organic,,,,,,,https://harborridge.example.test/treatment-programs,WA,,1,Google Organic,System-Observed
TOUCH-001040,INQ-000533,2026-07-02T09:14:57,Organic,Google Organic,,,,,,,https://harborridge.example.test/treatment-programs,TX,,1,Google Organic,System-Observed
TOUCH-001041,INQ-000534,2026-07-06T19:11:05,Paid Social,Meta,CMP-3003,Local Community Awareness,Community Awareness,,,,https://harborridge.example.test/family-support,CA,7.1,1,Meta,System-Observed
TOUCH-001042,INQ-000536,2026-07-16T10:54:50,Direct,,,,,,,,https://harborridge.example.test/,NV,,1,Direct / Analytics,System-Observed
TOUCH-001043,INQ-000537,2026-07-01T08:51:14,Organic,Google Organic,,,,,,,https://harborridge.example.test/treatment-programs,WA,,1,Google Organic,System-Observed
TOUCH-001044,INQ-000539,2026-07-01T15:51:06,Organic,Google Organic,,,,,,,https://harborridge.example.test/treatment-programs,TX,,1,Google Organic,System-Observed
TOUCH-001045,INQ-000541,2026-07-17T18:31:50,Organic,Google Organic,,,,,,,https://harborridge.example.test/treatment-programs,CA,,1,Google Organic,System-Observed
TOUCH-001046,INQ-000545,2026-07-15T10:22:38,Paid Search,Google Ads,CMP-1001,Behavioral Health - Brand,Admissions,inpatient mental health treatment,inpatient mental health treatment,Phrase,https://harborridge.example.test/admissions,AZ,33.8,1,Google Ads,System-Observed
TOUCH-001047,INQ-000547,2026-07-28T07:56:58,Organic,Google Organic,,,,,,,https://harborridge.example.test/treatment-programs,CA,,1,Google Organic,System-Observed
TOUCH-001048,INQ-000549,2026-07-05T12:08:42,Direct,,,,,,,,https://harborridge.example.test/,CO,,1,Direct / Analytics,System-Observed
TOUCH-001049,INQ-000550,2026-07-05T08:18:34,Direct,,,,,,,,https://harborridge.example.test/,CA,,1,Direct / Analytics,System-Observed
TOUCH-001050,INQ-000552,2026-07-16T18:41:21,Paid Search,Google Ads,CMP-1002,Behavioral Health - Non-Brand,Residential Programs,substance abuse treatment options,substance abuse treatment options,Broad,https://harborridge.example.test/admissions,OR,26.84,1,Google Ads,System-Observed
TOUCH-001051,INQ-000555,2026-07-08T15:23:08,Local,GBP,,,,,,,https://harborridge.example.test/contact,WA,,1,GBP,System-Observed
TOUCH-001052,INQ-000556,2026-07-08T14:53:44,Organic,Google Organic,,,,,,,https://harborridge.example.test/treatment-programs,OR,,1,Google Organic,System-Observed
TOUCH-001053,INQ-000557,2026-07-27T19:22:28,Direct,,,,,,,,https://harborridge.example.test/,OR,,1,Direct / Analytics,System-Observed
TOUCH-001054,INQ-000558,2026-07-28T16:49:52,Paid Search,Microsoft Ads,CMP-2002,Residential Treatment - Geo (Bing),Admissions,behavioral health treatment near me,behavioral health treatment near me,Exact,https://harborridge.example.test/admissions,WA,13.14,1,Microsoft Ads,System-Observed
TOUCH-001055,INQ-000559,2026-07-22T13:31:49,Paid Search,Google Ads,CMP-1003,Detox Near Me - Geo,Admissions,detox center near me,detox center near me,Phrase,https://harborridge.example.test/admissions,TX,33.56,1,Google Ads,System-Observed
TOUCH-001056,INQ-000561,2026-07-26T13:05:53,Paid Social,Meta,CMP-3002,Recovery Journey - Lookalike,Family Support,,,,https://harborridge.example.test/family-support,NY,11.23,1,Meta,System-Observed
TOUCH-001057,INQ-000562,2026-07-01T08:30:47,Direct,,,,,,,,https://harborridge.example.test/,NV,,1,Direct / Analytics,System-Observed
TOUCH-001058,INQ-000563,2026-07-02T09:25:15,Paid Search,Google Ads,CMP-1005,Family Crisis - Non-Brand,Admissions,substance abuse treatment options,substance abuse treatment options,Broad,https://harborridge.example.test/admissions,CA,44.71,1,Google Ads,System-Observed
TOUCH-001059,INQ-000564,2026-07-19T14:40:32,Local,GBP,,,,,,,https://harborridge.example.test/contact,CA,,1,GBP,System-Observed
TOUCH-001060,INQ-000566,2026-07-04T09:21:46,Paid Search,Google Ads,CMP-1003,Detox Near Me - Geo,Residential Programs,residential treatment center,residential treatment center,Broad,https://harborridge.example.test/admissions,CO,44.12,1,Google Ads,System-Observed
TOUCH-001061,INQ-000569,2026-07-12T17:08:33,Direct,,,,,,,,https://harborridge.example.test/,AZ,,1,Direct / Analytics,System-Observed
TOUCH-001062,INQ-000570,2026-07-25T15:57:25,Paid Search,Microsoft Ads,CMP-2002,Residential Treatment - Geo (Bing),Residential Programs,family intervention help,family intervention help,Broad,https://harborridge.example.test/admissions,UT,20.65,1,Microsoft Ads,System-Observed
TOUCH-001063,INQ-000571,2026-07-25T18:18:45,Paid Search,Google Ads,CMP-1004,Residential Treatment - Geo,Detox Programs,residential treatment center,residential treatment center,Broad,https://harborridge.example.test/admissions,AZ,28.48,1,Google Ads,System-Observed
TOUCH-001064,INQ-000572,2026-07-07T07:36:18,Direct,,,,,,,,https://harborridge.example.test/,AZ,,1,Direct / Analytics,System-Observed
TOUCH-001065,INQ-000574,2026-07-13T13:38:36,Paid Search,Google Ads,CMP-1001,Behavioral Health - Brand,Detox Programs,detox center near me,detox center near me,Exact,https://harborridge.example.test/admissions,FL,37.06,1,Google Ads,System-Observed
TOUCH-001066,INQ-000575,2026-07-28T20:03:21,Paid Search,Google Ads,CMP-1001,Behavioral Health - Brand,Residential Programs,inpatient mental health treatment,inpatient mental health treatment,Exact,https://harborridge.example.test/admissions,CA,30.94,1,Google Ads,System-Observed
TOUCH-001067,INQ-000576,2026-07-16T18:51:22,Paid Search,Microsoft Ads,CMP-2002,Residential Treatment - Geo (Bing),Family Support,residential treatment center,residential treatment center,Phrase,https://harborridge.example.test/admissions,NV,16.29,1,Microsoft Ads,System-Observed
TOUCH-001068,INQ-000577,2026-07-10T15:18:13,Local,GBP,,,,,,,https://harborridge.example.test/contact,CO,,1,GBP,System-Observed
TOUCH-001069,INQ-000578,2026-07-07T14:41:20,Organic,Google Organic,,,,,,,https://harborridge.example.test/treatment-programs,UT,,1,Google Organic,System-Observed
TOUCH-001070,INQ-000579,2026-07-01T07:55:25,Organic,Google Organic,,,,,,,https://harborridge.example.test/treatment-programs,WA,,1,Google Organic,System-Observed
TOUCH-001071,INQ-000580,2026-07-22T13:51:12,Direct,,,,,,,,https://harborridge.example.test/,NY,,1,Direct / Analytics,System-Observed
TOUCH-001072,INQ-000582,2026-07-03T19:36:22,Paid Search,Google Ads,CMP-1001,Behavioral Health - Brand,Family Support,residential treatment center,residential treatment center,Broad,https://harborridge.example.test/admissions,NV,30.3,1,Google Ads,System-Observed
TOUCH-001073,INQ-000584,2026-07-13T12:46:54,Paid Search,Google Ads,CMP-1003,Detox Near Me - Geo,Family Support,detox center near me,detox center near me,Broad,https://harborridge.example.test/admissions,FL,23.09,1,Google Ads,System-Observed
TOUCH-001074,INQ-000585,2026-07-15T11:55:32,Local,GBP,,,,,,,https://harborridge.example.test/contact,OR,,1,GBP,System-Observed
TOUCH-001075,INQ-000586,2026-07-04T10:25:20,Organic,Google Organic,,,,,,,https://harborridge.example.test/treatment-programs,CA,,1,Google Organic,System-Observed
TOUCH-001076,INQ-000587,2026-07-01T17:24:59,Paid Social,Meta,CMP-3002,Recovery Journey - Lookalike,Community Awareness,,,,https://harborridge.example.test/family-support,AZ,3.89,1,Meta,System-Observed
TOUCH-001077,INQ-000588,2026-07-09T06:12:51,Paid Search,Google Ads,CMP-1001,Behavioral Health - Brand,Detox Programs,family intervention help,family intervention help,Phrase,https://harborridge.example.test/admissions,CO,21.0,1,Google Ads,System-Observed
TOUCH-001078,INQ-000589,2026-07-15T06:30:31,Paid Search,Google Ads,CMP-1002,Behavioral Health - Non-Brand,Detox Programs,family intervention help,family intervention help,Broad,https://harborridge.example.test/admissions,OR,17.33,1,Google Ads,System-Observed
TOUCH-001079,INQ-000590,2026-07-16T07:36:13,Paid Search,Google Ads,CMP-1004,Residential Treatment - Geo,Family Support,detox center near me,detox center near me,Phrase,https://harborridge.example.test/admissions,NV,26.04,1,Google Ads,System-Observed
TOUCH-001080,INQ-000591,2026-07-13T14:52:44,Organic,Google Organic,,,,,,,https://harborridge.example.test/treatment-programs,NY,,1,Google Organic,System-Observed
TOUCH-001081,INQ-000592,2026-07-09T11:30:55,Paid Search,Google Ads,CMP-1001,Behavioral Health - Brand,Residential Programs,detox center near me,detox center near me,Phrase,https://harborridge.example.test/admissions,CO,35.78,1,Google Ads,System-Observed
TOUCH-001082,INQ-000593,2026-07-15T16:42:03,Direct,,,,,,,,https://harborridge.example.test/,OR,,1,Direct / Analytics,System-Observed
TOUCH-001083,INQ-000594,2026-07-26T08:07:42,Paid Search,Google Ads,CMP-1003,Detox Near Me - Geo,Family Support,residential treatment center,residential treatment center,Phrase,https://harborridge.example.test/admissions,TX,43.71,1,Google Ads,System-Observed
TOUCH-001084,INQ-000595,2026-07-06T14:14:23,Organic,Google Organic,,,,,,,https://harborridge.example.test/treatment-programs,AZ,,1,Google Organic,System-Observed
TOUCH-001085,INQ-000596,2026-07-20T09:59:00,Direct,,,,,,,,https://harborridge.example.test/,CO,,1,Direct / Analytics,System-Observed
TOUCH-001086,INQ-000597,2026-07-15T13:34:29,Direct,,,,,,,,https://harborridge.example.test/,CO,,1,Direct / Analytics,System-Observed
TOUCH-001087,INQ-000598,2026-07-18T19:28:45,Paid Search,Google Ads,CMP-1004,Residential Treatment - Geo,Detox Programs,behavioral health treatment near me,behavioral health treatment near me,Exact,https://harborridge.example.test/admissions,UT,31.11,1,Google Ads,System-Observed
TOUCH-001088,INQ-000600,2026-07-04T07:40:50,Organic,Google Organic,,,,,,,https://harborridge.example.test/treatment-programs,UT,,1,Google Organic,System-Observed
TOUCH-001089,INQ-000601,2026-07-13T07:53:56,Paid Search,Google Ads,CMP-1003,Detox Near Me - Geo,Residential Programs,residential treatment center,residential treatment center,Broad,https://harborridge.example.test/admissions,OR,35.08,1,Google Ads,System-Observed
TOUCH-001090,INQ-000603,2026-07-19T17:21:01,Organic,Google Organic,,,,,,,https://harborridge.example.test/treatment-programs,TX,,1,Google Organic,System-Observed
TOUCH-001091,INQ-000604,2026-07-19T12:49:09,Paid Search,Microsoft Ads,CMP-2002,Residential Treatment - Geo (Bing),Residential Programs,substance abuse treatment options,substance abuse treatment options,Broad,https://harborridge.example.test/admissions,AZ,24.33,1,Microsoft Ads,System-Observed
TOUCH-001092,INQ-000605,2026-07-13T20:38:22,Paid Search,Google Ads,CMP-1005,Family Crisis - Non-Brand,Admissions,family intervention help,family intervention help,Exact,https://harborridge.example.test/admissions,UT,37.44,1,Google Ads,System-Observed
TOUCH-001093,INQ-000606,2026-07-16T13:24:26,Paid Search,Google Ads,CMP-1003,Detox Near Me - Geo,Family Support,behavioral health treatment near me,behavioral health treatment near me,Exact,https://harborridge.example.test/admissions,AZ,38.58,1,Google Ads,System-Observed
TOUCH-001094,INQ-000607,2026-07-28T15:04:58,Paid Social,Meta,CMP-3003,Local Community Awareness,Community Awareness,,,,https://harborridge.example.test/family-support,NY,10.33,1,Meta,System-Observed
TOUCH-001095,INQ-000608,2026-07-09T18:39:21,Direct,,,,,,,,https://harborridge.example.test/,CA,,1,Direct / Analytics,System-Observed
TOUCH-001096,INQ-000610,2026-07-15T08:17:06,Paid Social,Meta,CMP-3002,Recovery Journey - Lookalike,Family Support,,,,https://harborridge.example.test/family-support,AZ,12.22,1,Meta,System-Observed
TOUCH-001097,INQ-000611,2026-07-07T19:52:42,Paid Search,Google Ads,CMP-1005,Family Crisis - Non-Brand,Family Support,residential treatment center,residential treatment center,Broad,https://harborridge.example.test/admissions,UT,39.37,1,Google Ads,System-Observed
TOUCH-001098,INQ-000612,2026-07-05T10:58:27,Paid Search,Google Ads,CMP-1004,Residential Treatment - Geo,Family Support,residential treatment center,residential treatment center,Exact,https://harborridge.example.test/admissions,TX,36.22,1,Google Ads,System-Observed
TOUCH-001099,INQ-000613,2026-07-09T10:08:40,Local,GBP,,,,,,,https://harborridge.example.test/contact,NV,,1,GBP,System-Observed
TOUCH-001100,INQ-000617,2026-07-07T12:29:52,Organic,Google Organic,,,,,,,https://harborridge.example.test/treatment-programs,OR,,1,Google Organic,System-Observed
TOUCH-001101,INQ-000618,2026-07-24T18:10:14,Local,GBP,,,,,,,https://harborridge.example.test/contact,CA,,1,GBP,System-Observed
TOUCH-001102,INQ-000620,2026-07-01T15:58:59,Organic,Google Organic,,,,,,,https://harborridge.example.test/treatment-programs,FL,,1,Google Organic,System-Observed
TOUCH-001103,INQ-000621,2026-07-26T15:05:16,Paid Search,Microsoft Ads,CMP-2001,Behavioral Health - Brand (Bing),Detox Programs,residential treatment center,residential treatment center,Phrase,https://harborridge.example.test/admissions,OR,23.61,1,Microsoft Ads,System-Observed
TOUCH-001104,INQ-000622,2026-07-22T13:18:34,Direct,,,,,,,,https://harborridge.example.test/,OR,,1,Direct / Analytics,System-Observed
TOUCH-001105,INQ-000623,2026-07-10T09:20:58,Paid Search,Google Ads,CMP-1004,Residential Treatment - Geo,Residential Programs,residential treatment center,residential treatment center,Broad,https://harborridge.example.test/admissions,TX,30.84,1,Google Ads,System-Observed
TOUCH-001106,INQ-000624,2026-07-12T11:29:09,Local,GBP,,,,,,,https://harborridge.example.test/contact,WA,,1,GBP,System-Observed
TOUCH-001107,INQ-000626,2026-07-16T16:40:00,Organic,Google Organic,,,,,,,https://harborridge.example.test/treatment-programs,UT,,1,Google Organic,System-Observed
TOUCH-001108,INQ-000627,2026-07-11T17:08:41,Organic,Google Organic,,,,,,,https://harborridge.example.test/treatment-programs,TX,,1,Google Organic,System-Observed
TOUCH-001109,INQ-000630,2026-07-25T11:30:03,Direct,,,,,,,,https://harborridge.example.test/,WA,,1,Direct / Analytics,System-Observed
TOUCH-001110,INQ-000631,2026-07-03T11:42:54,Organic,Google Organic,,,,,,,https://harborridge.example.test/treatment-programs,CA,,1,Google Organic,System-Observed
TOUCH-001111,INQ-000632,2026-07-12T08:49:45,Paid Search,Google Ads,CMP-1004,Residential Treatment - Geo,Family Support,substance abuse treatment options,substance abuse treatment options,Exact,https://harborridge.example.test/admissions,FL,44.15,1,Google Ads,System-Observed
TOUCH-001112,INQ-000633,2026-07-12T13:00:54,Paid Search,Google Ads,CMP-1004,Residential Treatment - Geo,Admissions,detox center near me,detox center near me,Exact,https://harborridge.example.test/admissions,FL,26.07,1,Google Ads,System-Observed
TOUCH-001113,INQ-000634,2026-07-07T13:09:53,Local,GBP,,,,,,,https://harborridge.example.test/contact,FL,,1,GBP,System-Observed
TOUCH-001114,INQ-000635,2026-07-08T16:17:08,Organic,Google Organic,,,,,,,https://harborridge.example.test/treatment-programs,NV,,1,Google Organic,System-Observed
TOUCH-001115,INQ-000637,2026-07-20T16:32:52,Paid Social,Meta,CMP-3002,Recovery Journey - Lookalike,Community Awareness,,,,https://harborridge.example.test/family-support,TX,14.03,1,Meta,System-Observed
TOUCH-001116,INQ-000638,2026-07-02T19:31:49,Direct,,,,,,,,https://harborridge.example.test/,CO,,1,Direct / Analytics,System-Observed
TOUCH-001117,INQ-000639,2026-07-21T12:35:32,Paid Search,Microsoft Ads,CMP-2002,Residential Treatment - Geo (Bing),Family Support,substance abuse treatment options,substance abuse treatment options,Broad,https://harborridge.example.test/admissions,AZ,17.09,1,Microsoft Ads,System-Observed
TOUCH-001118,INQ-000640,2026-07-01T08:39:16,Paid Search,Google Ads,CMP-1005,Family Crisis - Non-Brand,Admissions,detox center near me,detox center near me,Phrase,https://harborridge.example.test/admissions,CO,24.86,1,Google Ads,System-Observed
TOUCH-001119,INQ-000641,2026-07-25T09:23:15,Organic,Google Organic,,,,,,,https://harborridge.example.test/treatment-programs,NV,,1,Google Organic,System-Observed
TOUCH-001120,INQ-000642,2026-07-04T10:59:21,Paid Search,Microsoft Ads,CMP-2001,Behavioral Health - Brand (Bing),Admissions,inpatient mental health treatment,inpatient mental health treatment,Exact,https://harborridge.example.test/admissions,OR,15.31,1,Microsoft Ads,System-Observed
TOUCH-001121,INQ-000643,2026-07-06T09:29:59,Direct,,,,,,,,https://harborridge.example.test/,FL,,1,Direct / Analytics,System-Observed
TOUCH-001122,INQ-000644,2026-07-14T14:19:50,Direct,,,,,,,,https://harborridge.example.test/,AZ,,1,Direct / Analytics,System-Observed
TOUCH-001123,INQ-000645,2026-07-05T10:52:23,Paid Search,Google Ads,CMP-1001,Behavioral Health - Brand,Detox Programs,inpatient mental health treatment,inpatient mental health treatment,Broad,https://harborridge.example.test/admissions,FL,33.14,1,Google Ads,System-Observed
TOUCH-001124,INQ-000647,2026-07-06T10:20:57,Paid Search,Google Ads,CMP-1002,Behavioral Health - Non-Brand,Detox Programs,family intervention help,family intervention help,Exact,https://harborridge.example.test/admissions,UT,34.36,1,Google Ads,System-Observed
TOUCH-001125,INQ-000648,2026-07-03T14:03:30,Direct,,,,,,,,https://harborridge.example.test/,CO,,1,Direct / Analytics,System-Observed
TOUCH-001126,INQ-000653,2026-07-03T10:35:33,Local,GBP,,,,,,,https://harborridge.example.test/contact,WA,,1,GBP,System-Observed
TOUCH-001127,INQ-000654,2026-07-11T18:03:46,Paid Search,Google Ads,CMP-1005,Family Crisis - Non-Brand,Admissions,detox center near me,detox center near me,Exact,https://harborridge.example.test/admissions,FL,27.66,1,Google Ads,System-Observed
TOUCH-001128,INQ-000655,2026-07-27T20:33:32,Organic,Google Organic,,,,,,,https://harborridge.example.test/treatment-programs,CA,,1,Google Organic,System-Observed
TOUCH-001129,INQ-000656,2026-07-09T06:55:16,Paid Search,Google Ads,CMP-1004,Residential Treatment - Geo,Residential Programs,behavioral health treatment near me,behavioral health treatment near me,Exact,https://harborridge.example.test/admissions,NY,17.65,1,Google Ads,System-Observed
TOUCH-001130,INQ-000657,2026-07-15T09:41:26,Paid Search,Google Ads,CMP-1001,Behavioral Health - Brand,Residential Programs,detox center near me,detox center near me,Exact,https://harborridge.example.test/admissions,TX,15.05,1,Google Ads,System-Observed
TOUCH-001131,INQ-000658,2026-07-16T08:08:41,Local,GBP,,,,,,,https://harborridge.example.test/contact,FL,,1,GBP,System-Observed
TOUCH-001132,INQ-000659,2026-07-12T19:46:45,Organic,Google Organic,,,,,,,https://harborridge.example.test/treatment-programs,NY,,1,Google Organic,System-Observed
TOUCH-001133,INQ-000660,2026-07-18T14:54:57,Paid Social,Meta,CMP-3002,Recovery Journey - Lookalike,Family Support,,,,https://harborridge.example.test/family-support,NV,8.65,1,Meta,System-Observed
TOUCH-001134,INQ-000661,2026-07-10T11:35:37,Organic,Google Organic,,,,,,,https://harborridge.example.test/treatment-programs,CA,,1,Google Organic,System-Observed
TOUCH-001135,INQ-000662,2026-07-02T20:43:47,Local,GBP,,,,,,,https://harborridge.example.test/contact,UT,,1,GBP,System-Observed
TOUCH-001136,INQ-000663,2026-07-25T14:21:42,Local,GBP,,,,,,,https://harborridge.example.test/contact,NY,,1,GBP,System-Observed
TOUCH-001137,INQ-000664,2026-07-07T17:32:13,Paid Search,Microsoft Ads,CMP-2001,Behavioral Health - Brand (Bing),Detox Programs,behavioral health treatment near me,behavioral health treatment near me,Phrase,https://harborridge.example.test/admissions,OR,13.93,1,Microsoft Ads,System-Observed
TOUCH-001138,INQ-000666,2026-07-01T06:46:00,Paid Search,Google Ads,CMP-1004,Residential Treatment - Geo,Detox Programs,residential treatment center,residential treatment center,Broad,https://harborridge.example.test/admissions,CA,16.01,1,Google Ads,System-Observed
TOUCH-001139,INQ-000667,2026-07-11T06:06:08,Paid Search,Google Ads,CMP-1004,Residential Treatment - Geo,Residential Programs,family intervention help,family intervention help,Exact,https://harborridge.example.test/admissions,FL,18.72,1,Google Ads,System-Observed
TOUCH-001140,INQ-000669,2026-07-14T08:13:31,Organic,Google Organic,,,,,,,https://harborridge.example.test/treatment-programs,NV,,1,Google Organic,System-Observed
TOUCH-001141,INQ-000670,2026-07-03T10:41:10,Direct,,,,,,,,https://harborridge.example.test/,WA,,1,Direct / Analytics,System-Observed
TOUCH-001142,INQ-000672,2026-07-02T14:06:53,Paid Search,Google Ads,CMP-1001,Behavioral Health - Brand,Residential Programs,detox center near me,detox center near me,Phrase,https://harborridge.example.test/admissions,AZ,35.02,1,Google Ads,System-Observed
TOUCH-001143,INQ-000673,2026-07-01T10:37:32,Paid Search,Google Ads,CMP-1005,Family Crisis - Non-Brand,Detox Programs,inpatient mental health treatment,inpatient mental health treatment,Exact,https://harborridge.example.test/admissions,CO,25.77,1,Google Ads,System-Observed
TOUCH-001144,INQ-000675,2026-07-12T19:15:12,Paid Search,Google Ads,CMP-1005,Family Crisis - Non-Brand,Admissions,behavioral health treatment near me,behavioral health treatment near me,Broad,https://harborridge.example.test/admissions,WA,40.17,1,Google Ads,System-Observed
TOUCH-001145,INQ-000676,2026-07-08T17:38:03,Paid Social,Meta,CMP-3002,Recovery Journey - Lookalike,Community Awareness,,,,https://harborridge.example.test/family-support,NV,4.04,1,Meta,System-Observed
TOUCH-001146,INQ-000678,2026-07-08T11:43:24,Organic,Google Organic,,,,,,,https://harborridge.example.test/treatment-programs,OR,,1,Google Organic,System-Observed
TOUCH-001147,INQ-000680,2026-07-18T13:02:10,Direct,,,,,,,,https://harborridge.example.test/,CO,,1,Direct / Analytics,System-Observed
TOUCH-001148,INQ-000683,2026-07-07T16:32:44,Paid Social,Meta,CMP-3001,Family Support Awareness,Family Support,,,,https://harborridge.example.test/family-support,NY,7.34,1,Meta,System-Observed
TOUCH-001149,INQ-000684,2026-07-13T18:27:21,Organic,Google Organic,,,,,,,https://harborridge.example.test/treatment-programs,OR,,1,Google Organic,System-Observed
TOUCH-001150,INQ-000685,2026-07-01T17:31:32,Paid Search,Google Ads,CMP-1005,Family Crisis - Non-Brand,Admissions,residential treatment center,residential treatment center,Broad,https://harborridge.example.test/admissions,TX,44.2,1,Google Ads,System-Observed
TOUCH-001151,,2026-07-03T18:17:56,Paid Search,Google Ads,CMP-1002,Behavioral Health - Non-Brand,Family Support,family intervention help,family intervention help,Exact,https://harborridge.example.test/admissions,CA,36.61,0,Google Ads,System-Observed
TOUCH-001152,,2026-07-01T08:33:58,Paid Search,Google Ads,CMP-1003,Detox Near Me - Geo,Residential Programs,behavioral health treatment near me,behavioral health treatment near me,Phrase,https://harborridge.example.test/admissions,WA,34.7,0,Google Ads,System-Observed
TOUCH-001153,,2026-07-12T12:56:12,Paid Search,Google Ads,CMP-1005,Family Crisis - Non-Brand,Residential Programs,substance abuse treatment options,substance abuse treatment options,Phrase,https://harborridge.example.test/admissions,FL,27.8,0,Google Ads,System-Observed
TOUCH-001154,,2026-07-10T07:28:14,Paid Search,Google Ads,CMP-1004,Residential Treatment - Geo,Residential Programs,residential treatment center,residential treatment center,Phrase,https://harborridge.example.test/admissions,OR,22.19,0,Google Ads,System-Observed
TOUCH-001155,,2026-07-12T10:35:42,Paid Search,Google Ads,CMP-1002,Behavioral Health - Non-Brand,Residential Programs,family intervention help,family intervention help,Exact,https://harborridge.example.test/admissions,FL,36.99,0,Google Ads,System-Observed
TOUCH-001156,,2026-07-21T13:24:19,Paid Search,Google Ads,CMP-1005,Family Crisis - Non-Brand,Family Support,family intervention help,family intervention help,Exact,https://harborridge.example.test/admissions,NY,34.35,0,Google Ads,System-Observed
TOUCH-001157,,2026-07-07T08:29:03,Paid Search,Google Ads,CMP-1001,Behavioral Health - Brand,Detox Programs,residential treatment center,residential treatment center,Broad,https://harborridge.example.test/admissions,NY,42.47,0,Google Ads,System-Observed
TOUCH-001158,,2026-07-31T09:56:10,Paid Search,Google Ads,CMP-1004,Residential Treatment - Geo,Admissions,detox center near me,detox center near me,Phrase,https://harborridge.example.test/admissions,FL,38.89,0,Google Ads,System-Observed
TOUCH-001159,,2026-07-07T13:30:49,Paid Search,Google Ads,CMP-1004,Residential Treatment - Geo,Family Support,substance abuse treatment options,substance abuse treatment options,Phrase,https://harborridge.example.test/admissions,NY,22.91,0,Google Ads,System-Observed
TOUCH-001160,,2026-07-28T12:49:08,Paid Search,Google Ads,CMP-1002,Behavioral Health - Non-Brand,Admissions,family intervention help,family intervention help,Broad,https://harborridge.example.test/admissions,FL,40.9,0,Google Ads,System-Observed
TOUCH-001161,,2026-07-01T20:29:41,Paid Search,Google Ads,CMP-1003,Detox Near Me - Geo,Family Support,behavioral health treatment near me,behavioral health treatment near me,Exact,https://harborridge.example.test/admissions,NY,36.9,0,Google Ads,System-Observed
TOUCH-001162,,2026-07-19T07:12:15,Paid Search,Google Ads,CMP-1002,Behavioral Health - Non-Brand,Detox Programs,behavioral health treatment near me,behavioral health treatment near me,Broad,https://harborridge.example.test/admissions,WA,18.03,0,Google Ads,System-Observed
TOUCH-001163,,2026-07-05T08:19:03,Paid Search,Google Ads,CMP-1001,Behavioral Health - Brand,Admissions,detox center near me,detox center near me,Phrase,https://harborridge.example.test/admissions,FL,21.15,0,Google Ads,System-Observed
TOUCH-001164,,2026-07-02T17:49:08,Paid Search,Google Ads,CMP-1001,Behavioral Health - Brand,Detox Programs,residential treatment center,residential treatment center,Exact,https://harborridge.example.test/admissions,TX,43.33,0,Google Ads,System-Observed
TOUCH-001165,,2026-07-17T15:01:21,Paid Search,Google Ads,CMP-1002,Behavioral Health - Non-Brand,Detox Programs,behavioral health treatment near me,behavioral health treatment near me,Exact,https://harborridge.example.test/admissions,CO,26.6,0,Google Ads,System-Observed
TOUCH-001166,,2026-07-22T10:09:55,Paid Search,Google Ads,CMP-1001,Behavioral Health - Brand,Family Support,family intervention help,family intervention help,Broad,https://harborridge.example.test/admissions,UT,29.41,0,Google Ads,System-Observed
TOUCH-001167,,2026-07-20T14:33:30,Paid Search,Google Ads,CMP-1004,Residential Treatment - Geo,Family Support,inpatient mental health treatment,inpatient mental health treatment,Exact,https://harborridge.example.test/admissions,AZ,33.67,0,Google Ads,System-Observed
TOUCH-001168,,2026-07-17T14:36:26,Paid Search,Google Ads,CMP-1005,Family Crisis - Non-Brand,Family Support,family intervention help,family intervention help,Broad,https://harborridge.example.test/admissions,CO,39.81,0,Google Ads,System-Observed
TOUCH-001169,,2026-07-25T17:55:15,Paid Search,Google Ads,CMP-1001,Behavioral Health - Brand,Family Support,inpatient mental health treatment,inpatient mental health treatment,Exact,https://harborridge.example.test/admissions,FL,36.96,0,Google Ads,System-Observed
TOUCH-001170,,2026-07-04T15:48:21,Paid Search,Google Ads,CMP-1004,Residential Treatment - Geo,Detox Programs,family intervention help,family intervention help,Phrase,https://harborridge.example.test/admissions,NY,23.94,0,Google Ads,System-Observed
TOUCH-001171,,2026-07-20T07:05:39,Paid Search,Google Ads,CMP-1002,Behavioral Health - Non-Brand,Family Support,detox center near me,detox center near me,Exact,https://harborridge.example.test/admissions,NV,43.67,0,Google Ads,System-Observed
TOUCH-001172,,2026-07-18T18:52:30,Paid Search,Google Ads,CMP-1002,Behavioral Health - Non-Brand,Admissions,residential treatment center,residential treatment center,Broad,https://harborridge.example.test/admissions,OR,42.09,0,Google Ads,System-Observed
TOUCH-001173,,2026-07-01T16:16:20,Paid Search,Google Ads,CMP-1001,Behavioral Health - Brand,Detox Programs,behavioral health treatment near me,behavioral health treatment near me,Broad,https://harborridge.example.test/admissions,TX,32.61,0,Google Ads,System-Observed
TOUCH-001174,,2026-07-27T07:18:25,Paid Search,Google Ads,CMP-1002,Behavioral Health - Non-Brand,Detox Programs,residential treatment center,residential treatment center,Exact,https://harborridge.example.test/admissions,TX,38.25,0,Google Ads,System-Observed
TOUCH-001175,,2026-07-07T15:38:14,Paid Search,Google Ads,CMP-1004,Residential Treatment - Geo,Residential Programs,inpatient mental health treatment,inpatient mental health treatment,Phrase,https://harborridge.example.test/admissions,OR,29.85,0,Google Ads,System-Observed
TOUCH-001176,,2026-07-17T16:14:49,Paid Search,Google Ads,CMP-1004,Residential Treatment - Geo,Residential Programs,residential treatment center,residential treatment center,Exact,https://harborridge.example.test/admissions,CO,18.98,0,Google Ads,System-Observed
TOUCH-001177,,2026-07-09T10:31:36,Paid Search,Google Ads,CMP-1003,Detox Near Me - Geo,Admissions,family intervention help,family intervention help,Phrase,https://harborridge.example.test/admissions,WA,21.18,0,Google Ads,System-Observed
TOUCH-001178,,2026-07-29T17:43:43,Paid Search,Google Ads,CMP-1004,Residential Treatment - Geo,Detox Programs,substance abuse treatment options,substance abuse treatment options,Phrase,https://harborridge.example.test/admissions,CA,26.14,0,Google Ads,System-Observed
TOUCH-001179,,2026-07-02T11:52:18,Paid Search,Google Ads,CMP-1004,Residential Treatment - Geo,Residential Programs,behavioral health treatment near me,behavioral health treatment near me,Broad,https://harborridge.example.test/admissions,NY,23.2,0,Google Ads,System-Observed
TOUCH-001180,,2026-07-14T10:22:26,Paid Search,Google Ads,CMP-1005,Family Crisis - Non-Brand,Family Support,behavioral health treatment near me,behavioral health treatment near me,Exact,https://harborridge.example.test/admissions,UT,25.88,0,Google Ads,System-Observed
TOUCH-001181,,2026-07-24T19:03:46,Paid Search,Google Ads,CMP-1005,Family Crisis - Non-Brand,Admissions,detox center near me,detox center near me,Broad,https://harborridge.example.test/admissions,CA,39.04,0,Google Ads,System-Observed
TOUCH-001182,,2026-07-10T17:03:45,Paid Search,Google Ads,CMP-1001,Behavioral Health - Brand,Detox Programs,inpatient mental health treatment,inpatient mental health treatment,Broad,https://harborridge.example.test/admissions,AZ,26.42,0,Google Ads,System-Observed
TOUCH-001183,,2026-07-28T14:51:00,Paid Search,Google Ads,CMP-1005,Family Crisis - Non-Brand,Detox Programs,substance abuse treatment options,substance abuse treatment options,Phrase,https://harborridge.example.test/admissions,CO,30.94,0,Google Ads,System-Observed
TOUCH-001184,,2026-07-18T14:28:02,Paid Search,Google Ads,CMP-1003,Detox Near Me - Geo,Family Support,inpatient mental health treatment,inpatient mental health treatment,Phrase,https://harborridge.example.test/admissions,NY,22.15,0,Google Ads,System-Observed
TOUCH-001185,,2026-07-04T12:38:13,Paid Search,Google Ads,CMP-1004,Residential Treatment - Geo,Family Support,detox center near me,detox center near me,Exact,https://harborridge.example.test/admissions,UT,28.0,0,Google Ads,System-Observed
TOUCH-001186,,2026-07-07T15:06:20,Paid Search,Google Ads,CMP-1005,Family Crisis - Non-Brand,Detox Programs,substance abuse treatment options,substance abuse treatment options,Exact,https://harborridge.example.test/admissions,NV,44.06,0,Google Ads,System-Observed
TOUCH-001187,,2026-07-29T13:25:46,Paid Search,Google Ads,CMP-1004,Residential Treatment - Geo,Residential Programs,substance abuse treatment options,substance abuse treatment options,Exact,https://harborridge.example.test/admissions,OR,36.88,0,Google Ads,System-Observed
TOUCH-001188,,2026-07-22T09:34:41,Paid Search,Google Ads,CMP-1001,Behavioral Health - Brand,Residential Programs,behavioral health treatment near me,behavioral health treatment near me,Phrase,https://harborridge.example.test/admissions,NV,19.59,0,Google Ads,System-Observed
TOUCH-001189,,2026-07-17T16:12:57,Paid Search,Google Ads,CMP-1001,Behavioral Health - Brand,Family Support,residential treatment center,residential treatment center,Phrase,https://harborridge.example.test/admissions,UT,16.2,0,Google Ads,System-Observed
TOUCH-001190,,2026-07-31T13:25:14,Paid Search,Google Ads,CMP-1002,Behavioral Health - Non-Brand,Residential Programs,substance abuse treatment options,substance abuse treatment options,Phrase,https://harborridge.example.test/admissions,NV,40.84,0,Google Ads,System-Observed
TOUCH-001191,,2026-07-28T13:38:44,Paid Search,Google Ads,CMP-1005,Family Crisis - Non-Brand,Admissions,substance abuse treatment options,substance abuse treatment options,Exact,https://harborridge.example.test/admissions,WA,30.46,0,Google Ads,System-Observed
TOUCH-001192,,2026-07-07T13:05:56,Paid Search,Google Ads,CMP-1003,Detox Near Me - Geo,Admissions,detox center near me,detox center near me,Phrase,https://harborridge.example.test/admissions,NV,19.14,0,Google Ads,System-Observed
TOUCH-001193,,2026-07-27T17:54:22,Paid Search,Google Ads,CMP-1003,Detox Near Me - Geo,Residential Programs,residential treatment center,residential treatment center,Exact,https://harborridge.example.test/admissions,CO,27.89,0,Google Ads,System-Observed
TOUCH-001194,,2026-07-08T10:30:06,Paid Search,Google Ads,CMP-1001,Behavioral Health - Brand,Detox Programs,behavioral health treatment near me,behavioral health treatment near me,Exact,https://harborridge.example.test/admissions,NV,39.71,0,Google Ads,System-Observed
TOUCH-001195,,2026-07-05T09:34:15,Paid Search,Google Ads,CMP-1001,Behavioral Health - Brand,Detox Programs,detox center near me,detox center near me,Exact,https://harborridge.example.test/admissions,OR,23.11,0,Google Ads,System-Observed
TOUCH-001196,,2026-07-04T19:40:15,Paid Search,Google Ads,CMP-1003,Detox Near Me - Geo,Residential Programs,detox center near me,detox center near me,Exact,https://harborridge.example.test/admissions,AZ,16.43,0,Google Ads,System-Observed
TOUCH-001197,,2026-07-10T09:13:45,Paid Search,Google Ads,CMP-1004,Residential Treatment - Geo,Detox Programs,behavioral health treatment near me,behavioral health treatment near me,Phrase,https://harborridge.example.test/admissions,NY,35.27,0,Google Ads,System-Observed
TOUCH-001198,,2026-07-01T13:31:42,Paid Search,Google Ads,CMP-1001,Behavioral Health - Brand,Residential Programs,substance abuse treatment options,substance abuse treatment options,Broad,https://harborridge.example.test/admissions,FL,25.13,0,Google Ads,System-Observed
TOUCH-001199,,2026-07-31T11:58:24,Paid Search,Google Ads,CMP-1005,Family Crisis - Non-Brand,Family Support,behavioral health treatment near me,behavioral health treatment near me,Phrase,https://harborridge.example.test/admissions,CA,36.84,0,Google Ads,System-Observed
TOUCH-001200,,2026-07-15T12:52:18,Paid Search,Google Ads,CMP-1005,Family Crisis - Non-Brand,Admissions,residential treatment center,residential treatment center,Phrase,https://harborridge.example.test/admissions,FL,40.12,0,Google Ads,System-Observed
TOUCH-001201,,2026-07-03T08:36:39,Paid Search,Google Ads,CMP-1001,Behavioral Health - Brand,Detox Programs,inpatient mental health treatment,inpatient mental health treatment,Phrase,https://harborridge.example.test/admissions,NY,35.12,0,Google Ads,System-Observed
TOUCH-001202,,2026-07-28T18:56:48,Paid Search,Google Ads,CMP-1002,Behavioral Health - Non-Brand,Residential Programs,detox center near me,detox center near me,Exact,https://harborridge.example.test/admissions,CO,14.06,0,Google Ads,System-Observed
TOUCH-001203,,2026-07-02T07:11:54,Paid Search,Google Ads,CMP-1001,Behavioral Health - Brand,Detox Programs,detox center near me,detox center near me,Broad,https://harborridge.example.test/admissions,TX,17.24,0,Google Ads,System-Observed
TOUCH-001204,,2026-07-07T08:50:30,Paid Search,Google Ads,CMP-1003,Detox Near Me - Geo,Detox Programs,substance abuse treatment options,substance abuse treatment options,Exact,https://harborridge.example.test/admissions,TX,18.59,0,Google Ads,System-Observed
TOUCH-001205,,2026-07-16T13:54:45,Paid Search,Google Ads,CMP-1004,Residential Treatment - Geo,Admissions,substance abuse treatment options,substance abuse treatment options,Phrase,https://harborridge.example.test/admissions,AZ,17.35,0,Google Ads,System-Observed
TOUCH-001206,,2026-07-14T08:15:22,Paid Search,Google Ads,CMP-1004,Residential Treatment - Geo,Admissions,detox center near me,detox center near me,Phrase,https://harborridge.example.test/admissions,NY,40.87,0,Google Ads,System-Observed
TOUCH-001207,,2026-07-24T12:16:57,Paid Search,Google Ads,CMP-1002,Behavioral Health - Non-Brand,Residential Programs,detox center near me,detox center near me,Broad,https://harborridge.example.test/admissions,FL,33.37,0,Google Ads,System-Observed
TOUCH-001208,,2026-07-15T14:03:29,Paid Search,Google Ads,CMP-1004,Residential Treatment - Geo,Residential Programs,behavioral health treatment near me,behavioral health treatment near me,Exact,https://harborridge.example.test/admissions,AZ,37.52,0,Google Ads,System-Observed
TOUCH-001209,,2026-07-31T13:51:17,Paid Search,Google Ads,CMP-1005,Family Crisis - Non-Brand,Family Support,detox center near me,detox center near me,Broad,https://harborridge.example.test/admissions,CO,26.06,0,Google Ads,System-Observed
TOUCH-001210,,2026-07-23T17:39:22,Paid Search,Google Ads,CMP-1005,Family Crisis - Non-Brand,Residential Programs,family intervention help,family intervention help,Exact,https://harborridge.example.test/admissions,TX,29.61,0,Google Ads,System-Observed
TOUCH-001211,,2026-07-05T18:13:08,Paid Search,Google Ads,CMP-1005,Family Crisis - Non-Brand,Residential Programs,detox center near me,detox center near me,Broad,https://harborridge.example.test/admissions,TX,25.28,0,Google Ads,System-Observed
TOUCH-001212,,2026-07-28T20:07:26,Paid Search,Google Ads,CMP-1005,Family Crisis - Non-Brand,Detox Programs,residential treatment center,residential treatment center,Broad,https://harborridge.example.test/admissions,NV,26.37,0,Google Ads,System-Observed
TOUCH-001213,,2026-07-15T15:31:59,Paid Search,Google Ads,CMP-1004,Residential Treatment - Geo,Residential Programs,detox center near me,detox center near me,Exact,https://harborridge.example.test/admissions,CO,43.1,0,Google Ads,System-Observed
TOUCH-001214,,2026-07-15T13:21:40,Paid Search,Google Ads,CMP-1005,Family Crisis - Non-Brand,Detox Programs,substance abuse treatment options,substance abuse treatment options,Exact,https://harborridge.example.test/admissions,UT,18.26,0,Google Ads,System-Observed
TOUCH-001215,,2026-07-17T11:32:31,Paid Search,Google Ads,CMP-1004,Residential Treatment - Geo,Residential Programs,detox center near me,detox center near me,Phrase,https://harborridge.example.test/admissions,OR,42.39,0,Google Ads,System-Observed
TOUCH-001216,,2026-07-10T10:35:15,Paid Search,Google Ads,CMP-1001,Behavioral Health - Brand,Family Support,behavioral health treatment near me,behavioral health treatment near me,Phrase,https://harborridge.example.test/admissions,TX,14.93,0,Google Ads,System-Observed
TOUCH-001217,,2026-07-15T16:45:34,Paid Search,Google Ads,CMP-1004,Residential Treatment - Geo,Family Support,substance abuse treatment options,substance abuse treatment options,Broad,https://harborridge.example.test/admissions,AZ,21.29,0,Google Ads,System-Observed
TOUCH-001218,,2026-07-26T17:48:08,Paid Search,Google Ads,CMP-1003,Detox Near Me - Geo,Admissions,detox center near me,detox center near me,Exact,https://harborridge.example.test/admissions,UT,15.67,0,Google Ads,System-Observed
TOUCH-001219,,2026-07-14T19:54:12,Paid Search,Google Ads,CMP-1004,Residential Treatment - Geo,Family Support,behavioral health treatment near me,behavioral health treatment near me,Exact,https://harborridge.example.test/admissions,FL,24.25,0,Google Ads,System-Observed
TOUCH-001220,,2026-07-18T18:22:38,Paid Search,Google Ads,CMP-1004,Residential Treatment - Geo,Family Support,inpatient mental health treatment,inpatient mental health treatment,Exact,https://harborridge.example.test/admissions,CA,22.57,0,Google Ads,System-Observed
TOUCH-001221,,2026-07-27T18:00:33,Paid Search,Google Ads,CMP-1003,Detox Near Me - Geo,Detox Programs,substance abuse treatment options,substance abuse treatment options,Phrase,https://harborridge.example.test/admissions,FL,39.2,0,Google Ads,System-Observed
TOUCH-001222,,2026-07-12T13:20:31,Paid Search,Google Ads,CMP-1001,Behavioral Health - Brand,Admissions,residential treatment center,residential treatment center,Phrase,https://harborridge.example.test/admissions,WA,39.32,0,Google Ads,System-Observed
TOUCH-001223,,2026-07-06T20:33:24,Paid Search,Google Ads,CMP-1001,Behavioral Health - Brand,Residential Programs,inpatient mental health treatment,inpatient mental health treatment,Broad,https://harborridge.example.test/admissions,NV,41.03,0,Google Ads,System-Observed
TOUCH-001224,,2026-07-28T20:15:58,Paid Search,Google Ads,CMP-1002,Behavioral Health - Non-Brand,Detox Programs,residential treatment center,residential treatment center,Exact,https://harborridge.example.test/admissions,UT,30.58,0,Google Ads,System-Observed
TOUCH-001225,,2026-07-03T09:09:37,Paid Search,Google Ads,CMP-1004,Residential Treatment - Geo,Residential Programs,behavioral health treatment near me,behavioral health treatment near me,Broad,https://harborridge.example.test/admissions,CA,40.54,0,Google Ads,System-Observed
TOUCH-001226,,2026-07-19T08:57:28,Paid Search,Google Ads,CMP-1001,Behavioral Health - Brand,Admissions,residential treatment center,residential treatment center,Phrase,https://harborridge.example.test/admissions,OR,37.66,0,Google Ads,System-Observed
TOUCH-001227,,2026-07-08T19:12:25,Paid Search,Google Ads,CMP-1004,Residential Treatment - Geo,Residential Programs,substance abuse treatment options,substance abuse treatment options,Broad,https://harborridge.example.test/admissions,FL,33.64,0,Google Ads,System-Observed
TOUCH-001228,,2026-07-23T10:05:37,Paid Search,Google Ads,CMP-1003,Detox Near Me - Geo,Family Support,detox center near me,detox center near me,Broad,https://harborridge.example.test/admissions,CA,27.16,0,Google Ads,System-Observed
TOUCH-001229,,2026-07-05T13:26:49,Paid Search,Google Ads,CMP-1004,Residential Treatment - Geo,Residential Programs,behavioral health treatment near me,behavioral health treatment near me,Broad,https://harborridge.example.test/admissions,AZ,28.32,0,Google Ads,System-Observed
TOUCH-001230,,2026-07-06T08:19:55,Paid Search,Google Ads,CMP-1005,Family Crisis - Non-Brand,Admissions,substance abuse treatment options,substance abuse treatment options,Exact,https://harborridge.example.test/admissions,TX,15.35,0,Google Ads,System-Observed
TOUCH-001231,,2026-07-08T18:38:23,Paid Search,Google Ads,CMP-1001,Behavioral Health - Brand,Detox Programs,detox center near me,detox center near me,Broad,https://harborridge.example.test/admissions,OR,39.42,0,Google Ads,System-Observed
TOUCH-001232,,2026-07-05T12:42:00,Paid Search,Google Ads,CMP-1002,Behavioral Health - Non-Brand,Admissions,behavioral health treatment near me,behavioral health treatment near me,Broad,https://harborridge.example.test/admissions,FL,26.48,0,Google Ads,System-Observed
TOUCH-001233,,2026-07-16T20:04:30,Paid Search,Google Ads,CMP-1001,Behavioral Health - Brand,Admissions,behavioral health treatment near me,behavioral health treatment near me,Exact,https://harborridge.example.test/admissions,CA,36.7,0,Google Ads,System-Observed
TOUCH-001234,,2026-07-31T19:51:26,Paid Search,Google Ads,CMP-1001,Behavioral Health - Brand,Residential Programs,family intervention help,family intervention help,Broad,https://harborridge.example.test/admissions,NY,34.27,0,Google Ads,System-Observed
TOUCH-001235,,2026-07-06T19:50:05,Paid Search,Google Ads,CMP-1001,Behavioral Health - Brand,Residential Programs,family intervention help,family intervention help,Exact,https://harborridge.example.test/admissions,NY,14.18,0,Google Ads,System-Observed
TOUCH-001236,,2026-07-17T10:50:01,Paid Search,Google Ads,CMP-1005,Family Crisis - Non-Brand,Residential Programs,family intervention help,family intervention help,Phrase,https://harborridge.example.test/admissions,NV,16.06,0,Google Ads,System-Observed
TOUCH-001237,,2026-07-06T17:23:34,Paid Search,Google Ads,CMP-1005,Family Crisis - Non-Brand,Admissions,inpatient mental health treatment,inpatient mental health treatment,Exact,https://harborridge.example.test/admissions,AZ,25.15,0,Google Ads,System-Observed
TOUCH-001238,,2026-07-30T15:26:17,Paid Search,Google Ads,CMP-1004,Residential Treatment - Geo,Family Support,substance abuse treatment options,substance abuse treatment options,Exact,https://harborridge.example.test/admissions,TX,22.68,0,Google Ads,System-Observed
TOUCH-001239,,2026-07-05T20:02:09,Paid Search,Google Ads,CMP-1003,Detox Near Me - Geo,Admissions,family intervention help,family intervention help,Exact,https://harborridge.example.test/admissions,UT,27.4,0,Google Ads,System-Observed
TOUCH-001240,,2026-07-31T15:44:15,Paid Search,Google Ads,CMP-1002,Behavioral Health - Non-Brand,Residential Programs,residential treatment center,residential treatment center,Phrase,https://harborridge.example.test/admissions,AZ,42.23,0,Google Ads,System-Observed
TOUCH-001241,,2026-07-30T10:18:05,Paid Search,Google Ads,CMP-1004,Residential Treatment - Geo,Residential Programs,inpatient mental health treatment,inpatient mental health treatment,Phrase,https://harborridge.example.test/admissions,TX,28.75,0,Google Ads,System-Observed
TOUCH-001242,,2026-07-20T13:13:30,Paid Search,Google Ads,CMP-1001,Behavioral Health - Brand,Residential Programs,residential treatment center,residential treatment center,Broad,https://harborridge.example.test/admissions,FL,17.02,0,Google Ads,System-Observed
TOUCH-001243,,2026-07-09T17:32:27,Paid Search,Google Ads,CMP-1003,Detox Near Me - Geo,Family Support,detox center near me,detox center near me,Phrase,https://harborridge.example.test/admissions,NV,21.32,0,Google Ads,System-Observed
TOUCH-001244,,2026-07-21T15:58:28,Paid Search,Google Ads,CMP-1002,Behavioral Health - Non-Brand,Admissions,substance abuse treatment options,substance abuse treatment options,Exact,https://harborridge.example.test/admissions,NY,16.27,0,Google Ads,System-Observed
TOUCH-001245,,2026-07-22T19:52:16,Paid Search,Google Ads,CMP-1003,Detox Near Me - Geo,Admissions,behavioral health treatment near me,behavioral health treatment near me,Phrase,https://harborridge.example.test/admissions,NV,35.87,0,Google Ads,System-Observed
TOUCH-001246,,2026-07-06T11:43:41,Paid Search,Google Ads,CMP-1002,Behavioral Health - Non-Brand,Admissions,substance abuse treatment options,substance abuse treatment options,Exact,https://harborridge.example.test/admissions,FL,43.96,0,Google Ads,System-Observed
TOUCH-001247,,2026-07-06T15:24:56,Paid Search,Google Ads,CMP-1002,Behavioral Health - Non-Brand,Residential Programs,substance abuse treatment options,substance abuse treatment options,Broad,https://harborridge.example.test/admissions,CO,35.26,0,Google Ads,System-Observed
TOUCH-001248,,2026-07-30T08:25:37,Paid Search,Google Ads,CMP-1005,Family Crisis - Non-Brand,Family Support,residential treatment center,residential treatment center,Broad,https://harborridge.example.test/admissions,AZ,35.69,0,Google Ads,System-Observed
TOUCH-001249,,2026-07-08T13:06:38,Paid Search,Google Ads,CMP-1005,Family Crisis - Non-Brand,Residential Programs,substance abuse treatment options,substance abuse treatment options,Phrase,https://harborridge.example.test/admissions,CA,36.27,0,Google Ads,System-Observed
TOUCH-001250,,2026-07-04T10:13:19,Paid Search,Google Ads,CMP-1005,Family Crisis - Non-Brand,Detox Programs,detox center near me,detox center near me,Exact,https://harborridge.example.test/admissions,CO,14.38,0,Google Ads,System-Observed
TOUCH-001251,,2026-07-17T13:06:20,Paid Search,Google Ads,CMP-1005,Family Crisis - Non-Brand,Residential Programs,detox center near me,detox center near me,Phrase,https://harborridge.example.test/admissions,UT,41.26,0,Google Ads,System-Observed
TOUCH-001252,,2026-07-21T11:55:17,Paid Search,Google Ads,CMP-1005,Family Crisis - Non-Brand,Admissions,inpatient mental health treatment,inpatient mental health treatment,Exact,https://harborridge.example.test/admissions,NV,41.88,0,Google Ads,System-Observed
TOUCH-001253,,2026-07-17T16:01:25,Paid Search,Google Ads,CMP-1005,Family Crisis - Non-Brand,Admissions,residential treatment center,residential treatment center,Phrase,https://harborridge.example.test/admissions,CA,14.42,0,Google Ads,System-Observed
TOUCH-001254,,2026-07-29T11:57:06,Paid Search,Google Ads,CMP-1003,Detox Near Me - Geo,Detox Programs,inpatient mental health treatment,inpatient mental health treatment,Phrase,https://harborridge.example.test/admissions,FL,26.76,0,Google Ads,System-Observed
TOUCH-001255,,2026-07-07T07:18:02,Paid Search,Google Ads,CMP-1004,Residential Treatment - Geo,Admissions,family intervention help,family intervention help,Broad,https://harborridge.example.test/admissions,CA,35.21,0,Google Ads,System-Observed
TOUCH-001256,,2026-07-14T10:55:08,Paid Search,Google Ads,CMP-1001,Behavioral Health - Brand,Family Support,substance abuse treatment options,substance abuse treatment options,Broad,https://harborridge.example.test/admissions,OR,29.92,0,Google Ads,System-Observed
TOUCH-001257,,2026-07-06T12:54:38,Paid Search,Google Ads,CMP-1004,Residential Treatment - Geo,Family Support,substance abuse treatment options,substance abuse treatment options,Phrase,https://harborridge.example.test/admissions,CO,28.18,0,Google Ads,System-Observed
TOUCH-001258,,2026-07-12T14:02:40,Paid Search,Google Ads,CMP-1001,Behavioral Health - Brand,Detox Programs,residential treatment center,residential treatment center,Phrase,https://harborridge.example.test/admissions,NV,41.09,0,Google Ads,System-Observed
TOUCH-001259,,2026-07-14T11:09:43,Paid Search,Google Ads,CMP-1003,Detox Near Me - Geo,Detox Programs,family intervention help,family intervention help,Broad,https://harborridge.example.test/admissions,OR,28.45,0,Google Ads,System-Observed
TOUCH-001260,,2026-07-22T17:07:34,Paid Search,Google Ads,CMP-1001,Behavioral Health - Brand,Detox Programs,substance abuse treatment options,substance abuse treatment options,Exact,https://harborridge.example.test/admissions,NV,32.85,0,Google Ads,System-Observed
TOUCH-001261,,2026-07-14T14:43:21,Paid Search,Google Ads,CMP-1001,Behavioral Health - Brand,Residential Programs,detox center near me,detox center near me,Broad,https://harborridge.example.test/admissions,NV,16.63,0,Google Ads,System-Observed
TOUCH-001262,,2026-07-08T13:15:39,Paid Search,Google Ads,CMP-1005,Family Crisis - Non-Brand,Admissions,inpatient mental health treatment,inpatient mental health treatment,Exact,https://harborridge.example.test/admissions,NY,36.25,0,Google Ads,System-Observed
TOUCH-001263,,2026-07-08T17:41:03,Paid Search,Google Ads,CMP-1003,Detox Near Me - Geo,Family Support,detox center near me,detox center near me,Exact,https://harborridge.example.test/admissions,OR,18.73,0,Google Ads,System-Observed
TOUCH-001264,,2026-07-08T09:02:03,Paid Search,Google Ads,CMP-1002,Behavioral Health - Non-Brand,Residential Programs,residential treatment center,residential treatment center,Phrase,https://harborridge.example.test/admissions,AZ,16.66,0,Google Ads,System-Observed
TOUCH-001265,,2026-07-09T18:38:56,Paid Search,Google Ads,CMP-1004,Residential Treatment - Geo,Admissions,substance abuse treatment options,substance abuse treatment options,Exact,https://harborridge.example.test/admissions,UT,27.64,0,Google Ads,System-Observed
TOUCH-001266,,2026-07-19T17:41:31,Paid Search,Google Ads,CMP-1001,Behavioral Health - Brand,Family Support,behavioral health treatment near me,behavioral health treatment near me,Exact,https://harborridge.example.test/admissions,WA,32.64,0,Google Ads,System-Observed
TOUCH-001267,,2026-07-23T18:04:31,Paid Search,Google Ads,CMP-1005,Family Crisis - Non-Brand,Detox Programs,residential treatment center,residential treatment center,Broad,https://harborridge.example.test/admissions,UT,33.09,0,Google Ads,System-Observed
TOUCH-001268,,2026-07-31T20:11:47,Paid Search,Google Ads,CMP-1001,Behavioral Health - Brand,Family Support,behavioral health treatment near me,behavioral health treatment near me,Exact,https://harborridge.example.test/admissions,OR,16.3,0,Google Ads,System-Observed
TOUCH-001269,,2026-07-28T09:20:21,Paid Search,Google Ads,CMP-1003,Detox Near Me - Geo,Family Support,inpatient mental health treatment,inpatient mental health treatment,Exact,https://harborridge.example.test/admissions,FL,22.32,0,Google Ads,System-Observed
TOUCH-001270,,2026-07-15T17:24:40,Paid Search,Google Ads,CMP-1004,Residential Treatment - Geo,Family Support,behavioral health treatment near me,behavioral health treatment near me,Exact,https://harborridge.example.test/admissions,OR,20.84,0,Google Ads,System-Observed
TOUCH-001271,,2026-07-18T08:37:25,Paid Search,Google Ads,CMP-1003,Detox Near Me - Geo,Family Support,family intervention help,family intervention help,Broad,https://harborridge.example.test/admissions,FL,18.24,0,Google Ads,System-Observed
TOUCH-001272,,2026-07-15T19:45:19,Paid Search,Google Ads,CMP-1004,Residential Treatment - Geo,Residential Programs,substance abuse treatment options,substance abuse treatment options,Exact,https://harborridge.example.test/admissions,NY,14.66,0,Google Ads,System-Observed
TOUCH-001273,,2026-07-09T16:55:53,Paid Search,Google Ads,CMP-1005,Family Crisis - Non-Brand,Admissions,behavioral health treatment near me,behavioral health treatment near me,Broad,https://harborridge.example.test/admissions,CA,26.47,0,Google Ads,System-Observed
TOUCH-001274,,2026-07-29T17:22:18,Paid Search,Google Ads,CMP-1002,Behavioral Health - Non-Brand,Admissions,behavioral health treatment near me,behavioral health treatment near me,Phrase,https://harborridge.example.test/admissions,NV,28.78,0,Google Ads,System-Observed
TOUCH-001275,,2026-07-31T11:57:20,Paid Search,Google Ads,CMP-1005,Family Crisis - Non-Brand,Admissions,detox center near me,detox center near me,Exact,https://harborridge.example.test/admissions,AZ,32.28,0,Google Ads,System-Observed
TOUCH-001276,,2026-07-18T08:00:48,Paid Search,Google Ads,CMP-1004,Residential Treatment - Geo,Family Support,family intervention help,family intervention help,Phrase,https://harborridge.example.test/admissions,CA,14.31,0,Google Ads,System-Observed
TOUCH-001277,,2026-07-04T15:22:48,Paid Search,Google Ads,CMP-1004,Residential Treatment - Geo,Admissions,detox center near me,detox center near me,Exact,https://harborridge.example.test/admissions,NY,22.91,0,Google Ads,System-Observed
TOUCH-001278,,2026-07-24T12:53:19,Paid Search,Google Ads,CMP-1002,Behavioral Health - Non-Brand,Family Support,inpatient mental health treatment,inpatient mental health treatment,Phrase,https://harborridge.example.test/admissions,UT,40.68,0,Google Ads,System-Observed
TOUCH-001279,,2026-07-10T11:47:36,Paid Search,Google Ads,CMP-1004,Residential Treatment - Geo,Detox Programs,family intervention help,family intervention help,Phrase,https://harborridge.example.test/admissions,TX,21.03,0,Google Ads,System-Observed
TOUCH-001280,,2026-07-25T13:27:42,Paid Search,Google Ads,CMP-1003,Detox Near Me - Geo,Family Support,family intervention help,family intervention help,Phrase,https://harborridge.example.test/admissions,NY,32.35,0,Google Ads,System-Observed
TOUCH-001281,,2026-07-17T10:05:22,Paid Search,Google Ads,CMP-1002,Behavioral Health - Non-Brand,Detox Programs,detox center near me,detox center near me,Phrase,https://harborridge.example.test/admissions,WA,38.68,0,Google Ads,System-Observed
TOUCH-001282,,2026-07-03T20:15:23,Paid Search,Google Ads,CMP-1005,Family Crisis - Non-Brand,Residential Programs,residential treatment center,residential treatment center,Broad,https://harborridge.example.test/admissions,WA,32.87,0,Google Ads,System-Observed
TOUCH-001283,,2026-07-02T17:57:44,Paid Search,Google Ads,CMP-1004,Residential Treatment - Geo,Detox Programs,behavioral health treatment near me,behavioral health treatment near me,Broad,https://harborridge.example.test/admissions,CO,15.48,0,Google Ads,System-Observed
TOUCH-001284,,2026-07-21T07:54:40,Paid Search,Google Ads,CMP-1003,Detox Near Me - Geo,Admissions,family intervention help,family intervention help,Phrase,https://harborridge.example.test/admissions,UT,33.68,0,Google Ads,System-Observed
TOUCH-001285,,2026-07-01T13:53:27,Paid Search,Google Ads,CMP-1002,Behavioral Health - Non-Brand,Admissions,substance abuse treatment options,substance abuse treatment options,Broad,https://harborridge.example.test/admissions,OR,39.3,0,Google Ads,System-Observed
TOUCH-001286,,2026-07-13T11:10:09,Paid Search,Google Ads,CMP-1004,Residential Treatment - Geo,Family Support,residential treatment center,residential treatment center,Exact,https://harborridge.example.test/admissions,FL,22.36,0,Google Ads,System-Observed
TOUCH-001287,,2026-07-13T10:45:46,Paid Search,Google Ads,CMP-1002,Behavioral Health - Non-Brand,Detox Programs,substance abuse treatment options,substance abuse treatment options,Exact,https://harborridge.example.test/admissions,NV,38.52,0,Google Ads,System-Observed
TOUCH-001288,,2026-07-03T07:14:07,Paid Search,Google Ads,CMP-1001,Behavioral Health - Brand,Detox Programs,family intervention help,family intervention help,Exact,https://harborridge.example.test/admissions,UT,17.17,0,Google Ads,System-Observed
TOUCH-001289,,2026-07-09T12:24:20,Paid Search,Google Ads,CMP-1005,Family Crisis - Non-Brand,Detox Programs,detox center near me,detox center near me,Exact,https://harborridge.example.test/admissions,NV,40.02,0,Google Ads,System-Observed
TOUCH-001290,,2026-07-04T11:07:16,Paid Search,Google Ads,CMP-1001,Behavioral Health - Brand,Detox Programs,behavioral health treatment near me,behavioral health treatment near me,Phrase,https://harborridge.example.test/admissions,OR,29.69,0,Google Ads,System-Observed
TOUCH-001291,,2026-07-02T15:40:49,Paid Search,Google Ads,CMP-1004,Residential Treatment - Geo,Admissions,detox center near me,detox center near me,Broad,https://harborridge.example.test/admissions,NY,41.69,0,Google Ads,System-Observed
TOUCH-001292,,2026-07-24T14:15:01,Paid Search,Google Ads,CMP-1004,Residential Treatment - Geo,Detox Programs,family intervention help,family intervention help,Phrase,https://harborridge.example.test/admissions,TX,25.83,0,Google Ads,System-Observed
TOUCH-001293,,2026-07-22T15:22:37,Paid Search,Google Ads,CMP-1005,Family Crisis - Non-Brand,Residential Programs,family intervention help,family intervention help,Phrase,https://harborridge.example.test/admissions,TX,37.61,0,Google Ads,System-Observed
TOUCH-001294,,2026-07-16T09:48:46,Paid Search,Google Ads,CMP-1003,Detox Near Me - Geo,Detox Programs,detox center near me,detox center near me,Phrase,https://harborridge.example.test/admissions,CA,23.04,0,Google Ads,System-Observed
TOUCH-001295,,2026-07-26T13:22:29,Paid Search,Google Ads,CMP-1001,Behavioral Health - Brand,Residential Programs,family intervention help,family intervention help,Broad,https://harborridge.example.test/admissions,NY,32.74,0,Google Ads,System-Observed
TOUCH-001296,,2026-07-28T14:03:32,Paid Search,Google Ads,CMP-1002,Behavioral Health - Non-Brand,Admissions,behavioral health treatment near me,behavioral health treatment near me,Broad,https://harborridge.example.test/admissions,AZ,21.95,0,Google Ads,System-Observed
TOUCH-001297,,2026-07-25T14:38:53,Paid Search,Google Ads,CMP-1002,Behavioral Health - Non-Brand,Residential Programs,residential treatment center,residential treatment center,Exact,https://harborridge.example.test/admissions,WA,41.07,0,Google Ads,System-Observed
TOUCH-001298,,2026-07-10T17:15:55,Paid Search,Google Ads,CMP-1003,Detox Near Me - Geo,Detox Programs,residential treatment center,residential treatment center,Exact,https://harborridge.example.test/admissions,NY,25.48,0,Google Ads,System-Observed
TOUCH-001299,,2026-07-25T18:59:51,Paid Search,Google Ads,CMP-1004,Residential Treatment - Geo,Family Support,substance abuse treatment options,substance abuse treatment options,Exact,https://harborridge.example.test/admissions,WA,36.72,0,Google Ads,System-Observed
TOUCH-001300,,2026-07-19T07:30:31,Paid Search,Google Ads,CMP-1001,Behavioral Health - Brand,Admissions,inpatient mental health treatment,inpatient mental health treatment,Exact,https://harborridge.example.test/admissions,WA,26.51,0,Google Ads,System-Observed
TOUCH-001301,,2026-07-03T11:59:35,Paid Search,Google Ads,CMP-1002,Behavioral Health - Non-Brand,Admissions,detox center near me,detox center near me,Exact,https://harborridge.example.test/admissions,OR,44.98,0,Google Ads,System-Observed
TOUCH-001302,,2026-07-12T08:39:58,Paid Search,Google Ads,CMP-1003,Detox Near Me - Geo,Detox Programs,residential treatment center,residential treatment center,Broad,https://harborridge.example.test/admissions,NY,15.46,0,Google Ads,System-Observed
TOUCH-001303,,2026-07-14T19:19:13,Paid Search,Google Ads,CMP-1005,Family Crisis - Non-Brand,Family Support,inpatient mental health treatment,inpatient mental health treatment,Exact,https://harborridge.example.test/admissions,UT,16.71,0,Google Ads,System-Observed
TOUCH-001304,,2026-07-17T15:53:58,Paid Search,Google Ads,CMP-1003,Detox Near Me - Geo,Detox Programs,behavioral health treatment near me,behavioral health treatment near me,Broad,https://harborridge.example.test/admissions,CA,40.0,0,Google Ads,System-Observed
TOUCH-001305,,2026-07-01T20:58:34,Paid Search,Google Ads,CMP-1003,Detox Near Me - Geo,Detox Programs,residential treatment center,residential treatment center,Phrase,https://harborridge.example.test/admissions,OR,30.35,0,Google Ads,System-Observed
TOUCH-001306,,2026-07-07T13:27:04,Paid Search,Google Ads,CMP-1005,Family Crisis - Non-Brand,Family Support,substance abuse treatment options,substance abuse treatment options,Exact,https://harborridge.example.test/admissions,UT,14.03,0,Google Ads,System-Observed
TOUCH-001307,,2026-07-26T16:59:22,Paid Search,Google Ads,CMP-1003,Detox Near Me - Geo,Family Support,family intervention help,family intervention help,Exact,https://harborridge.example.test/admissions,CA,16.74,0,Google Ads,System-Observed
TOUCH-001308,,2026-07-27T15:11:07,Paid Search,Google Ads,CMP-1005,Family Crisis - Non-Brand,Admissions,family intervention help,family intervention help,Exact,https://harborridge.example.test/admissions,WA,35.87,0,Google Ads,System-Observed
TOUCH-001309,,2026-07-10T07:57:28,Paid Search,Google Ads,CMP-1003,Detox Near Me - Geo,Residential Programs,detox center near me,detox center near me,Broad,https://harborridge.example.test/admissions,CA,36.27,0,Google Ads,System-Observed
TOUCH-001310,,2026-07-18T12:47:45,Paid Search,Google Ads,CMP-1004,Residential Treatment - Geo,Family Support,residential treatment center,residential treatment center,Phrase,https://harborridge.example.test/admissions,NV,22.6,0,Google Ads,System-Observed
TOUCH-001311,,2026-07-20T20:52:24,Paid Search,Google Ads,CMP-1003,Detox Near Me - Geo,Residential Programs,inpatient mental health treatment,inpatient mental health treatment,Broad,https://harborridge.example.test/admissions,CO,43.35,0,Google Ads,System-Observed
TOUCH-001312,,2026-07-07T16:50:25,Paid Search,Google Ads,CMP-1002,Behavioral Health - Non-Brand,Detox Programs,family intervention help,family intervention help,Phrase,https://harborridge.example.test/admissions,NY,23.61,0,Google Ads,System-Observed
TOUCH-001313,,2026-07-16T16:03:34,Paid Search,Google Ads,CMP-1004,Residential Treatment - Geo,Detox Programs,detox center near me,detox center near me,Phrase,https://harborridge.example.test/admissions,CA,22.55,0,Google Ads,System-Observed
TOUCH-001314,,2026-07-20T08:04:32,Paid Search,Google Ads,CMP-1003,Detox Near Me - Geo,Detox Programs,behavioral health treatment near me,behavioral health treatment near me,Exact,https://harborridge.example.test/admissions,TX,27.35,0,Google Ads,System-Observed
TOUCH-001315,,2026-07-06T20:13:56,Paid Search,Google Ads,CMP-1001,Behavioral Health - Brand,Admissions,behavioral health treatment near me,behavioral health treatment near me,Broad,https://harborridge.example.test/admissions,CO,15.45,0,Google Ads,System-Observed
TOUCH-001316,,2026-07-28T07:22:34,Paid Search,Google Ads,CMP-1005,Family Crisis - Non-Brand,Admissions,substance abuse treatment options,substance abuse treatment options,Exact,https://harborridge.example.test/admissions,AZ,22.95,0,Google Ads,System-Observed
TOUCH-001317,,2026-07-02T10:29:56,Paid Search,Google Ads,CMP-1002,Behavioral Health - Non-Brand,Detox Programs,inpatient mental health treatment,inpatient mental health treatment,Phrase,https://harborridge.example.test/admissions,AZ,31.24,0,Google Ads,System-Observed
TOUCH-001318,,2026-07-24T16:02:06,Paid Search,Google Ads,CMP-1005,Family Crisis - Non-Brand,Detox Programs,behavioral health treatment near me,behavioral health treatment near me,Exact,https://harborridge.example.test/admissions,NY,44.07,0,Google Ads,System-Observed
TOUCH-001319,,2026-07-22T16:00:25,Paid Search,Google Ads,CMP-1001,Behavioral Health - Brand,Family Support,inpatient mental health treatment,inpatient mental health treatment,Exact,https://harborridge.example.test/admissions,WA,34.56,0,Google Ads,System-Observed
TOUCH-001320,,2026-07-10T07:02:59,Paid Search,Google Ads,CMP-1002,Behavioral Health - Non-Brand,Family Support,behavioral health treatment near me,behavioral health treatment near me,Phrase,https://harborridge.example.test/admissions,TX,31.24,0,Google Ads,System-Observed
TOUCH-001321,,2026-07-27T09:51:19,Paid Search,Google Ads,CMP-1004,Residential Treatment - Geo,Detox Programs,substance abuse treatment options,substance abuse treatment options,Phrase,https://harborridge.example.test/admissions,FL,30.57,0,Google Ads,System-Observed
TOUCH-001322,,2026-07-31T18:49:44,Paid Search,Google Ads,CMP-1001,Behavioral Health - Brand,Admissions,substance abuse treatment options,substance abuse treatment options,Broad,https://harborridge.example.test/admissions,CA,33.86,0,Google Ads,System-Observed
TOUCH-001323,,2026-07-25T16:49:40,Paid Search,Google Ads,CMP-1004,Residential Treatment - Geo,Admissions,inpatient mental health treatment,inpatient mental health treatment,Exact,https://harborridge.example.test/admissions,CO,33.46,0,Google Ads,System-Observed
TOUCH-001324,,2026-07-20T20:38:16,Paid Search,Google Ads,CMP-1002,Behavioral Health - Non-Brand,Residential Programs,family intervention help,family intervention help,Phrase,https://harborridge.example.test/admissions,TX,37.36,0,Google Ads,System-Observed
TOUCH-001325,,2026-07-21T12:42:08,Paid Search,Google Ads,CMP-1001,Behavioral Health - Brand,Admissions,inpatient mental health treatment,inpatient mental health treatment,Phrase,https://harborridge.example.test/admissions,WA,28.78,0,Google Ads,System-Observed
TOUCH-001326,,2026-07-06T11:55:12,Paid Search,Google Ads,CMP-1002,Behavioral Health - Non-Brand,Admissions,family intervention help,family intervention help,Exact,https://harborridge.example.test/admissions,AZ,27.52,0,Google Ads,System-Observed
TOUCH-001327,,2026-07-23T11:35:28,Paid Search,Google Ads,CMP-1003,Detox Near Me - Geo,Family Support,family intervention help,family intervention help,Phrase,https://harborridge.example.test/admissions,CA,43.49,0,Google Ads,System-Observed
TOUCH-001328,,2026-07-09T10:31:58,Paid Search,Google Ads,CMP-1001,Behavioral Health - Brand,Admissions,inpatient mental health treatment,inpatient mental health treatment,Broad,https://harborridge.example.test/admissions,NY,15.23,0,Google Ads,System-Observed
TOUCH-001329,,2026-07-29T08:09:04,Paid Search,Google Ads,CMP-1001,Behavioral Health - Brand,Family Support,detox center near me,detox center near me,Broad,https://harborridge.example.test/admissions,CA,29.37,0,Google Ads,System-Observed
TOUCH-001330,,2026-07-16T19:08:03,Paid Search,Google Ads,CMP-1004,Residential Treatment - Geo,Detox Programs,behavioral health treatment near me,behavioral health treatment near me,Exact,https://harborridge.example.test/admissions,CA,28.55,0,Google Ads,System-Observed
TOUCH-001331,,2026-07-19T11:19:39,Paid Search,Google Ads,CMP-1003,Detox Near Me - Geo,Residential Programs,family intervention help,family intervention help,Exact,https://harborridge.example.test/admissions,WA,36.45,0,Google Ads,System-Observed
TOUCH-001332,,2026-07-02T15:11:35,Paid Search,Google Ads,CMP-1005,Family Crisis - Non-Brand,Detox Programs,substance abuse treatment options,substance abuse treatment options,Exact,https://harborridge.example.test/admissions,OR,36.16,0,Google Ads,System-Observed
TOUCH-001333,,2026-07-17T16:01:12,Paid Search,Google Ads,CMP-1005,Family Crisis - Non-Brand,Residential Programs,detox center near me,detox center near me,Phrase,https://harborridge.example.test/admissions,OR,35.89,0,Google Ads,System-Observed
TOUCH-001334,,2026-07-19T08:01:41,Paid Search,Google Ads,CMP-1002,Behavioral Health - Non-Brand,Detox Programs,residential treatment center,residential treatment center,Broad,https://harborridge.example.test/admissions,UT,35.11,0,Google Ads,System-Observed
TOUCH-001335,,2026-07-13T09:48:36,Paid Search,Google Ads,CMP-1002,Behavioral Health - Non-Brand,Family Support,inpatient mental health treatment,inpatient mental health treatment,Exact,https://harborridge.example.test/admissions,FL,27.28,0,Google Ads,System-Observed
TOUCH-001336,,2026-07-01T09:10:40,Paid Search,Google Ads,CMP-1002,Behavioral Health - Non-Brand,Detox Programs,inpatient mental health treatment,inpatient mental health treatment,Exact,https://harborridge.example.test/admissions,WA,33.5,0,Google Ads,System-Observed
TOUCH-001337,,2026-07-22T20:10:34,Paid Search,Google Ads,CMP-1002,Behavioral Health - Non-Brand,Residential Programs,family intervention help,family intervention help,Broad,https://harborridge.example.test/admissions,OR,30.03,0,Google Ads,System-Observed
TOUCH-001338,,2026-07-17T07:16:25,Paid Search,Google Ads,CMP-1001,Behavioral Health - Brand,Family Support,detox center near me,detox center near me,Broad,https://harborridge.example.test/admissions,CO,21.29,0,Google Ads,System-Observed
TOUCH-001339,,2026-07-18T11:41:36,Paid Search,Google Ads,CMP-1004,Residential Treatment - Geo,Residential Programs,family intervention help,family intervention help,Exact,https://harborridge.example.test/admissions,FL,18.01,0,Google Ads,System-Observed
TOUCH-001340,,2026-07-04T10:10:15,Paid Search,Google Ads,CMP-1003,Detox Near Me - Geo,Residential Programs,residential treatment center,residential treatment center,Broad,https://harborridge.example.test/admissions,UT,34.17,0,Google Ads,System-Observed
TOUCH-001341,,2026-07-28T13:14:49,Paid Search,Google Ads,CMP-1004,Residential Treatment - Geo,Family Support,residential treatment center,residential treatment center,Exact,https://harborridge.example.test/admissions,FL,44.72,0,Google Ads,System-Observed
TOUCH-001342,,2026-07-03T14:18:20,Paid Search,Google Ads,CMP-1005,Family Crisis - Non-Brand,Family Support,family intervention help,family intervention help,Exact,https://harborridge.example.test/admissions,WA,21.17,0,Google Ads,System-Observed
TOUCH-001343,,2026-07-24T15:06:48,Paid Search,Google Ads,CMP-1002,Behavioral Health - Non-Brand,Residential Programs,behavioral health treatment near me,behavioral health treatment near me,Exact,https://harborridge.example.test/admissions,FL,36.76,0,Google Ads,System-Observed
TOUCH-001344,,2026-07-05T17:40:56,Paid Search,Google Ads,CMP-1002,Behavioral Health - Non-Brand,Detox Programs,family intervention help,family intervention help,Exact,https://harborridge.example.test/admissions,OR,21.34,0,Google Ads,System-Observed
TOUCH-001345,,2026-07-14T10:04:29,Paid Search,Google Ads,CMP-1004,Residential Treatment - Geo,Detox Programs,inpatient mental health treatment,inpatient mental health treatment,Broad,https://harborridge.example.test/admissions,UT,17.66,0,Google Ads,System-Observed
TOUCH-001346,,2026-07-02T20:02:53,Paid Search,Google Ads,CMP-1001,Behavioral Health - Brand,Family Support,detox center near me,detox center near me,Phrase,https://harborridge.example.test/admissions,NY,44.67,0,Google Ads,System-Observed
TOUCH-001347,,2026-07-18T07:55:25,Paid Search,Google Ads,CMP-1002,Behavioral Health - Non-Brand,Family Support,detox center near me,detox center near me,Phrase,https://harborridge.example.test/admissions,OR,16.55,0,Google Ads,System-Observed
TOUCH-001348,,2026-07-08T19:32:17,Paid Search,Google Ads,CMP-1005,Family Crisis - Non-Brand,Admissions,residential treatment center,residential treatment center,Phrase,https://harborridge.example.test/admissions,WA,22.96,0,Google Ads,System-Observed
TOUCH-001349,,2026-07-06T10:24:29,Paid Search,Google Ads,CMP-1002,Behavioral Health - Non-Brand,Family Support,behavioral health treatment near me,behavioral health treatment near me,Phrase,https://harborridge.example.test/admissions,CA,25.69,0,Google Ads,System-Observed
TOUCH-001350,,2026-07-28T16:44:43,Paid Search,Google Ads,CMP-1001,Behavioral Health - Brand,Family Support,behavioral health treatment near me,behavioral health treatment near me,Exact,https://harborridge.example.test/admissions,UT,34.86,0,Google Ads,System-Observed
TOUCH-001351,,2026-07-09T14:38:27,Paid Search,Google Ads,CMP-1002,Behavioral Health - Non-Brand,Detox Programs,detox center near me,detox center near me,Exact,https://harborridge.example.test/admissions,OR,18.75,0,Google Ads,System-Observed
TOUCH-001352,,2026-07-30T13:20:53,Paid Search,Google Ads,CMP-1005,Family Crisis - Non-Brand,Family Support,behavioral health treatment near me,behavioral health treatment near me,Phrase,https://harborridge.example.test/admissions,WA,41.36,0,Google Ads,System-Observed
TOUCH-001353,,2026-07-26T18:58:36,Paid Search,Google Ads,CMP-1003,Detox Near Me - Geo,Admissions,residential treatment center,residential treatment center,Exact,https://harborridge.example.test/admissions,NY,38.94,0,Google Ads,System-Observed
TOUCH-001354,,2026-07-09T16:36:56,Paid Search,Google Ads,CMP-1004,Residential Treatment - Geo,Detox Programs,detox center near me,detox center near me,Broad,https://harborridge.example.test/admissions,FL,30.97,0,Google Ads,System-Observed
TOUCH-001355,,2026-07-04T11:46:27,Paid Search,Google Ads,CMP-1002,Behavioral Health - Non-Brand,Family Support,family intervention help,family intervention help,Phrase,https://harborridge.example.test/admissions,WA,40.0,0,Google Ads,System-Observed
TOUCH-001356,,2026-07-21T13:08:40,Paid Search,Google Ads,CMP-1003,Detox Near Me - Geo,Family Support,behavioral health treatment near me,behavioral health treatment near me,Broad,https://harborridge.example.test/admissions,NV,33.11,0,Google Ads,System-Observed
TOUCH-001357,,2026-07-15T12:02:29,Paid Search,Google Ads,CMP-1001,Behavioral Health - Brand,Admissions,family intervention help,family intervention help,Phrase,https://harborridge.example.test/admissions,AZ,14.73,0,Google Ads,System-Observed
TOUCH-001358,,2026-07-03T10:00:57,Paid Search,Google Ads,CMP-1004,Residential Treatment - Geo,Family Support,behavioral health treatment near me,behavioral health treatment near me,Phrase,https://harborridge.example.test/admissions,AZ,30.92,0,Google Ads,System-Observed
TOUCH-001359,,2026-07-08T17:42:50,Paid Search,Google Ads,CMP-1004,Residential Treatment - Geo,Admissions,inpatient mental health treatment,inpatient mental health treatment,Phrase,https://harborridge.example.test/admissions,CA,38.55,0,Google Ads,System-Observed
TOUCH-001360,,2026-07-28T08:04:11,Paid Search,Google Ads,CMP-1001,Behavioral Health - Brand,Detox Programs,inpatient mental health treatment,inpatient mental health treatment,Phrase,https://harborridge.example.test/admissions,WA,34.5,0,Google Ads,System-Observed
TOUCH-001361,,2026-07-08T15:40:48,Paid Search,Google Ads,CMP-1002,Behavioral Health - Non-Brand,Detox Programs,substance abuse treatment options,substance abuse treatment options,Phrase,https://harborridge.example.test/admissions,WA,42.86,0,Google Ads,System-Observed
TOUCH-001362,,2026-07-11T07:39:19,Paid Search,Google Ads,CMP-1005,Family Crisis - Non-Brand,Family Support,family intervention help,family intervention help,Broad,https://harborridge.example.test/admissions,AZ,43.99,0,Google Ads,System-Observed
TOUCH-001363,,2026-07-26T18:53:43,Paid Search,Google Ads,CMP-1005,Family Crisis - Non-Brand,Family Support,residential treatment center,residential treatment center,Phrase,https://harborridge.example.test/admissions,OR,41.22,0,Google Ads,System-Observed
TOUCH-001364,,2026-07-30T18:46:44,Paid Search,Google Ads,CMP-1003,Detox Near Me - Geo,Detox Programs,behavioral health treatment near me,behavioral health treatment near me,Broad,https://harborridge.example.test/admissions,UT,14.35,0,Google Ads,System-Observed
TOUCH-001365,,2026-07-20T16:23:41,Paid Search,Google Ads,CMP-1003,Detox Near Me - Geo,Residential Programs,residential treatment center,residential treatment center,Exact,https://harborridge.example.test/admissions,AZ,18.15,0,Google Ads,System-Observed
TOUCH-001366,,2026-07-02T10:48:21,Paid Search,Google Ads,CMP-1005,Family Crisis - Non-Brand,Detox Programs,behavioral health treatment near me,behavioral health treatment near me,Exact,https://harborridge.example.test/admissions,UT,44.62,0,Google Ads,System-Observed
TOUCH-001367,,2026-07-01T13:08:49,Paid Search,Microsoft Ads,CMP-2001,Behavioral Health - Brand (Bing),Residential Programs,residential treatment center,residential treatment center,Phrase,https://harborridge.example.test/admissions,WA,15.02,0,Microsoft Ads,System-Observed
TOUCH-001368,,2026-07-07T19:54:30,Paid Search,Microsoft Ads,CMP-2002,Residential Treatment - Geo (Bing),Residential Programs,substance abuse treatment options,substance abuse treatment options,Broad,https://harborridge.example.test/admissions,NY,10.35,0,Microsoft Ads,System-Observed
TOUCH-001369,,2026-07-10T12:59:27,Paid Search,Microsoft Ads,CMP-2001,Behavioral Health - Brand (Bing),Family Support,detox center near me,detox center near me,Exact,https://harborridge.example.test/admissions,CA,14.24,0,Microsoft Ads,System-Observed
TOUCH-001370,,2026-07-20T09:50:32,Paid Search,Microsoft Ads,CMP-2001,Behavioral Health - Brand (Bing),Family Support,inpatient mental health treatment,inpatient mental health treatment,Phrase,https://harborridge.example.test/admissions,CO,12.6,0,Microsoft Ads,System-Observed
TOUCH-001371,,2026-07-26T10:04:54,Paid Search,Microsoft Ads,CMP-2002,Residential Treatment - Geo (Bing),Admissions,inpatient mental health treatment,inpatient mental health treatment,Broad,https://harborridge.example.test/admissions,TX,28.91,0,Microsoft Ads,System-Observed
TOUCH-001372,,2026-07-29T07:13:39,Paid Search,Microsoft Ads,CMP-2002,Residential Treatment - Geo (Bing),Detox Programs,residential treatment center,residential treatment center,Exact,https://harborridge.example.test/admissions,AZ,28.29,0,Microsoft Ads,System-Observed
TOUCH-001373,,2026-07-07T19:40:28,Paid Search,Microsoft Ads,CMP-2001,Behavioral Health - Brand (Bing),Admissions,substance abuse treatment options,substance abuse treatment options,Broad,https://harborridge.example.test/admissions,CO,27.97,0,Microsoft Ads,System-Observed
TOUCH-001374,,2026-07-19T10:48:21,Paid Search,Microsoft Ads,CMP-2001,Behavioral Health - Brand (Bing),Family Support,family intervention help,family intervention help,Broad,https://harborridge.example.test/admissions,CO,28.29,0,Microsoft Ads,System-Observed
TOUCH-001375,,2026-07-14T20:46:31,Paid Search,Microsoft Ads,CMP-2001,Behavioral Health - Brand (Bing),Admissions,family intervention help,family intervention help,Broad,https://harborridge.example.test/admissions,CA,21.41,0,Microsoft Ads,System-Observed
TOUCH-001376,,2026-07-25T16:55:14,Paid Search,Microsoft Ads,CMP-2002,Residential Treatment - Geo (Bing),Family Support,behavioral health treatment near me,behavioral health treatment near me,Exact,https://harborridge.example.test/admissions,CA,16.14,0,Microsoft Ads,System-Observed
TOUCH-001377,,2026-07-02T08:36:01,Paid Search,Microsoft Ads,CMP-2001,Behavioral Health - Brand (Bing),Residential Programs,family intervention help,family intervention help,Phrase,https://harborridge.example.test/admissions,OR,23.22,0,Microsoft Ads,System-Observed
TOUCH-001378,,2026-07-20T08:09:32,Paid Search,Microsoft Ads,CMP-2001,Behavioral Health - Brand (Bing),Residential Programs,residential treatment center,residential treatment center,Exact,https://harborridge.example.test/admissions,UT,17.8,0,Microsoft Ads,System-Observed
TOUCH-001379,,2026-07-27T19:07:33,Paid Search,Microsoft Ads,CMP-2001,Behavioral Health - Brand (Bing),Family Support,substance abuse treatment options,substance abuse treatment options,Broad,https://harborridge.example.test/admissions,TX,26.9,0,Microsoft Ads,System-Observed
TOUCH-001380,,2026-07-30T20:12:46,Paid Search,Microsoft Ads,CMP-2001,Behavioral Health - Brand (Bing),Detox Programs,detox center near me,detox center near me,Phrase,https://harborridge.example.test/admissions,AZ,27.62,0,Microsoft Ads,System-Observed
TOUCH-001381,,2026-07-17T17:18:30,Paid Search,Microsoft Ads,CMP-2001,Behavioral Health - Brand (Bing),Admissions,substance abuse treatment options,substance abuse treatment options,Phrase,https://harborridge.example.test/admissions,CO,28.45,0,Microsoft Ads,System-Observed
TOUCH-001382,,2026-07-02T11:32:40,Paid Search,Microsoft Ads,CMP-2002,Residential Treatment - Geo (Bing),Detox Programs,residential treatment center,residential treatment center,Exact,https://harborridge.example.test/admissions,OR,16.46,0,Microsoft Ads,System-Observed
TOUCH-001383,,2026-07-17T11:34:39,Paid Search,Microsoft Ads,CMP-2002,Residential Treatment - Geo (Bing),Family Support,family intervention help,family intervention help,Exact,https://harborridge.example.test/admissions,TX,23.95,0,Microsoft Ads,System-Observed
TOUCH-001384,,2026-07-07T09:43:23,Paid Search,Microsoft Ads,CMP-2002,Residential Treatment - Geo (Bing),Detox Programs,detox center near me,detox center near me,Phrase,https://harborridge.example.test/admissions,NY,15.62,0,Microsoft Ads,System-Observed
TOUCH-001385,,2026-07-20T14:33:00,Paid Search,Microsoft Ads,CMP-2002,Residential Treatment - Geo (Bing),Family Support,family intervention help,family intervention help,Phrase,https://harborridge.example.test/admissions,UT,16.61,0,Microsoft Ads,System-Observed
TOUCH-001386,,2026-07-22T15:47:17,Paid Search,Microsoft Ads,CMP-2002,Residential Treatment - Geo (Bing),Family Support,detox center near me,detox center near me,Phrase,https://harborridge.example.test/admissions,CA,24.7,0,Microsoft Ads,System-Observed
TOUCH-001387,,2026-07-13T09:03:08,Paid Search,Microsoft Ads,CMP-2001,Behavioral Health - Brand (Bing),Detox Programs,inpatient mental health treatment,inpatient mental health treatment,Phrase,https://harborridge.example.test/admissions,UT,26.58,0,Microsoft Ads,System-Observed
TOUCH-001388,,2026-07-13T15:47:21,Paid Search,Microsoft Ads,CMP-2002,Residential Treatment - Geo (Bing),Detox Programs,residential treatment center,residential treatment center,Exact,https://harborridge.example.test/admissions,UT,9.25,0,Microsoft Ads,System-Observed
TOUCH-001389,,2026-07-21T19:49:10,Paid Search,Microsoft Ads,CMP-2001,Behavioral Health - Brand (Bing),Family Support,family intervention help,family intervention help,Phrase,https://harborridge.example.test/admissions,CO,14.81,0,Microsoft Ads,System-Observed
TOUCH-001390,,2026-07-06T10:14:03,Paid Search,Microsoft Ads,CMP-2002,Residential Treatment - Geo (Bing),Residential Programs,detox center near me,detox center near me,Broad,https://harborridge.example.test/admissions,TX,28.83,0,Microsoft Ads,System-Observed
TOUCH-001391,,2026-07-29T08:44:43,Paid Search,Microsoft Ads,CMP-2001,Behavioral Health - Brand (Bing),Admissions,inpatient mental health treatment,inpatient mental health treatment,Exact,https://harborridge.example.test/admissions,TX,15.12,0,Microsoft Ads,System-Observed
TOUCH-001392,,2026-07-06T14:45:09,Paid Search,Microsoft Ads,CMP-2002,Residential Treatment - Geo (Bing),Detox Programs,behavioral health treatment near me,behavioral health treatment near me,Phrase,https://harborridge.example.test/admissions,TX,28.19,0,Microsoft Ads,System-Observed
TOUCH-001393,,2026-07-31T07:16:08,Paid Search,Microsoft Ads,CMP-2002,Residential Treatment - Geo (Bing),Detox Programs,detox center near me,detox center near me,Broad,https://harborridge.example.test/admissions,NY,14.11,0,Microsoft Ads,System-Observed
TOUCH-001394,,2026-07-12T15:27:13,Paid Search,Microsoft Ads,CMP-2001,Behavioral Health - Brand (Bing),Admissions,behavioral health treatment near me,behavioral health treatment near me,Broad,https://harborridge.example.test/admissions,NY,28.41,0,Microsoft Ads,System-Observed
TOUCH-001395,,2026-07-27T14:10:01,Paid Search,Microsoft Ads,CMP-2001,Behavioral Health - Brand (Bing),Admissions,family intervention help,family intervention help,Phrase,https://harborridge.example.test/admissions,NY,22.4,0,Microsoft Ads,System-Observed
TOUCH-001396,,2026-07-08T12:00:59,Paid Search,Microsoft Ads,CMP-2001,Behavioral Health - Brand (Bing),Admissions,behavioral health treatment near me,behavioral health treatment near me,Exact,https://harborridge.example.test/admissions,CA,11.0,0,Microsoft Ads,System-Observed
TOUCH-001397,,2026-07-19T11:46:42,Paid Search,Microsoft Ads,CMP-2002,Residential Treatment - Geo (Bing),Admissions,family intervention help,family intervention help,Phrase,https://harborridge.example.test/admissions,TX,23.04,0,Microsoft Ads,System-Observed
TOUCH-001398,,2026-07-08T12:16:59,Paid Search,Microsoft Ads,CMP-2002,Residential Treatment - Geo (Bing),Family Support,substance abuse treatment options,substance abuse treatment options,Exact,https://harborridge.example.test/admissions,AZ,11.0,0,Microsoft Ads,System-Observed
TOUCH-001399,,2026-07-12T19:25:45,Paid Search,Microsoft Ads,CMP-2002,Residential Treatment - Geo (Bing),Detox Programs,detox center near me,detox center near me,Phrase,https://harborridge.example.test/admissions,NY,25.84,0,Microsoft Ads,System-Observed
TOUCH-001400,,2026-07-07T13:43:00,Paid Search,Microsoft Ads,CMP-2002,Residential Treatment - Geo (Bing),Admissions,residential treatment center,residential treatment center,Exact,https://harborridge.example.test/admissions,CO,26.79,0,Microsoft Ads,System-Observed
TOUCH-001401,,2026-07-17T10:24:13,Paid Search,Microsoft Ads,CMP-2001,Behavioral Health - Brand (Bing),Residential Programs,substance abuse treatment options,substance abuse treatment options,Broad,https://harborridge.example.test/admissions,CO,19.85,0,Microsoft Ads,System-Observed
TOUCH-001402,,2026-07-16T08:30:48,Paid Search,Microsoft Ads,CMP-2002,Residential Treatment - Geo (Bing),Admissions,substance abuse treatment options,substance abuse treatment options,Broad,https://harborridge.example.test/admissions,FL,24.32,0,Microsoft Ads,System-Observed
TOUCH-001403,,2026-07-09T20:35:20,Paid Search,Microsoft Ads,CMP-2002,Residential Treatment - Geo (Bing),Admissions,behavioral health treatment near me,behavioral health treatment near me,Phrase,https://harborridge.example.test/admissions,OR,9.1,0,Microsoft Ads,System-Observed
TOUCH-001404,,2026-07-27T14:05:50,Paid Search,Microsoft Ads,CMP-2001,Behavioral Health - Brand (Bing),Admissions,residential treatment center,residential treatment center,Broad,https://harborridge.example.test/admissions,WA,28.26,0,Microsoft Ads,System-Observed
TOUCH-001405,,2026-07-07T14:35:11,Paid Search,Microsoft Ads,CMP-2002,Residential Treatment - Geo (Bing),Residential Programs,residential treatment center,residential treatment center,Broad,https://harborridge.example.test/admissions,CA,30.85,0,Microsoft Ads,System-Observed
TOUCH-001406,,2026-07-02T12:57:38,Paid Social,Meta,CMP-3002,Recovery Journey - Lookalike,Family Support,,,,https://harborridge.example.test/family-support,TX,3.36,0,Meta,System-Observed
TOUCH-001407,,2026-07-02T10:18:10,Paid Social,Meta,CMP-3002,Recovery Journey - Lookalike,Community Awareness,,,,https://harborridge.example.test/family-support,FL,9.36,0,Meta,System-Observed
TOUCH-001408,,2026-07-28T19:15:33,Paid Social,Meta,CMP-3001,Family Support Awareness,Family Support,,,,https://harborridge.example.test/family-support,CA,6.91,0,Meta,System-Observed
TOUCH-001409,,2026-07-04T10:24:25,Paid Social,Meta,CMP-3003,Local Community Awareness,Family Support,,,,https://harborridge.example.test/family-support,TX,3.04,0,Meta,System-Observed
TOUCH-001410,,2026-07-02T11:22:55,Paid Social,Meta,CMP-3002,Recovery Journey - Lookalike,Community Awareness,,,,https://harborridge.example.test/family-support,UT,7.81,0,Meta,System-Observed
TOUCH-001411,,2026-07-30T20:14:02,Paid Social,Meta,CMP-3001,Family Support Awareness,Community Awareness,,,,https://harborridge.example.test/family-support,FL,5.45,0,Meta,System-Observed
TOUCH-001412,,2026-07-30T19:34:58,Paid Social,Meta,CMP-3002,Recovery Journey - Lookalike,Family Support,,,,https://harborridge.example.test/family-support,FL,11.33,0,Meta,System-Observed
TOUCH-001413,,2026-07-04T17:40:01,Paid Social,Meta,CMP-3002,Recovery Journey - Lookalike,Community Awareness,,,,https://harborridge.example.test/family-support,FL,5.75,0,Meta,System-Observed
TOUCH-001414,,2026-07-01T17:00:17,Paid Social,Meta,CMP-3001,Family Support Awareness,Family Support,,,,https://harborridge.example.test/family-support,CA,10.87,0,Meta,System-Observed
TOUCH-001415,,2026-07-22T09:42:44,Paid Social,Meta,CMP-3002,Recovery Journey - Lookalike,Family Support,,,,https://harborridge.example.test/family-support,NY,12.47,0,Meta,System-Observed
TOUCH-001416,,2026-07-05T09:33:18,Paid Social,Meta,CMP-3001,Family Support Awareness,Community Awareness,,,,https://harborridge.example.test/family-support,CO,8.91,0,Meta,System-Observed
TOUCH-001417,,2026-07-01T07:26:06,Paid Social,Meta,CMP-3002,Recovery Journey - Lookalike,Family Support,,,,https://harborridge.example.test/family-support,OR,12.2,0,Meta,System-Observed
TOUCH-001418,,2026-07-08T18:16:36,Paid Social,Meta,CMP-3001,Family Support Awareness,Community Awareness,,,,https://harborridge.example.test/family-support,NV,4.32,0,Meta,System-Observed
TOUCH-001419,,2026-07-07T15:27:13,Paid Social,Meta,CMP-3001,Family Support Awareness,Family Support,,,,https://harborridge.example.test/family-support,WA,7.66,0,Meta,System-Observed
TOUCH-001420,,2026-07-31T20:47:52,Paid Social,Meta,CMP-3002,Recovery Journey - Lookalike,Family Support,,,,https://harborridge.example.test/family-support,WA,10.22,0,Meta,System-Observed
TOUCH-001421,,2026-07-01T16:11:18,Paid Social,Meta,CMP-3001,Family Support Awareness,Family Support,,,,https://harborridge.example.test/family-support,WA,10.08,0,Meta,System-Observed
TOUCH-001422,,2026-07-08T07:24:37,Paid Social,Meta,CMP-3002,Recovery Journey - Lookalike,Community Awareness,,,,https://harborridge.example.test/family-support,OR,8.0,0,Meta,System-Observed
TOUCH-001423,,2026-07-27T12:53:45,Paid Social,Meta,CMP-3003,Local Community Awareness,Community Awareness,,,,https://harborridge.example.test/family-support,CA,4.5,0,Meta,System-Observed
TOUCH-001424,,2026-07-23T20:58:40,Paid Social,Meta,CMP-3002,Recovery Journey - Lookalike,Family Support,,,,https://harborridge.example.test/family-support,UT,9.42,0,Meta,System-Observed
TOUCH-001425,,2026-07-08T11:20:53,Paid Social,Meta,CMP-3003,Local Community Awareness,Community Awareness,,,,https://harborridge.example.test/family-support,OR,5.27,0,Meta,System-Observed
TOUCH-001426,,2026-07-29T13:23:10,Paid Social,Meta,CMP-3001,Family Support Awareness,Family Support,,,,https://harborridge.example.test/family-support,WA,5.48,0,Meta,System-Observed
TOUCH-001427,,2026-07-26T13:59:53,Paid Social,Meta,CMP-3003,Local Community Awareness,Community Awareness,,,,https://harborridge.example.test/family-support,AZ,12.99,0,Meta,System-Observed
TOUCH-001428,,2026-07-18T14:21:41,Paid Social,Meta,CMP-3001,Family Support Awareness,Community Awareness,,,,https://harborridge.example.test/family-support,OR,9.6,0,Meta,System-Observed
TOUCH-001429,,2026-07-13T08:29:47,Paid Social,Meta,CMP-3002,Recovery Journey - Lookalike,Family Support,,,,https://harborridge.example.test/family-support,CO,10.9,0,Meta,System-Observed
TOUCH-001430,,2026-07-26T14:45:48,Paid Social,Meta,CMP-3001,Family Support Awareness,Family Support,,,,https://harborridge.example.test/family-support,UT,6.15,0,Meta,System-Observed
TOUCH-001431,,2026-07-18T16:31:42,Paid Social,Meta,CMP-3002,Recovery Journey - Lookalike,Community Awareness,,,,https://harborridge.example.test/family-support,WA,3.97,0,Meta,System-Observed
TOUCH-001432,,2026-07-25T17:26:32,Paid Social,Meta,CMP-3001,Family Support Awareness,Community Awareness,,,,https://harborridge.example.test/family-support,OR,12.22,0,Meta,System-Observed
TOUCH-001433,,2026-07-26T19:27:29,Paid Social,Meta,CMP-3003,Local Community Awareness,Family Support,,,,https://harborridge.example.test/family-support,AZ,3.67,0,Meta,System-Observed
TOUCH-001434,,2026-07-21T09:09:57,Paid Social,Meta,CMP-3002,Recovery Journey - Lookalike,Family Support,,,,https://harborridge.example.test/family-support,WA,8.91,0,Meta,System-Observed
TOUCH-001435,,2026-07-15T08:10:06,Paid Social,Meta,CMP-3002,Recovery Journey - Lookalike,Community Awareness,,,,https://harborridge.example.test/family-support,UT,14.84,0,Meta,System-Observed
TOUCH-001436,,2026-07-25T17:42:59,Paid Social,Meta,CMP-3001,Family Support Awareness,Family Support,,,,https://harborridge.example.test/family-support,CO,13.98,0,Meta,System-Observed
TOUCH-001437,,2026-07-10T11:19:15,Paid Social,Meta,CMP-3002,Recovery Journey - Lookalike,Family Support,,,,https://harborridge.example.test/family-support,CA,13.41,0,Meta,System-Observed
TOUCH-001438,,2026-07-23T07:48:55,Paid Social,Meta,CMP-3003,Local Community Awareness,Family Support,,,,https://harborridge.example.test/family-support,TX,8.84,0,Meta,System-Observed
TOUCH-001439,,2026-07-07T11:25:45,Paid Social,Meta,CMP-3001,Family Support Awareness,Community Awareness,,,,https://harborridge.example.test/family-support,OR,5.73,0,Meta,System-Observed
TOUCH-001440,,2026-07-06T11:43:05,Paid Social,Meta,CMP-3002,Recovery Journey - Lookalike,Community Awareness,,,,https://harborridge.example.test/family-support,CO,13.67,0,Meta,System-Observed
TOUCH-001441,,2026-07-16T17:13:52,Paid Social,Meta,CMP-3001,Family Support Awareness,Community Awareness,,,,https://harborridge.example.test/family-support,OR,9.5,0,Meta,System-Observed
TOUCH-001442,,2026-07-25T18:16:47,Paid Social,Meta,CMP-3001,Family Support Awareness,Community Awareness,,,,https://harborridge.example.test/family-support,OR,10.97,0,Meta,System-Observed
TOUCH-001443,,2026-07-02T12:11:25,Paid Social,Meta,CMP-3001,Family Support Awareness,Family Support,,,,https://harborridge.example.test/family-support,CO,10.8,0,Meta,System-Observed
TOUCH-001444,,2026-07-22T20:06:01,Paid Social,Meta,CMP-3002,Recovery Journey - Lookalike,Family Support,,,,https://harborridge.example.test/family-support,WA,9.51,0,Meta,System-Observed
TOUCH-001445,,2026-07-02T17:51:29,Paid Social,Meta,CMP-3002,Recovery Journey - Lookalike,Community Awareness,,,,https://harborridge.example.test/family-support,TX,12.58,0,Meta,System-Observed
TOUCH-001446,,2026-07-30T16:05:25,Paid Social,Meta,CMP-3001,Family Support Awareness,Community Awareness,,,,https://harborridge.example.test/family-support,AZ,4.81,0,Meta,System-Observed
TOUCH-001447,,2026-07-02T08:49:31,Paid Social,Meta,CMP-3003,Local Community Awareness,Family Support,,,,https://harborridge.example.test/family-support,NY,9.71,0,Meta,System-Observed
TOUCH-001448,,2026-07-27T13:10:52,Paid Social,Meta,CMP-3003,Local Community Awareness,Community Awareness,,,,https://harborridge.example.test/family-support,TX,3.58,0,Meta,System-Observed
TOUCH-001449,,2026-07-28T19:21:20,Paid Social,Meta,CMP-3001,Family Support Awareness,Family Support,,,,https://harborridge.example.test/family-support,NV,8.7,0,Meta,System-Observed
TOUCH-001450,,2026-07-06T13:56:34,Paid Social,Meta,CMP-3001,Family Support Awareness,Family Support,,,,https://harborridge.example.test/family-support,NV,6.95,0,Meta,System-Observed
TOUCH-001451,,2026-07-04T12:04:46,Paid Social,Meta,CMP-3001,Family Support Awareness,Family Support,,,,https://harborridge.example.test/family-support,CA,14.7,0,Meta,System-Observed
TOUCH-001452,,2026-07-05T12:46:45,Paid Social,Meta,CMP-3003,Local Community Awareness,Family Support,,,,https://harborridge.example.test/family-support,WA,11.46,0,Meta,System-Observed
TOUCH-001453,,2026-07-06T09:56:08,Paid Social,Meta,CMP-3002,Recovery Journey - Lookalike,Family Support,,,,https://harborridge.example.test/family-support,UT,7.16,0,Meta,System-Observed
TOUCH-001454,,2026-07-01T14:24:53,Paid Social,Meta,CMP-3002,Recovery Journey - Lookalike,Family Support,,,,https://harborridge.example.test/family-support,NV,9.19,0,Meta,System-Observed
TOUCH-001455,,2026-07-23T08:47:47,Paid Social,Meta,CMP-3001,Family Support Awareness,Family Support,,,,https://harborridge.example.test/family-support,TX,8.03,0,Meta,System-Observed
TOUCH-001456,,2026-07-31T09:36:15,Paid Social,Meta,CMP-3003,Local Community Awareness,Family Support,,,,https://harborridge.example.test/family-support,CA,6.83,0,Meta,System-Observed
TOUCH-001457,,2026-07-21T12:03:28,Paid Social,Meta,CMP-3001,Family Support Awareness,Community Awareness,,,,https://harborridge.example.test/family-support,UT,5.39,0,Meta,System-Observed
TOUCH-001458,,2026-07-05T12:12:50,Paid Social,Meta,CMP-3003,Local Community Awareness,Family Support,,,,https://harborridge.example.test/family-support,OR,7.69,0,Meta,System-Observed
TOUCH-001459,,2026-07-06T18:41:49,Paid Social,Meta,CMP-3003,Local Community Awareness,Community Awareness,,,,https://harborridge.example.test/family-support,NV,13.75,0,Meta,System-Observed
TOUCH-001460,,2026-07-08T19:55:09,Paid Social,Meta,CMP-3002,Recovery Journey - Lookalike,Community Awareness,,,,https://harborridge.example.test/family-support,NV,7.8,0,Meta,System-Observed
TOUCH-001461,,2026-07-30T10:43:53,Organic,Google Organic,,,,,,,https://harborridge.example.test/treatment-programs,NV,,0,Google Analytics,System-Observed
TOUCH-001462,,2026-07-29T09:49:15,Organic,Google Organic,,,,,,,https://harborridge.example.test/treatment-programs,TX,,0,Google Analytics,System-Observed
TOUCH-001463,,2026-07-16T19:16:35,Organic,Google Organic,,,,,,,https://harborridge.example.test/treatment-programs,WA,,0,Google Analytics,System-Observed
TOUCH-001464,,2026-07-09T13:14:16,Organic,Google Organic,,,,,,,https://harborridge.example.test/treatment-programs,CA,,0,Google Analytics,System-Observed
TOUCH-001465,,2026-07-31T08:14:46,Organic,Google Organic,,,,,,,https://harborridge.example.test/treatment-programs,NV,,0,Google Analytics,System-Observed
TOUCH-001466,,2026-07-16T12:22:14,Organic,Google Organic,,,,,,,https://harborridge.example.test/treatment-programs,NY,,0,Google Analytics,System-Observed
TOUCH-001467,,2026-07-13T11:24:07,Organic,Google Organic,,,,,,,https://harborridge.example.test/treatment-programs,CA,,0,Google Analytics,System-Observed
TOUCH-001468,,2026-07-11T07:03:32,Organic,Google Organic,,,,,,,https://harborridge.example.test/treatment-programs,AZ,,0,Google Analytics,System-Observed
TOUCH-001469,,2026-07-05T07:26:11,Organic,Google Organic,,,,,,,https://harborridge.example.test/treatment-programs,CO,,0,Google Analytics,System-Observed
TOUCH-001470,,2026-07-09T15:34:47,Organic,Google Organic,,,,,,,https://harborridge.example.test/treatment-programs,UT,,0,Google Analytics,System-Observed
TOUCH-001471,,2026-07-17T20:57:55,Organic,Google Organic,,,,,,,https://harborridge.example.test/treatment-programs,AZ,,0,Google Analytics,System-Observed
TOUCH-001472,,2026-07-30T11:47:27,Organic,Google Organic,,,,,,,https://harborridge.example.test/treatment-programs,OR,,0,Google Analytics,System-Observed
TOUCH-001473,,2026-07-08T09:36:14,Organic,Google Organic,,,,,,,https://harborridge.example.test/treatment-programs,TX,,0,Google Analytics,System-Observed
TOUCH-001474,,2026-07-15T07:27:42,Organic,Google Organic,,,,,,,https://harborridge.example.test/treatment-programs,UT,,0,Google Analytics,System-Observed
TOUCH-001475,,2026-07-08T07:08:41,Organic,Google Organic,,,,,,,https://harborridge.example.test/treatment-programs,UT,,0,Google Analytics,System-Observed
TOUCH-001476,,2026-07-06T14:35:13,Organic,Google Organic,,,,,,,https://harborridge.example.test/treatment-programs,FL,,0,Google Analytics,System-Observed
TOUCH-001477,,2026-07-26T13:37:14,Organic,Google Organic,,,,,,,https://harborridge.example.test/treatment-programs,OR,,0,Google Analytics,System-Observed
TOUCH-001478,,2026-07-29T07:51:19,Organic,Google Organic,,,,,,,https://harborridge.example.test/treatment-programs,CA,,0,Google Analytics,System-Observed
TOUCH-001479,,2026-07-31T13:05:36,Organic,Google Organic,,,,,,,https://harborridge.example.test/treatment-programs,CA,,0,Google Analytics,System-Observed
TOUCH-001480,,2026-07-22T17:27:27,Organic,Google Organic,,,,,,,https://harborridge.example.test/treatment-programs,NV,,0,Google Analytics,System-Observed
TOUCH-001481,,2026-07-20T20:09:38,Organic,Google Organic,,,,,,,https://harborridge.example.test/treatment-programs,CA,,0,Google Analytics,System-Observed
TOUCH-001482,,2026-07-24T20:31:16,Organic,Google Organic,,,,,,,https://harborridge.example.test/treatment-programs,NV,,0,Google Analytics,System-Observed
TOUCH-001483,,2026-07-29T17:38:04,Organic,Google Organic,,,,,,,https://harborridge.example.test/treatment-programs,AZ,,0,Google Analytics,System-Observed
TOUCH-001484,,2026-07-28T12:59:17,Organic,Google Organic,,,,,,,https://harborridge.example.test/treatment-programs,TX,,0,Google Analytics,System-Observed
TOUCH-001485,,2026-07-06T13:34:57,Organic,Google Organic,,,,,,,https://harborridge.example.test/treatment-programs,WA,,0,Google Analytics,System-Observed
TOUCH-001486,,2026-07-08T12:25:27,Organic,Google Organic,,,,,,,https://harborridge.example.test/treatment-programs,CO,,0,Google Analytics,System-Observed
TOUCH-001487,,2026-07-05T10:24:38,Organic,Google Organic,,,,,,,https://harborridge.example.test/treatment-programs,NV,,0,Google Analytics,System-Observed
TOUCH-001488,,2026-07-17T07:32:40,Organic,Google Organic,,,,,,,https://harborridge.example.test/treatment-programs,NV,,0,Google Analytics,System-Observed
TOUCH-001489,,2026-07-08T12:07:03,Organic,Google Organic,,,,,,,https://harborridge.example.test/treatment-programs,CA,,0,Google Analytics,System-Observed
TOUCH-001490,,2026-07-09T08:51:43,Organic,Google Organic,,,,,,,https://harborridge.example.test/treatment-programs,TX,,0,Google Analytics,System-Observed
TOUCH-001491,,2026-07-13T13:31:00,Organic,Google Organic,,,,,,,https://harborridge.example.test/treatment-programs,OR,,0,Google Analytics,System-Observed
TOUCH-001492,,2026-07-25T14:02:13,Organic,Google Organic,,,,,,,https://harborridge.example.test/treatment-programs,CO,,0,Google Analytics,System-Observed
TOUCH-001493,,2026-07-12T18:34:11,Organic,Google Organic,,,,,,,https://harborridge.example.test/treatment-programs,CA,,0,Google Analytics,System-Observed
TOUCH-001494,,2026-07-16T16:54:53,Organic,Google Organic,,,,,,,https://harborridge.example.test/treatment-programs,FL,,0,Google Analytics,System-Observed
TOUCH-001495,,2026-07-02T08:13:46,Organic,Google Organic,,,,,,,https://harborridge.example.test/treatment-programs,NY,,0,Google Analytics,System-Observed
TOUCH-001496,,2026-07-10T09:04:43,Organic,Google Organic,,,,,,,https://harborridge.example.test/treatment-programs,UT,,0,Google Analytics,System-Observed
TOUCH-001497,,2026-07-05T18:53:05,Organic,Google Organic,,,,,,,https://harborridge.example.test/treatment-programs,WA,,0,Google Analytics,System-Observed
TOUCH-001498,,2026-07-05T07:14:49,Organic,Google Organic,,,,,,,https://harborridge.example.test/treatment-programs,NV,,0,Google Analytics,System-Observed
TOUCH-001499,,2026-07-08T09:51:09,Organic,Google Organic,,,,,,,https://harborridge.example.test/treatment-programs,NY,,0,Google Analytics,System-Observed
TOUCH-001500,,2026-07-06T09:40:54,Organic,Google Organic,,,,,,,https://harborridge.example.test/treatment-programs,WA,,0,Google Analytics,System-Observed
TOUCH-001501,,2026-07-21T07:26:31,Organic,Google Organic,,,,,,,https://harborridge.example.test/treatment-programs,CA,,0,Google Analytics,System-Observed
TOUCH-001502,,2026-07-24T19:18:46,Organic,Google Organic,,,,,,,https://harborridge.example.test/treatment-programs,NY,,0,Google Analytics,System-Observed
TOUCH-001503,,2026-07-06T16:10:01,Organic,Google Organic,,,,,,,https://harborridge.example.test/treatment-programs,OR,,0,Google Analytics,System-Observed
TOUCH-001504,,2026-07-15T16:57:38,Organic,Google Organic,,,,,,,https://harborridge.example.test/treatment-programs,WA,,0,Google Analytics,System-Observed
TOUCH-001505,,2026-07-24T15:35:21,Organic,Google Organic,,,,,,,https://harborridge.example.test/treatment-programs,CO,,0,Google Analytics,System-Observed
TOUCH-001506,,2026-07-02T09:49:11,Organic,Google Organic,,,,,,,https://harborridge.example.test/treatment-programs,NY,,0,Google Analytics,System-Observed
TOUCH-001507,,2026-07-19T12:30:22,Organic,Google Organic,,,,,,,https://harborridge.example.test/treatment-programs,FL,,0,Google Analytics,System-Observed
TOUCH-001508,,2026-07-19T15:47:07,Organic,Google Organic,,,,,,,https://harborridge.example.test/treatment-programs,CA,,0,Google Analytics,System-Observed
TOUCH-001509,,2026-07-07T10:06:51,Organic,Google Organic,,,,,,,https://harborridge.example.test/treatment-programs,UT,,0,Google Analytics,System-Observed
TOUCH-001510,,2026-07-27T15:02:06,Organic,Google Organic,,,,,,,https://harborridge.example.test/treatment-programs,TX,,0,Google Analytics,System-Observed
TOUCH-001511,,2026-07-29T16:04:23,Organic,Google Organic,,,,,,,https://harborridge.example.test/treatment-programs,OR,,0,Google Analytics,System-Observed
TOUCH-001512,,2026-07-04T11:02:19,Organic,Google Organic,,,,,,,https://harborridge.example.test/treatment-programs,NV,,0,Google Analytics,System-Observed
TOUCH-001513,,2026-07-14T19:43:31,Organic,Google Organic,,,,,,,https://harborridge.example.test/treatment-programs,FL,,0,Google Analytics,System-Observed
TOUCH-001514,,2026-07-08T15:35:36,Organic,Google Organic,,,,,,,https://harborridge.example.test/treatment-programs,NV,,0,Google Analytics,System-Observed
TOUCH-001515,,2026-07-08T08:06:31,Organic,Google Organic,,,,,,,https://harborridge.example.test/treatment-programs,NV,,0,Google Analytics,System-Observed
TOUCH-001516,,2026-07-14T12:32:14,Organic,Google Organic,,,,,,,https://harborridge.example.test/treatment-programs,AZ,,0,Google Analytics,System-Observed
TOUCH-001517,,2026-07-25T19:30:28,Organic,Google Organic,,,,,,,https://harborridge.example.test/treatment-programs,NY,,0,Google Analytics,System-Observed
TOUCH-001518,,2026-07-08T17:52:14,Organic,Google Organic,,,,,,,https://harborridge.example.test/treatment-programs,AZ,,0,Google Analytics,System-Observed
TOUCH-001519,,2026-07-08T18:43:11,Organic,Google Organic,,,,,,,https://harborridge.example.test/treatment-programs,NV,,0,Google Analytics,System-Observed
TOUCH-001520,,2026-07-16T17:55:06,Organic,Google Organic,,,,,,,https://harborridge.example.test/treatment-programs,UT,,0,Google Analytics,System-Observed
TOUCH-001521,,2026-07-26T10:13:14,Organic,Google Organic,,,,,,,https://harborridge.example.test/treatment-programs,FL,,0,Google Analytics,System-Observed
TOUCH-001522,,2026-07-08T10:45:21,Organic,Google Organic,,,,,,,https://harborridge.example.test/treatment-programs,TX,,0,Google Analytics,System-Observed
TOUCH-001523,,2026-07-22T14:11:27,Organic,Google Organic,,,,,,,https://harborridge.example.test/treatment-programs,WA,,0,Google Analytics,System-Observed
TOUCH-001524,,2026-07-26T10:35:13,Organic,Google Organic,,,,,,,https://harborridge.example.test/treatment-programs,UT,,0,Google Analytics,System-Observed
TOUCH-001525,,2026-07-04T09:52:27,Organic,Google Organic,,,,,,,https://harborridge.example.test/treatment-programs,NY,,0,Google Analytics,System-Observed
TOUCH-001526,,2026-07-07T18:07:07,Organic,Google Organic,,,,,,,https://harborridge.example.test/treatment-programs,OR,,0,Google Analytics,System-Observed
TOUCH-001527,,2026-07-24T10:41:37,Organic,Google Organic,,,,,,,https://harborridge.example.test/treatment-programs,NY,,0,Google Analytics,System-Observed
TOUCH-001528,,2026-07-10T10:47:53,Organic,Google Organic,,,,,,,https://harborridge.example.test/treatment-programs,NV,,0,Google Analytics,System-Observed
TOUCH-001529,,2026-07-03T13:39:22,Organic,Google Organic,,,,,,,https://harborridge.example.test/treatment-programs,FL,,0,Google Analytics,System-Observed
TOUCH-001530,,2026-07-25T14:34:49,Organic,Google Organic,,,,,,,https://harborridge.example.test/treatment-programs,UT,,0,Google Analytics,System-Observed
TOUCH-001531,,2026-07-28T12:09:44,Organic,Google Organic,,,,,,,https://harborridge.example.test/treatment-programs,NV,,0,Google Analytics,System-Observed
TOUCH-001532,,2026-07-06T09:41:35,Organic,Google Organic,,,,,,,https://harborridge.example.test/treatment-programs,CA,,0,Google Analytics,System-Observed
TOUCH-001533,,2026-07-15T08:39:04,Organic,Google Organic,,,,,,,https://harborridge.example.test/treatment-programs,NV,,0,Google Analytics,System-Observed
TOUCH-001534,,2026-07-04T14:53:51,Organic,Google Organic,,,,,,,https://harborridge.example.test/treatment-programs,AZ,,0,Google Analytics,System-Observed
