inquiry_id,opportunity_id,contact_id,inquiry_timestamp,contact_role,inquiry_method,arrival_channel,source_platform,tracking_number,call_duration_seconds,landing_page,match_confidence,source_system,evidence_class
INQ-000001,HRO-000001,CNT-000001,2026-05-25T10:43:43,Patient,Web Form,Organic,Google Organic,,,https://harborridge.example.test/contact,Confirmed,Web Form,System-Observed
INQ-000002,HRO-000002,CNT-000002,2026-05-01T16:32:08,Patient,Call,Professional Referral,,555-853-6617,597,,Probable,CRM,Human-Entered
INQ-000003,HRO-000003,CNT-000003,2026-05-28T13:05:04,Patient,Call,Professional Referral,,555-250-0415,122,,Confirmed,CRM,Human-Entered
INQ-000004,HRO-000004,CNT-000004,2026-05-08T12:48:10,Patient,Call,Professional Referral,,555-492-8581,881,,Confirmed,CRM,Human-Entered
INQ-000005,HRO-000005,CNT-000005,2026-05-01T17:53:49,Loved One,Call,Other,Meta,555-135-0014,802,,Confirmed,Call Tracking,System-Observed
INQ-000006,HRO-000006,CNT-000007,2026-05-07T16:57:33,Loved One,Call,Paid Search,Google Ads,555-666-1964,543,,Confirmed,Call Tracking,System-Observed
INQ-000007,HRO-000007,CNT-000009,2026-05-04T17:10:59,Patient,Call,Local,GBP,555-492-4523,729,,Confirmed,Call Tracking,System-Observed
INQ-000008,HRO-000008,CNT-000010,2026-05-05T17:07:30,Patient,Web Form,Direct,,,,https://harborridge.example.test/contact,Confirmed,Web Form,System-Observed
INQ-000009,HRO-000009,CNT-000011,2026-05-25T18:20:48,Patient,Call,Paid Search,Google Ads,555-077-6883,466,,Confirmed,Call Tracking,System-Observed
INQ-000010,HRO-000010,CNT-000012,2026-05-08T16:38:57,Patient,Call,Paid Search,Google Ads,555-390-6158,154,,Possible,Call Tracking,System-Observed
INQ-000011,HRO-000011,CNT-000013,2026-05-10T07:02:37,Professional Referral Source,Call,Paid Search,Google Ads,555-663-6112,626,,Confirmed,Call Tracking,System-Observed
INQ-000012,HRO-000012,CNT-000015,2026-05-14T09:44:48,Patient,Call,Other,Meta,555-990-4397,616,,Confirmed,Call Tracking,System-Observed
INQ-000013,HRO-000012,CNT-000016,2026-05-16T09:44:48,Patient,Call,Other,Meta,555-138-0170,132,,Confirmed,Call Tracking,System-Observed
INQ-000014,HRO-000013,CNT-000017,2026-05-12T18:01:56,Patient,Call,Paid Search,Google Ads,555-738-5932,278,,Confirmed,Call Tracking,System-Observed
INQ-000015,HRO-000014,CNT-000018,2026-05-05T10:01:42,Patient,Call,Professional Referral,,555-747-7198,307,,Confirmed,CRM,Human-Entered
INQ-000016,HRO-000014,CNT-000019,2026-05-07T11:01:42,Patient,Call,Professional Referral,,555-601-0310,309,,Confirmed,CRM,Human-Entered
INQ-000017,HRO-000015,CNT-000020,2026-05-01T19:51:28,Patient,Call,Professional Referral,,555-651-4071,518,,Confirmed,CRM,Human-Entered
INQ-000018,HRO-000016,CNT-000021,2026-05-15T17:09:32,Patient,Call,Local,GBP,555-936-7090,415,,Probable,Call Tracking,System-Observed
INQ-000019,HRO-000016,CNT-000022,2026-05-16T23:09:32,Patient,Web Form,Local,GBP,,,https://harborridge.example.test/contact,Confirmed,Web Form,System-Observed
INQ-000020,HRO-000017,CNT-000023,2026-05-08T08:58:50,Patient,Call,Organic,Google Organic,555-286-9060,268,,Confirmed,Call Tracking,System-Observed
INQ-000021,HRO-000018,CNT-000024,2026-05-09T11:54:57,Loved One,Call,Paid Search,Google Ads,555-994-3279,582,,Confirmed,Call Tracking,System-Observed
INQ-000022,HRO-000019,CNT-000026,2026-05-10T17:20:31,Patient,Web Form,Paid Search,Google Ads,,,https://harborridge.example.test/contact,Confirmed,Web Form,System-Observed
INQ-000023,HRO-000019,CNT-000027,2026-05-12T22:20:31,Patient,Call,Paid Search,Google Ads,555-984-1785,491,,Confirmed,Call Tracking,System-Observed
INQ-000024,HRO-000020,CNT-000028,2026-05-01T12:14:55,Loved One,Web Form,Organic,Google Organic,,,https://harborridge.example.test/contact,Probable,Web Form,System-Observed
INQ-000025,HRO-000021,CNT-000030,2026-05-05T10:39:53,Patient,Web Form,Paid Search,Google Ads,,,https://harborridge.example.test/contact,Confirmed,Web Form,System-Observed
INQ-000026,HRO-000022,CNT-000031,2026-05-06T16:09:41,Loved One,Call,Other,Meta,555-807-2857,572,,Confirmed,Call Tracking,System-Observed
INQ-000027,HRO-000023,CNT-000033,2026-05-03T12:43:21,Patient,Call,Organic,Google Organic,555-321-1650,632,,Confirmed,Call Tracking,System-Observed
INQ-000028,HRO-000024,CNT-000034,2026-05-16T14:17:27,Patient,Call,Organic,Google Organic,555-595-7280,451,,Confirmed,Call Tracking,System-Observed
INQ-000029,HRO-000025,CNT-000035,2026-05-24T20:26:57,Loved One,Web Form,Organic,Google Organic,,,https://harborridge.example.test/contact,Confirmed,Web Form,System-Observed
INQ-000030,HRO-000026,CNT-000037,2026-05-05T16:23:58,Loved One,Call,Organic,Google Organic,555-031-2511,800,,Confirmed,Call Tracking,System-Observed
INQ-000031,HRO-000027,CNT-000039,2026-05-25T13:02:29,Loved One,Web Form,Organic,Google Organic,,,https://harborridge.example.test/contact,Confirmed,Web Form,System-Observed
INQ-000032,HRO-000027,CNT-000040,2026-05-28T16:02:29,Patient,Call,Organic,Google Organic,555-269-1686,583,,Confirmed,Call Tracking,System-Observed
INQ-000033,HRO-000028,CNT-000041,2026-05-13T19:48:31,Loved One,Call,Local,GBP,555-150-7721,117,,Confirmed,Call Tracking,System-Observed
INQ-000034,HRO-000029,CNT-000043,2026-05-05T09:33:26,Patient,Call,Direct,,555-370-3061,323,,Confirmed,Call Tracking,System-Observed
INQ-000035,HRO-000030,CNT-000044,2026-05-07T16:12:48,Patient,Call,Paid Search,Google Ads,555-571-7228,195,,Confirmed,Call Tracking,System-Observed
INQ-000036,HRO-000031,CNT-000045,2026-05-25T09:20:33,Loved One,Call,Paid Search,Google Ads,555-624-1942,685,,Confirmed,Call Tracking,System-Observed
INQ-000037,HRO-000031,CNT-000046,2026-05-26T15:20:33,Patient,Call,Paid Search,Google Ads,555-279-0986,348,,Confirmed,Call Tracking,System-Observed
INQ-000038,HRO-000032,CNT-000047,2026-05-11T08:18:45,Professional Referral Source,Call,Organic,Google Organic,555-421-5994,461,,Confirmed,Call Tracking,System-Observed
INQ-000039,HRO-000033,CNT-000049,2026-05-02T08:10:12,Patient,Call,Paid Search,Google Ads,555-134-0348,881,,Confirmed,Call Tracking,System-Observed
INQ-000040,HRO-000034,CNT-000050,2026-05-09T20:34:00,Loved One,Call,Paid Search,Google Ads,555-819-6838,431,,Confirmed,Call Tracking,System-Observed
INQ-000041,HRO-000035,CNT-000052,2026-05-27T07:42:51,Loved One,Web Form,Organic,Google Organic,,,https://harborridge.example.test/contact,Confirmed,Web Form,System-Observed
INQ-000042,HRO-000036,CNT-000054,2026-05-21T18:52:59,Loved One,Call,Paid Search,Microsoft Ads,555-600-3592,309,,Confirmed,Call Tracking,System-Observed
INQ-000043,HRO-000037,CNT-000056,2026-05-07T15:15:58,Patient,Web Form,Other,Meta,,,https://harborridge.example.test/contact,Confirmed,Web Form,System-Observed
INQ-000044,HRO-000037,CNT-000057,2026-05-09T21:15:58,Patient,Call,Other,Meta,555-199-5629,101,,Confirmed,Call Tracking,System-Observed
INQ-000045,HRO-000038,CNT-000058,2026-05-03T08:21:29,Patient,Call,Professional Referral,,555-549-4694,169,,Confirmed,CRM,Human-Entered
INQ-000046,HRO-000039,CNT-000059,2026-05-23T12:42:41,Loved One,Web Form,Organic,Google Organic,,,https://harborridge.example.test/contact,Confirmed,Web Form,System-Observed
INQ-000047,HRO-000040,CNT-000061,2026-05-16T10:04:43,Patient,Call,Local,GBP,555-021-7720,307,,Confirmed,Call Tracking,System-Observed
INQ-000048,HRO-000041,CNT-000062,2026-05-02T12:50:22,Patient,Call,Paid Search,Google Ads,555-023-6477,691,,Confirmed,Call Tracking,System-Observed
INQ-000049,HRO-000042,CNT-000063,2026-05-17T14:22:16,Patient,Web Form,Organic,Google Organic,,,https://harborridge.example.test/contact,Possible,Web Form,System-Observed
INQ-000050,HRO-000043,CNT-000064,2026-05-12T12:42:26,Loved One,Call,Organic,Google Organic,555-534-6918,211,,Probable,Call Tracking,System-Observed
INQ-000051,HRO-000044,CNT-000066,2026-05-04T14:07:24,Loved One,Call,Professional Referral,,555-729-5186,702,,Confirmed,CRM,Human-Entered
INQ-000052,HRO-000045,CNT-000068,2026-05-14T07:16:54,Loved One,Call,Other,Meta,555-858-5576,635,,Confirmed,Call Tracking,System-Observed
INQ-000053,HRO-000046,CNT-000070,2026-05-15T19:07:55,Patient,Call,Paid Search,Google Ads,555-392-2415,90,,Confirmed,Call Tracking,System-Observed
INQ-000054,HRO-000047,CNT-000071,2026-05-07T17:52:58,Loved One,Web Form,Direct,,,,https://harborridge.example.test/contact,Confirmed,Web Form,System-Observed
INQ-000055,HRO-000048,CNT-000073,2026-05-14T11:30:35,Loved One,Web Form,Direct,,,,https://harborridge.example.test/contact,Confirmed,Web Form,System-Observed
INQ-000056,HRO-000049,CNT-000075,2026-05-22T16:00:18,Loved One,Call,Paid Search,Google Ads,555-589-7641,442,,Probable,Call Tracking,System-Observed
INQ-000057,HRO-000049,CNT-000076,2026-05-22T17:00:18,Patient,Call,Paid Search,Google Ads,555-819-6175,321,,Confirmed,Call Tracking,System-Observed
INQ-000058,HRO-000050,CNT-000077,2026-05-28T11:32:29,Patient,Web Form,Direct,,,,https://harborridge.example.test/contact,Confirmed,Web Form,System-Observed
INQ-000059,HRO-000051,CNT-000078,2026-05-25T20:17:54,Patient,Web Form,Organic,Google Organic,,,https://harborridge.example.test/contact,Probable,Web Form,System-Observed
INQ-000060,HRO-000052,CNT-000079,2026-05-11T20:46:33,Loved One,Web Form,Paid Search,Google Ads,,,https://harborridge.example.test/contact,Confirmed,Web Form,System-Observed
INQ-000061,HRO-000053,CNT-000081,2026-05-21T09:26:50,Loved One,Web Form,Paid Search,Google Ads,,,https://harborridge.example.test/contact,Confirmed,Web Form,System-Observed
INQ-000062,HRO-000054,CNT-000083,2026-05-26T17:05:38,Patient,Web Form,Organic,Google Organic,,,https://harborridge.example.test/contact,Confirmed,Web Form,System-Observed
INQ-000063,HRO-000055,CNT-000084,2026-05-28T17:41:53,Loved One,Call,Local,GBP,555-047-1953,748,,Confirmed,Call Tracking,System-Observed
INQ-000064,HRO-000056,CNT-000086,2026-05-07T19:01:00,Patient,Call,Professional Referral,,555-358-4437,538,,Confirmed,CRM,Human-Entered
INQ-000065,HRO-000057,CNT-000087,2026-05-15T15:14:11,Loved One,Call,Direct,,555-230-7053,191,,Confirmed,Call Tracking,System-Observed
INQ-000066,HRO-000058,CNT-000089,2026-05-10T16:07:16,Loved One,Call,Professional Referral,,555-046-0332,348,,Confirmed,CRM,Human-Entered
INQ-000067,HRO-000059,CNT-000091,2026-05-07T09:07:46,Patient,Call,Paid Search,Google Ads,555-418-3191,235,,Confirmed,Call Tracking,System-Observed
INQ-000068,HRO-000060,CNT-000092,2026-05-17T11:45:05,Loved One,Web Form,Organic,Google Organic,,,https://harborridge.example.test/contact,Confirmed,Web Form,System-Observed
INQ-000069,HRO-000061,CNT-000094,2026-05-02T10:04:15,Patient,Call,Professional Referral,,555-095-2816,558,,Confirmed,CRM,Human-Entered
INQ-000070,HRO-000061,CNT-000095,2026-05-04T15:04:15,Loved One,Call,Professional Referral,,555-600-2344,90,,Confirmed,CRM,Human-Entered
INQ-000071,HRO-000062,CNT-000096,2026-05-13T19:20:10,Patient,Call,Paid Search,Google Ads,555-863-8111,324,,Confirmed,Call Tracking,System-Observed
INQ-000072,HRO-000062,CNT-000097,2026-05-16T01:20:10,Loved One,Call,Paid Search,Google Ads,555-973-9064,403,,Confirmed,Call Tracking,System-Observed
INQ-000073,HRO-000062,CNT-000098,2026-05-14T00:20:10,Patient,Call,Paid Search,Google Ads,555-513-8257,188,,Confirmed,Call Tracking,System-Observed
INQ-000074,HRO-000063,CNT-000099,2026-05-10T19:30:05,Patient,Call,Local,GBP,555-441-6427,495,,Confirmed,Call Tracking,System-Observed
INQ-000075,HRO-000064,CNT-000100,2026-05-15T08:40:20,Patient,Web Form,Organic,Google Organic,,,https://harborridge.example.test/contact,Confirmed,Web Form,System-Observed
INQ-000076,HRO-000065,CNT-000101,2026-05-08T14:38:58,Loved One,Call,Paid Search,Google Ads,555-949-9647,491,,Confirmed,Call Tracking,System-Observed
INQ-000077,HRO-000066,CNT-000103,2026-05-02T07:41:43,Patient,Web Form,Direct,,,,https://harborridge.example.test/contact,Confirmed,Web Form,System-Observed
INQ-000078,HRO-000067,CNT-000104,2026-05-05T10:47:23,Patient,Call,Paid Search,Google Ads,555-790-3868,708,,Confirmed,Call Tracking,System-Observed
INQ-000079,HRO-000068,CNT-000105,2026-05-03T10:05:31,Loved One,Web Form,Organic,Google Organic,,,https://harborridge.example.test/contact,Possible,Web Form,System-Observed
INQ-000080,HRO-000069,CNT-000107,2026-05-16T17:10:58,Loved One,Web Form,Direct,,,,https://harborridge.example.test/contact,Confirmed,Web Form,System-Observed
INQ-000081,HRO-000070,CNT-000109,2026-05-12T11:34:00,Loved One,Web Form,Paid Search,Google Ads,,,https://harborridge.example.test/contact,Confirmed,Web Form,System-Observed
INQ-000082,HRO-000070,CNT-000110,2026-05-15T16:34:00,Patient,Call,Paid Search,Google Ads,555-993-5456,175,,Confirmed,Call Tracking,System-Observed
INQ-000083,HRO-000071,CNT-000111,2026-05-27T18:08:08,Professional Referral Source,Call,Paid Search,Google Ads,555-676-2656,852,,Probable,Call Tracking,System-Observed
INQ-000084,HRO-000072,CNT-000113,2026-05-12T13:10:25,Loved One,Call,Organic,Google Organic,555-559-0095,667,,Confirmed,Call Tracking,System-Observed
INQ-000085,HRO-000073,CNT-000115,2026-05-21T08:06:53,Loved One,Call,Professional Referral,,555-172-0659,565,,Confirmed,CRM,Human-Entered
INQ-000086,HRO-000074,CNT-000117,2026-05-07T10:48:53,Loved One,Call,Professional Referral,,555-258-5982,633,,Confirmed,CRM,Human-Entered
INQ-000087,HRO-000075,CNT-000119,2026-05-07T20:53:28,Patient,Call,Professional Referral,,555-839-9403,637,,Confirmed,CRM,Human-Entered
INQ-000088,HRO-000076,CNT-000120,2026-05-13T16:44:44,Patient,Web Form,Paid Search,Google Ads,,,https://harborridge.example.test/contact,Confirmed,Web Form,System-Observed
INQ-000089,HRO-000077,CNT-000121,2026-05-01T18:31:19,Patient,Web Form,Paid Search,Google Ads,,,https://harborridge.example.test/contact,Confirmed,Web Form,System-Observed
INQ-000090,HRO-000078,CNT-000122,2026-05-10T14:50:55,Patient,Call,Professional Referral,,555-169-2597,523,,Confirmed,CRM,Human-Entered
INQ-000091,HRO-000079,CNT-000123,2026-05-04T12:40:10,Patient,Call,Professional Referral,,555-291-4986,258,,Confirmed,CRM,Human-Entered
INQ-000092,HRO-000079,CNT-000124,2026-05-04T12:40:10,Patient,Web Form,Professional Referral,,,,https://harborridge.example.test/contact,Confirmed,CRM,Human-Entered
INQ-000093,HRO-000080,CNT-000125,2026-05-20T08:14:54,Patient,Web Form,Organic,Google Organic,,,https://harborridge.example.test/contact,Confirmed,Web Form,System-Observed
INQ-000094,HRO-000081,CNT-000126,2026-05-22T08:26:07,Patient,Call,Professional Referral,,555-701-4709,360,,Confirmed,CRM,Human-Entered
INQ-000095,HRO-000082,CNT-000127,2026-05-04T16:01:41,Loved One,Web Form,Local,GBP,,,https://harborridge.example.test/contact,Probable,Web Form,System-Observed
INQ-000096,HRO-000083,CNT-000129,2026-05-15T14:36:33,Patient,Call,Other,Meta,555-061-9745,813,,Confirmed,Call Tracking,System-Observed
INQ-000097,HRO-000084,CNT-000130,2026-05-04T19:24:49,Patient,Call,Paid Search,Google Ads,555-571-2791,454,,Confirmed,Call Tracking,System-Observed
INQ-000098,HRO-000084,CNT-000131,2026-05-05T23:24:49,Patient,Web Form,Paid Search,Google Ads,,,https://harborridge.example.test/contact,Confirmed,Web Form,System-Observed
INQ-000099,HRO-000085,CNT-000132,2026-05-11T07:15:21,Patient,Call,Other,Meta,555-994-5442,357,,Confirmed,Call Tracking,System-Observed
INQ-000100,HRO-000086,CNT-000133,2026-05-18T18:20:41,Patient,Call,Direct,,555-158-2653,869,,Confirmed,Call Tracking,System-Observed
INQ-000101,HRO-000087,CNT-000134,2026-05-15T08:17:01,Loved One,Web Form,Paid Search,Google Ads,,,https://harborridge.example.test/contact,Confirmed,Web Form,System-Observed
INQ-000102,HRO-000087,CNT-000135,2026-05-17T09:17:01,Patient,Call,Paid Search,Google Ads,555-973-5480,229,,Confirmed,Call Tracking,System-Observed
INQ-000103,HRO-000087,CNT-000136,2026-05-17T14:17:01,Loved One,Call,Paid Search,Google Ads,555-410-8017,233,,Confirmed,Call Tracking,System-Observed
INQ-000104,HRO-000088,CNT-000137,2026-05-17T20:00:54,Patient,Call,Paid Search,Google Ads,555-745-0581,244,,Confirmed,Call Tracking,System-Observed
INQ-000105,HRO-000089,CNT-000138,2026-05-17T12:03:36,Loved One,Web Form,Organic,Google Organic,,,https://harborridge.example.test/contact,Confirmed,Web Form,System-Observed
INQ-000106,HRO-000089,CNT-000139,2026-05-20T18:03:36,Patient,Call,Organic,Google Organic,555-303-8917,334,,Confirmed,Call Tracking,System-Observed
INQ-000107,HRO-000089,CNT-000140,2026-05-17T18:03:36,Patient,Web Form,Organic,Google Organic,,,https://harborridge.example.test/contact,Confirmed,Web Form,System-Observed
INQ-000108,HRO-000090,CNT-000141,2026-05-14T18:06:35,Patient,Web Form,Other,Meta,,,https://harborridge.example.test/contact,Confirmed,Web Form,System-Observed
INQ-000109,HRO-000091,CNT-000142,2026-05-06T09:34:30,Patient,Call,Professional Referral,,555-068-3615,250,,Possible,CRM,Human-Entered
INQ-000110,HRO-000092,CNT-000143,2026-05-05T12:23:51,Patient,Call,Paid Search,Google Ads,555-348-5910,243,,Confirmed,Call Tracking,System-Observed
INQ-000111,HRO-000093,CNT-000144,2026-05-05T07:43:05,Loved One,Web Form,Paid Search,Google Ads,,,https://harborridge.example.test/contact,Confirmed,Web Form,System-Observed
INQ-000112,HRO-000094,CNT-000146,2026-05-01T08:17:39,Patient,Call,Other,Meta,555-440-1356,519,,Confirmed,Call Tracking,System-Observed
INQ-000113,HRO-000095,CNT-000147,2026-05-24T10:24:46,Loved One,Web Form,Other,Meta,,,https://harborridge.example.test/contact,Confirmed,Web Form,System-Observed
INQ-000114,HRO-000096,CNT-000149,2026-05-20T09:50:05,Loved One,Web Form,Paid Search,Google Ads,,,https://harborridge.example.test/contact,Confirmed,Web Form,System-Observed
INQ-000115,HRO-000096,CNT-000150,2026-05-21T09:50:05,Loved One,Call,Paid Search,Google Ads,555-454-7089,221,,Confirmed,Call Tracking,System-Observed
INQ-000116,HRO-000097,CNT-000152,2026-05-07T15:12:47,Patient,Web Form,Organic,Google Organic,,,https://harborridge.example.test/contact,Confirmed,Web Form,System-Observed
INQ-000117,HRO-000097,CNT-000153,2026-05-07T15:12:47,Patient,Call,Organic,Google Organic,555-694-5309,215,,Confirmed,Call Tracking,System-Observed
INQ-000118,HRO-000098,CNT-000154,2026-05-16T18:55:09,Loved One,Web Form,Direct,,,,https://harborridge.example.test/contact,Confirmed,Web Form,System-Observed
INQ-000119,HRO-000099,CNT-000156,2026-05-12T19:19:25,Loved One,Call,Local,GBP,555-206-3350,322,,Confirmed,Call Tracking,System-Observed
INQ-000120,HRO-000100,CNT-000158,2026-05-09T19:25:02,Patient,Web Form,Organic,Google Organic,,,https://harborridge.example.test/contact,Confirmed,Web Form,System-Observed
INQ-000121,HRO-000101,CNT-000159,2026-05-07T12:38:15,Loved One,Web Form,Direct,,,,https://harborridge.example.test/contact,Confirmed,Web Form,System-Observed
INQ-000122,HRO-000102,CNT-000161,2026-05-06T18:15:25,Patient,Call,Local,GBP,555-862-1021,820,,Confirmed,Call Tracking,System-Observed
INQ-000123,HRO-000103,CNT-000162,2026-05-15T14:05:03,Loved One,Call,Professional Referral,,555-868-5515,481,,Confirmed,CRM,Human-Entered
INQ-000124,HRO-000103,CNT-000163,2026-05-18T19:05:03,Loved One,Call,Professional Referral,,555-553-9774,284,,Confirmed,CRM,Human-Entered
INQ-000125,HRO-000104,CNT-000165,2026-05-24T19:37:43,Loved One,Call,Paid Search,Microsoft Ads,555-727-6939,581,,Confirmed,Call Tracking,System-Observed
INQ-000126,HRO-000105,CNT-000167,2026-05-07T20:31:48,Patient,Call,Paid Search,Microsoft Ads,555-241-7681,234,,Confirmed,Call Tracking,System-Observed
INQ-000127,HRO-000106,CNT-000168,2026-05-10T12:17:32,Loved One,Web Form,Professional Referral,,,,https://harborridge.example.test/contact,Confirmed,CRM,Human-Entered
INQ-000128,HRO-000107,CNT-000170,2026-05-02T13:29:50,Loved One,Web Form,Organic,Google Organic,,,https://harborridge.example.test/contact,Confirmed,Web Form,System-Observed
INQ-000129,HRO-000108,CNT-000172,2026-05-04T20:13:22,Loved One,Web Form,Paid Search,Google Ads,,,https://harborridge.example.test/contact,Confirmed,Web Form,System-Observed
INQ-000130,HRO-000109,CNT-000174,2026-05-18T20:05:34,Patient,Call,Paid Search,Microsoft Ads,555-948-4559,382,,Confirmed,Call Tracking,System-Observed
INQ-000131,HRO-000110,CNT-000175,2026-05-15T11:43:51,Patient,Web Form,Other,Meta,,,https://harborridge.example.test/contact,Confirmed,Web Form,System-Observed
INQ-000132,HRO-000111,CNT-000176,2026-05-11T13:50:15,Loved One,Web Form,Paid Search,Google Ads,,,https://harborridge.example.test/contact,Confirmed,Web Form,System-Observed
INQ-000133,HRO-000112,CNT-000178,2026-05-07T15:28:20,Patient,Call,Professional Referral,,555-114-2147,232,,Confirmed,CRM,Human-Entered
INQ-000134,HRO-000113,CNT-000179,2026-05-27T19:18:53,Loved One,Web Form,Paid Search,Google Ads,,,https://harborridge.example.test/contact,Confirmed,Web Form,System-Observed
INQ-000135,HRO-000114,CNT-000181,2026-05-14T20:51:37,Loved One,Call,Local,GBP,555-972-6891,491,,Confirmed,Call Tracking,System-Observed
INQ-000136,HRO-000115,CNT-000183,2026-05-24T20:34:26,Patient,Web Form,Direct,,,,https://harborridge.example.test/contact,Confirmed,Web Form,System-Observed
INQ-000137,HRO-000116,CNT-000184,2026-05-03T18:51:04,Patient,Web Form,Other,Meta,,,https://harborridge.example.test/contact,Confirmed,Web Form,System-Observed
INQ-000138,HRO-000116,CNT-000185,2026-05-03T18:51:04,Patient,Web Form,Other,Meta,,,https://harborridge.example.test/contact,Confirmed,Web Form,System-Observed
INQ-000139,HRO-000117,CNT-000186,2026-05-22T17:18:53,Loved One,Call,Paid Search,Google Ads,555-833-8408,641,,Confirmed,Call Tracking,System-Observed
INQ-000140,HRO-000118,CNT-000188,2026-05-17T08:19:47,Patient,Web Form,Paid Search,Google Ads,,,https://harborridge.example.test/contact,Confirmed,Web Form,System-Observed
INQ-000141,HRO-000118,CNT-000189,2026-05-20T10:19:47,Loved One,Web Form,Paid Search,Google Ads,,,https://harborridge.example.test/contact,Probable,Web Form,System-Observed
INQ-000142,HRO-000119,CNT-000190,2026-05-02T11:50:19,Loved One,Call,Professional Referral,,555-990-1882,203,,Confirmed,CRM,Human-Entered
INQ-000143,HRO-000120,CNT-000192,2026-05-11T14:48:21,Loved One,Call,Local,GBP,555-978-2543,782,,Confirmed,Call Tracking,System-Observed
INQ-000144,HRO-000121,CNT-000194,2026-05-20T17:52:38,Loved One,Call,Direct,,555-983-6802,720,,Confirmed,Call Tracking,System-Observed
INQ-000145,HRO-000122,CNT-000196,2026-05-05T18:16:36,Patient,Call,Organic,Google Organic,555-906-6647,144,,Confirmed,Call Tracking,System-Observed
INQ-000146,HRO-000123,CNT-000197,2026-05-08T16:20:22,Patient,Web Form,Paid Search,Google Ads,,,https://harborridge.example.test/contact,Confirmed,Web Form,System-Observed
INQ-000147,HRO-000124,CNT-000198,2026-05-08T14:28:18,Patient,Call,Paid Search,Google Ads,555-747-2901,753,,Confirmed,Call Tracking,System-Observed
INQ-000148,HRO-000125,CNT-000199,2026-05-03T16:30:41,Patient,Call,Paid Search,Google Ads,555-072-2752,835,,Confirmed,Call Tracking,System-Observed
INQ-000149,HRO-000126,CNT-000200,2026-05-03T20:21:59,Loved One,Call,Direct,,555-282-2108,355,,Confirmed,Call Tracking,System-Observed
INQ-000150,HRO-000126,CNT-000201,2026-05-05T20:21:59,Patient,Call,Direct,,555-705-2559,409,,Confirmed,Call Tracking,System-Observed
INQ-000151,HRO-000127,CNT-000202,2026-05-12T18:09:58,Professional Referral Source,Web Form,Paid Search,Google Ads,,,https://harborridge.example.test/contact,Confirmed,Web Form,System-Observed
INQ-000152,HRO-000127,CNT-000203,2026-05-13T22:09:58,Patient,Web Form,Paid Search,Google Ads,,,https://harborridge.example.test/contact,Confirmed,Web Form,System-Observed
INQ-000153,HRO-000128,CNT-000204,2026-05-04T13:13:57,Loved One,Web Form,Paid Search,Google Ads,,,https://harborridge.example.test/contact,Confirmed,Web Form,System-Observed
INQ-000154,HRO-000129,CNT-000206,2026-05-23T16:37:01,Patient,Call,Local,GBP,555-297-9920,229,,Possible,Call Tracking,System-Observed
INQ-000155,HRO-000130,CNT-000207,2026-05-03T20:24:14,Loved One,Web Form,Organic,Google Organic,,,https://harborridge.example.test/contact,Confirmed,Web Form,System-Observed
INQ-000156,HRO-000130,CNT-000208,2026-05-04T22:24:14,Loved One,Call,Organic,Google Organic,555-926-1321,249,,Confirmed,Call Tracking,System-Observed
INQ-000157,HRO-000131,CNT-000210,2026-05-02T17:11:57,Loved One,Call,Local,GBP,555-127-2884,133,,Confirmed,Call Tracking,System-Observed
INQ-000158,HRO-000132,CNT-000212,2026-05-11T09:11:25,Patient,Web Form,Direct,,,,https://harborridge.example.test/contact,Confirmed,Web Form,System-Observed
INQ-000159,HRO-000133,CNT-000213,2026-05-19T08:11:08,Patient,Web Form,Paid Search,Google Ads,,,https://harborridge.example.test/contact,Confirmed,Web Form,System-Observed
INQ-000160,HRO-000133,CNT-000214,2026-05-21T10:11:08,Patient,Web Form,Paid Search,Google Ads,,,https://harborridge.example.test/contact,Probable,Web Form,System-Observed
INQ-000161,HRO-000133,CNT-000215,2026-05-19T10:11:08,Patient,Call,Paid Search,Google Ads,555-941-8288,472,,Confirmed,Call Tracking,System-Observed
INQ-000162,HRO-000134,CNT-000216,2026-05-06T08:58:18,Patient,Call,Local,GBP,555-527-8457,237,,Confirmed,Call Tracking,System-Observed
INQ-000163,HRO-000135,CNT-000217,2026-05-18T08:55:35,Patient,Call,Direct,,555-672-1224,162,,Confirmed,Call Tracking,System-Observed
INQ-000164,HRO-000136,CNT-000218,2026-05-12T15:38:30,Patient,Call,Professional Referral,,555-983-4026,660,,Confirmed,CRM,Human-Entered
INQ-000165,HRO-000137,CNT-000219,2026-05-22T19:06:52,Patient,Call,Professional Referral,,555-457-7664,714,,Confirmed,CRM,Human-Entered
INQ-000166,HRO-000137,CNT-000220,2026-05-26T00:06:52,Patient,Call,Professional Referral,,555-690-6606,787,,Confirmed,CRM,Human-Entered
INQ-000167,HRO-000138,CNT-000221,2026-05-28T19:46:55,Patient,Call,Organic,Google Organic,555-950-1075,873,,Confirmed,Call Tracking,System-Observed
INQ-000168,HRO-000139,CNT-000222,2026-05-02T15:54:13,Loved One,Call,Organic,Google Organic,555-328-7154,337,,Confirmed,Call Tracking,System-Observed
INQ-000169,HRO-000139,CNT-000223,2026-05-03T15:54:13,Patient,Call,Organic,Google Organic,555-190-8301,882,,Confirmed,Call Tracking,System-Observed
INQ-000170,HRO-000139,CNT-000224,2026-05-04T17:54:13,Patient,Call,Organic,Google Organic,555-132-0184,857,,Confirmed,Call Tracking,System-Observed
INQ-000171,HRO-000140,CNT-000225,2026-05-15T09:34:42,Patient,Call,Professional Referral,,555-695-7929,381,,Confirmed,CRM,Human-Entered
INQ-000172,HRO-000141,CNT-000226,2026-05-22T13:37:48,Patient,Call,Professional Referral,,555-390-4314,711,,Confirmed,CRM,Human-Entered
INQ-000173,HRO-000142,CNT-000227,2026-05-26T13:32:54,Patient,Web Form,Paid Search,Google Ads,,,https://harborridge.example.test/contact,Confirmed,Web Form,System-Observed
INQ-000174,HRO-000143,CNT-000228,2026-05-06T17:38:46,Loved One,Call,Professional Referral,,555-948-0940,321,,Probable,CRM,Human-Entered
INQ-000175,HRO-000143,CNT-000229,2026-05-09T20:38:46,Loved One,Call,Professional Referral,,555-431-7878,868,,Confirmed,CRM,Human-Entered
INQ-000176,HRO-000143,CNT-000230,2026-05-09T23:38:46,Loved One,Web Form,Professional Referral,,,,https://harborridge.example.test/contact,Confirmed,CRM,Human-Entered
INQ-000177,HRO-000144,CNT-000232,2026-05-02T14:27:44,Patient,Web Form,Direct,,,,https://harborridge.example.test/contact,Confirmed,Web Form,System-Observed
INQ-000178,HRO-000145,CNT-000233,2026-05-04T18:05:24,Patient,Call,Professional Referral,,555-611-0060,579,,Possible,CRM,Human-Entered
INQ-000179,HRO-000146,CNT-000234,2026-05-16T13:24:41,Patient,Web Form,Organic,Google Organic,,,https://harborridge.example.test/contact,Confirmed,Web Form,System-Observed
INQ-000180,HRO-000147,CNT-000235,2026-05-17T09:49:14,Loved One,Call,Local,GBP,555-742-3912,828,,Possible,Call Tracking,System-Observed
INQ-000181,HRO-000147,CNT-000236,2026-05-17T15:49:14,Loved One,Call,Local,GBP,555-312-8991,869,,Confirmed,Call Tracking,System-Observed
INQ-000182,HRO-000148,CNT-000238,2026-05-24T10:59:14,Patient,Call,Professional Referral,,555-843-2878,533,,Confirmed,CRM,Human-Entered
INQ-000183,HRO-000149,CNT-000239,2026-05-04T20:03:14,Patient,Call,Professional Referral,,555-313-1231,312,,Confirmed,CRM,Human-Entered
INQ-000184,HRO-000149,CNT-000240,2026-05-07T21:03:14,Loved One,Call,Professional Referral,,555-154-5537,750,,Confirmed,CRM,Human-Entered
INQ-000185,HRO-000149,CNT-000241,2026-05-07T23:03:14,Loved One,Call,Professional Referral,,555-246-7940,375,,Confirmed,CRM,Human-Entered
INQ-000186,HRO-000150,CNT-000242,2026-05-18T18:30:09,Loved One,Call,Professional Referral,,555-135-3438,547,,Confirmed,CRM,Human-Entered
INQ-000187,HRO-000151,CNT-000244,2026-05-20T11:01:54,Patient,Call,Organic,Google Organic,555-538-0051,712,,Confirmed,Call Tracking,System-Observed
INQ-000188,HRO-000152,CNT-000245,2026-05-22T18:43:44,Patient,Call,Other,Meta,555-876-9294,617,,Confirmed,Call Tracking,System-Observed
INQ-000189,HRO-000153,CNT-000246,2026-05-11T09:59:09,Loved One,Call,Professional Referral,,555-773-3193,618,,Confirmed,CRM,Human-Entered
INQ-000190,HRO-000154,CNT-000248,2026-05-02T10:15:03,Professional Referral Source,Web Form,Organic,Google Organic,,,https://harborridge.example.test/contact,Confirmed,Web Form,System-Observed
INQ-000191,HRO-000155,CNT-000250,2026-05-12T13:17:48,Patient,Call,Paid Search,Google Ads,555-730-2466,683,,Probable,Call Tracking,System-Observed
INQ-000192,HRO-000156,CNT-000251,2026-05-08T17:52:18,Patient,Web Form,Organic,Google Organic,,,https://harborridge.example.test/contact,Confirmed,Web Form,System-Observed
INQ-000193,HRO-000156,CNT-000252,2026-05-11T19:52:18,Patient,Call,Organic,Google Organic,555-184-4403,517,,Confirmed,Call Tracking,System-Observed
INQ-000194,HRO-000157,CNT-000253,2026-05-12T19:45:39,Patient,Call,Professional Referral,,555-782-5838,549,,Probable,CRM,Human-Entered
INQ-000195,HRO-000157,CNT-000254,2026-05-13T20:45:39,Loved One,Call,Professional Referral,,555-194-9008,270,,Confirmed,CRM,Human-Entered
INQ-000196,HRO-000157,CNT-000255,2026-05-15T22:45:39,Patient,Call,Professional Referral,,555-239-7653,137,,Confirmed,CRM,Human-Entered
INQ-000197,HRO-000158,CNT-000256,2026-05-12T10:39:35,Loved One,Call,Professional Referral,,555-407-0915,698,,Confirmed,CRM,Human-Entered
INQ-000198,HRO-000159,CNT-000258,2026-05-07T10:16:00,Loved One,Call,Organic,Google Organic,555-713-0976,807,,Confirmed,Call Tracking,System-Observed
INQ-000199,HRO-000159,CNT-000259,2026-05-10T12:16:00,Loved One,Call,Organic,Google Organic,555-859-5530,631,,Confirmed,Call Tracking,System-Observed
INQ-000200,HRO-000160,CNT-000261,2026-05-21T10:38:46,Patient,Web Form,Paid Search,Google Ads,,,https://harborridge.example.test/contact,Confirmed,Web Form,System-Observed
INQ-000201,HRO-000160,CNT-000262,2026-05-24T10:38:46,Patient,Web Form,Paid Search,Google Ads,,,https://harborridge.example.test/contact,Confirmed,Web Form,System-Observed
INQ-000202,HRO-000161,CNT-000263,2026-05-17T16:22:40,Patient,Web Form,Paid Search,Google Ads,,,https://harborridge.example.test/contact,Confirmed,Web Form,System-Observed
INQ-000203,HRO-000162,CNT-000264,2026-05-19T09:54:31,Patient,Call,Paid Search,Google Ads,555-421-8628,847,,Confirmed,Call Tracking,System-Observed
INQ-000204,HRO-000163,CNT-000265,2026-05-28T09:42:23,Patient,Call,Organic,Google Organic,555-298-6319,536,,Confirmed,Call Tracking,System-Observed
INQ-000205,HRO-000164,CNT-000266,2026-05-20T15:05:42,Patient,Call,Paid Search,Google Ads,555-344-3757,361,,Confirmed,Call Tracking,System-Observed
INQ-000206,HRO-000165,CNT-000267,2026-05-16T15:40:02,Professional Referral Source,Web Form,Organic,Google Organic,,,https://harborridge.example.test/contact,Confirmed,Web Form,System-Observed
INQ-000207,HRO-000165,CNT-000268,2026-05-19T15:40:02,Loved One,Call,Organic,Google Organic,555-724-4797,284,,Confirmed,Call Tracking,System-Observed
INQ-000208,HRO-000166,CNT-000270,2026-05-10T13:05:30,Loved One,Web Form,Organic,Google Organic,,,https://harborridge.example.test/contact,Possible,Web Form,System-Observed
INQ-000209,HRO-000167,CNT-000272,2026-05-05T10:36:41,Loved One,Call,Paid Search,Google Ads,555-771-1923,863,,Confirmed,Call Tracking,System-Observed
INQ-000210,HRO-000168,CNT-000274,2026-05-02T10:18:15,Loved One,Web Form,Professional Referral,,,,https://harborridge.example.test/contact,Confirmed,CRM,Human-Entered
INQ-000211,HRO-000169,CNT-000276,2026-05-09T14:49:21,Patient,Call,Paid Search,Google Ads,555-173-1809,578,,Confirmed,Call Tracking,System-Observed
INQ-000212,HRO-000170,CNT-000277,2026-05-16T11:25:55,Loved One,Web Form,Direct,,,,https://harborridge.example.test/contact,Confirmed,Web Form,System-Observed
INQ-000213,HRO-000171,CNT-000279,2026-05-01T08:32:16,Patient,Web Form,Organic,Google Organic,,,https://harborridge.example.test/contact,Confirmed,Web Form,System-Observed
INQ-000214,HRO-000172,CNT-000280,2026-05-01T14:06:29,Patient,Call,Organic,Google Organic,555-488-9371,568,,Confirmed,Call Tracking,System-Observed
INQ-000215,HRO-000173,CNT-000281,2026-05-02T12:50:32,Loved One,Call,Other,Meta,555-540-5099,234,,Confirmed,Call Tracking,System-Observed
INQ-000216,HRO-000174,CNT-000283,2026-05-07T15:04:33,Patient,Call,Local,GBP,555-565-7027,729,,Confirmed,Call Tracking,System-Observed
INQ-000217,HRO-000175,CNT-000284,2026-05-24T07:27:51,Loved One,Web Form,Direct,,,,https://harborridge.example.test/contact,Confirmed,Web Form,System-Observed
INQ-000218,HRO-000176,CNT-000286,2026-05-12T19:23:14,Patient,Call,Paid Search,Google Ads,555-069-4916,707,,Confirmed,Call Tracking,System-Observed
INQ-000219,HRO-000177,CNT-000287,2026-05-04T08:00:37,Loved One,Call,Organic,Google Organic,555-889-6050,735,,Confirmed,Call Tracking,System-Observed
INQ-000220,HRO-000178,CNT-000289,2026-05-10T19:33:33,Loved One,Call,Organic,Google Organic,555-411-8543,334,,Confirmed,Call Tracking,System-Observed
INQ-000221,HRO-000178,CNT-000290,2026-05-11T00:33:33,Patient,Call,Organic,Google Organic,555-727-3745,477,,Confirmed,Call Tracking,System-Observed
INQ-000222,HRO-000178,CNT-000291,2026-05-12T23:33:33,Patient,Web Form,Organic,Google Organic,,,https://harborridge.example.test/contact,Confirmed,Web Form,System-Observed
INQ-000223,,CNT-000292,2026-05-25T11:40:13,Loved One,Call,Organic,Google Organic,555-606-2779,81,,Unmatched,Call Tracking,System-Observed
INQ-000224,,CNT-000293,2026-05-17T20:08:45,Patient,Call,Paid Search,Google Ads,555-997-6183,112,,Unmatched,Call Tracking,System-Observed
INQ-000225,,CNT-000294,2026-05-17T15:38:00,Loved One,Call,Other,Meta,555-850-8821,248,,Unmatched,Call Tracking,System-Observed
INQ-000226,,CNT-000295,2026-05-24T11:28:23,Loved One,Call,Organic,Google Organic,555-577-0676,260,,Unmatched,Call Tracking,System-Observed
INQ-000227,,CNT-000296,2026-05-19T11:09:05,Loved One,Web Form,Local,GBP,,,https://harborridge.example.test/contact,Unmatched,Web Form,System-Observed
INQ-000228,HRO-000179,CNT-000297,2026-06-23T11:47:13,Loved One,Call,Professional Referral,,555-379-4863,238,,Possible,CRM,Human-Entered
INQ-000229,HRO-000180,CNT-000299,2026-06-20T18:56:16,Patient,Call,Professional Referral,,555-957-5001,592,,Confirmed,CRM,Human-Entered
INQ-000230,HRO-000181,CNT-000300,2026-06-11T15:48:41,Patient,Call,Local,GBP,555-356-1456,547,,Confirmed,Call Tracking,System-Observed
INQ-000231,HRO-000182,CNT-000301,2026-06-14T09:38:41,Loved One,Call,Paid Search,Google Ads,555-998-7516,420,,Confirmed,Call Tracking,System-Observed
INQ-000232,HRO-000183,CNT-000303,2026-06-13T10:13:52,Patient,Web Form,Organic,Google Organic,,,https://harborridge.example.test/contact,Confirmed,Web Form,System-Observed
INQ-000233,HRO-000184,CNT-000304,2026-06-12T13:12:53,Patient,Call,Organic,Google Organic,555-036-5537,538,,Confirmed,Call Tracking,System-Observed
INQ-000234,HRO-000184,CNT-000305,2026-06-14T18:12:53,Patient,Web Form,Organic,Google Organic,,,https://harborridge.example.test/contact,Confirmed,Web Form,System-Observed
INQ-000235,HRO-000185,CNT-000306,2026-06-23T18:19:52,Patient,Web Form,Direct,,,,https://harborridge.example.test/contact,Confirmed,Web Form,System-Observed
INQ-000236,HRO-000186,CNT-000307,2026-06-04T16:39:44,Patient,Call,Professional Referral,,555-815-2452,333,,Confirmed,CRM,Human-Entered
INQ-000237,HRO-000187,CNT-000308,2026-06-08T08:28:20,Patient,Call,Professional Referral,,555-996-6869,359,,Confirmed,CRM,Human-Entered
INQ-000238,HRO-000187,CNT-000309,2026-06-09T14:28:20,Patient,Call,Professional Referral,,555-842-6186,805,,Confirmed,CRM,Human-Entered
INQ-000239,HRO-000188,CNT-000310,2026-06-12T08:09:14,Patient,Call,Professional Referral,,555-389-8589,743,,Confirmed,CRM,Human-Entered
INQ-000240,HRO-000189,CNT-000311,2026-06-11T07:23:19,Patient,Web Form,Organic,Google Organic,,,https://harborridge.example.test/contact,Confirmed,Web Form,System-Observed
INQ-000241,HRO-000189,CNT-000312,2026-06-11T07:23:19,Professional Referral Source,Call,Organic,Google Organic,555-327-3232,600,,Probable,Call Tracking,System-Observed
INQ-000242,HRO-000190,CNT-000313,2026-06-17T19:07:43,Patient,Web Form,Local,GBP,,,https://harborridge.example.test/contact,Probable,Web Form,System-Observed
INQ-000243,HRO-000191,CNT-000314,2026-06-05T18:22:48,Loved One,Call,Paid Search,Google Ads,555-128-6212,693,,Probable,Call Tracking,System-Observed
INQ-000244,HRO-000192,CNT-000316,2026-06-25T18:35:08,Loved One,Call,Organic,Google Organic,555-144-2624,810,,Confirmed,Call Tracking,System-Observed
INQ-000245,HRO-000193,CNT-000318,2026-06-10T09:45:35,Patient,Call,Local,GBP,555-533-5113,786,,Probable,Call Tracking,System-Observed
INQ-000246,HRO-000193,CNT-000319,2026-06-11T14:45:35,Patient,Call,Local,GBP,555-837-0593,595,,Confirmed,Call Tracking,System-Observed
INQ-000247,HRO-000193,CNT-000320,2026-06-13T10:45:35,Patient,Call,Local,GBP,555-467-9327,665,,Confirmed,Call Tracking,System-Observed
INQ-000248,HRO-000194,CNT-000321,2026-06-04T20:43:40,Loved One,Call,Local,GBP,555-994-0240,158,,Confirmed,Call Tracking,System-Observed
INQ-000249,HRO-000195,CNT-000323,2026-06-26T16:04:52,Loved One,Web Form,Paid Search,Microsoft Ads,,,https://harborridge.example.test/contact,Confirmed,Web Form,System-Observed
INQ-000250,HRO-000196,CNT-000325,2026-06-19T07:37:35,Loved One,Call,Paid Search,Google Ads,555-261-2881,592,,Probable,Call Tracking,System-Observed
INQ-000251,HRO-000197,CNT-000327,2026-06-16T11:34:45,Patient,Call,Local,GBP,555-981-2280,131,,Confirmed,Call Tracking,System-Observed
INQ-000252,HRO-000198,CNT-000328,2026-06-27T16:24:47,Patient,Web Form,Direct,,,,https://harborridge.example.test/contact,Confirmed,Web Form,System-Observed
INQ-000253,HRO-000199,CNT-000329,2026-06-09T12:59:38,Loved One,Call,Local,GBP,555-687-0021,346,,Confirmed,Call Tracking,System-Observed
INQ-000254,HRO-000200,CNT-000331,2026-06-15T18:59:39,Professional Referral Source,Call,Professional Referral,,555-117-1676,287,,Confirmed,CRM,Human-Entered
INQ-000255,HRO-000201,CNT-000333,2026-06-26T20:18:55,Patient,Web Form,Organic,Google Organic,,,https://harborridge.example.test/contact,Confirmed,Web Form,System-Observed
INQ-000256,HRO-000202,CNT-000334,2026-06-03T18:24:03,Patient,Call,Professional Referral,,555-602-6322,206,,Confirmed,CRM,Human-Entered
INQ-000257,HRO-000203,CNT-000335,2026-06-16T18:28:41,Patient,Call,Professional Referral,,555-110-3677,566,,Confirmed,CRM,Human-Entered
INQ-000258,HRO-000204,CNT-000336,2026-06-03T17:54:00,Patient,Call,Direct,,555-828-0758,744,,Confirmed,Call Tracking,System-Observed
INQ-000259,HRO-000205,CNT-000337,2026-06-11T11:17:12,Patient,Web Form,Organic,Google Organic,,,https://harborridge.example.test/contact,Confirmed,Web Form,System-Observed
INQ-000260,HRO-000206,CNT-000338,2026-06-05T17:04:17,Loved One,Call,Professional Referral,,555-618-1262,894,,Confirmed,CRM,Human-Entered
INQ-000261,HRO-000207,CNT-000340,2026-06-11T20:40:18,Patient,Call,Organic,Google Organic,555-558-8192,464,,Confirmed,Call Tracking,System-Observed
INQ-000262,HRO-000208,CNT-000341,2026-06-16T13:58:34,Professional Referral Source,Web Form,Direct,,,,https://harborridge.example.test/contact,Confirmed,Web Form,System-Observed
INQ-000263,HRO-000209,CNT-000343,2026-06-01T17:48:01,Patient,Call,Paid Search,Google Ads,555-617-6883,103,,Confirmed,Call Tracking,System-Observed
INQ-000264,HRO-000210,CNT-000344,2026-06-19T10:32:46,Patient,Call,Organic,Google Organic,555-087-4553,260,,Confirmed,Call Tracking,System-Observed
INQ-000265,HRO-000210,CNT-000345,2026-06-22T12:32:46,Patient,Web Form,Organic,Google Organic,,,https://harborridge.example.test/contact,Confirmed,Web Form,System-Observed
INQ-000266,HRO-000211,CNT-000346,2026-06-08T13:20:37,Patient,Call,Paid Search,Google Ads,555-579-3940,232,,Confirmed,Call Tracking,System-Observed
INQ-000267,HRO-000211,CNT-000347,2026-06-09T13:20:37,Loved One,Web Form,Paid Search,Google Ads,,,https://harborridge.example.test/contact,Confirmed,Web Form,System-Observed
INQ-000268,HRO-000211,CNT-000348,2026-06-11T13:20:37,Loved One,Web Form,Paid Search,Google Ads,,,https://harborridge.example.test/contact,Confirmed,Web Form,System-Observed
INQ-000269,HRO-000212,CNT-000349,2026-06-06T11:07:02,Professional Referral Source,Call,Paid Search,Google Ads,555-170-6602,844,,Confirmed,Call Tracking,System-Observed
INQ-000270,HRO-000213,CNT-000351,2026-06-04T12:19:43,Professional Referral Source,Call,Professional Referral,,555-089-9942,577,,Confirmed,CRM,Human-Entered
INQ-000271,HRO-000214,CNT-000353,2026-06-05T20:27:06,Patient,Call,Professional Referral,,555-092-6891,471,,Confirmed,CRM,Human-Entered
INQ-000272,HRO-000214,CNT-000354,2026-06-06T23:27:06,Professional Referral Source,Call,Professional Referral,,555-232-0147,602,,Confirmed,CRM,Human-Entered
INQ-000273,HRO-000215,CNT-000355,2026-06-24T10:55:17,Loved One,Web Form,Paid Search,Google Ads,,,https://harborridge.example.test/contact,Confirmed,Web Form,System-Observed
INQ-000274,HRO-000216,CNT-000357,2026-06-16T16:35:08,Loved One,Web Form,Paid Search,Google Ads,,,https://harborridge.example.test/contact,Confirmed,Web Form,System-Observed
INQ-000275,HRO-000217,CNT-000359,2026-06-02T11:25:54,Patient,Call,Local,GBP,555-687-0312,116,,Confirmed,Call Tracking,System-Observed
INQ-000276,HRO-000218,CNT-000360,2026-06-17T14:08:12,Loved One,Call,Professional Referral,,555-192-4473,226,,Confirmed,CRM,Human-Entered
INQ-000277,HRO-000219,CNT-000362,2026-06-13T18:30:33,Patient,Call,Professional Referral,,555-397-1230,603,,Confirmed,CRM,Human-Entered
INQ-000278,HRO-000220,CNT-000363,2026-06-14T20:35:49,Loved One,Web Form,Paid Search,Google Ads,,,https://harborridge.example.test/contact,Confirmed,Web Form,System-Observed
INQ-000279,HRO-000221,CNT-000365,2026-06-02T13:20:41,Patient,Call,Paid Search,Google Ads,555-567-3152,594,,Confirmed,Call Tracking,System-Observed
INQ-000280,HRO-000221,CNT-000366,2026-06-03T16:20:41,Loved One,Call,Paid Search,Google Ads,555-253-1781,476,,Confirmed,Call Tracking,System-Observed
INQ-000281,HRO-000222,CNT-000367,2026-06-14T09:58:33,Loved One,Call,Professional Referral,,555-605-8492,288,,Confirmed,CRM,Human-Entered
INQ-000282,HRO-000223,CNT-000369,2026-06-15T17:01:11,Patient,Call,Direct,,555-036-5264,121,,Confirmed,Call Tracking,System-Observed
INQ-000283,HRO-000224,CNT-000370,2026-06-07T12:55:14,Loved One,Call,Paid Search,Google Ads,555-062-7349,222,,Confirmed,Call Tracking,System-Observed
INQ-000284,HRO-000225,CNT-000372,2026-06-01T09:24:05,Loved One,Call,Organic,Google Organic,555-559-1996,801,,Confirmed,Call Tracking,System-Observed
INQ-000285,HRO-000225,CNT-000373,2026-06-04T09:24:05,Patient,Call,Organic,Google Organic,555-234-3342,833,,Confirmed,Call Tracking,System-Observed
INQ-000286,HRO-000226,CNT-000374,2026-06-15T17:52:10,Loved One,Call,Direct,,555-761-2843,816,,Confirmed,Call Tracking,System-Observed
INQ-000287,HRO-000226,CNT-000375,2026-06-15T21:52:10,Patient,Call,Direct,,555-513-6682,236,,Confirmed,Call Tracking,System-Observed
INQ-000288,HRO-000227,CNT-000376,2026-06-11T14:42:03,Patient,Call,Professional Referral,,555-929-7631,545,,Confirmed,CRM,Human-Entered
INQ-000289,HRO-000228,CNT-000377,2026-06-20T10:28:40,Loved One,Call,Organic,Google Organic,555-540-6495,229,,Confirmed,Call Tracking,System-Observed
INQ-000290,HRO-000229,CNT-000379,2026-06-03T11:17:19,Loved One,Web Form,Paid Search,Google Ads,,,https://harborridge.example.test/contact,Confirmed,Web Form,System-Observed
INQ-000291,HRO-000230,CNT-000381,2026-06-08T16:40:24,Patient,Call,Local,GBP,555-950-7283,355,,Confirmed,Call Tracking,System-Observed
INQ-000292,HRO-000231,CNT-000382,2026-06-06T15:12:31,Loved One,Call,Paid Search,Google Ads,555-431-2811,799,,Confirmed,Call Tracking,System-Observed
INQ-000293,HRO-000232,CNT-000384,2026-06-15T16:07:00,Loved One,Call,Paid Search,Google Ads,555-382-8605,705,,Probable,Call Tracking,System-Observed
INQ-000294,HRO-000233,CNT-000386,2026-06-03T19:27:51,Patient,Call,Direct,,555-246-5377,850,,Confirmed,Call Tracking,System-Observed
INQ-000295,HRO-000233,CNT-000387,2026-06-03T19:27:51,Patient,Call,Direct,,555-168-9600,791,,Confirmed,Call Tracking,System-Observed
INQ-000296,HRO-000234,CNT-000388,2026-06-12T19:46:17,Professional Referral Source,Web Form,Direct,,,,https://harborridge.example.test/contact,Confirmed,Web Form,System-Observed
INQ-000297,HRO-000234,CNT-000389,2026-06-12T20:46:17,Loved One,Web Form,Direct,,,,https://harborridge.example.test/contact,Confirmed,Web Form,System-Observed
INQ-000298,HRO-000235,CNT-000391,2026-06-03T15:34:47,Loved One,Call,Paid Search,Google Ads,555-001-7080,713,,Confirmed,Call Tracking,System-Observed
INQ-000299,HRO-000235,CNT-000392,2026-06-03T15:34:47,Patient,Web Form,Paid Search,Google Ads,,,https://harborridge.example.test/contact,Confirmed,Web Form,System-Observed
INQ-000300,HRO-000235,CNT-000393,2026-06-05T16:34:47,Patient,Call,Paid Search,Google Ads,555-703-7065,605,,Confirmed,Call Tracking,System-Observed
INQ-000301,HRO-000236,CNT-000394,2026-06-07T18:23:11,Patient,Call,Professional Referral,,555-972-7754,376,,Confirmed,CRM,Human-Entered
INQ-000302,HRO-000236,CNT-000395,2026-06-10T00:23:11,Patient,Web Form,Professional Referral,,,,https://harborridge.example.test/contact,Confirmed,CRM,Human-Entered
INQ-000303,HRO-000237,CNT-000396,2026-06-11T14:13:15,Loved One,Call,Local,GBP,555-024-7971,609,,Confirmed,Call Tracking,System-Observed
INQ-000304,HRO-000238,CNT-000398,2026-06-14T16:12:09,Patient,Call,Other,Meta,555-311-8717,863,,Confirmed,Call Tracking,System-Observed
INQ-000305,HRO-000239,CNT-000399,2026-06-11T07:48:08,Loved One,Web Form,Paid Search,Microsoft Ads,,,https://harborridge.example.test/contact,Confirmed,Web Form,System-Observed
INQ-000306,HRO-000240,CNT-000401,2026-06-14T10:18:21,Patient,Call,Paid Search,Google Ads,555-357-9989,261,,Confirmed,Call Tracking,System-Observed
INQ-000307,HRO-000241,CNT-000402,2026-06-14T17:14:57,Patient,Web Form,Organic,Google Organic,,,https://harborridge.example.test/contact,Confirmed,Web Form,System-Observed
INQ-000308,HRO-000242,CNT-000403,2026-06-07T10:22:19,Loved One,Web Form,Organic,Google Organic,,,https://harborridge.example.test/contact,Probable,Web Form,System-Observed
INQ-000309,HRO-000242,CNT-000404,2026-06-09T10:22:19,Patient,Call,Organic,Google Organic,555-042-0481,473,,Confirmed,Call Tracking,System-Observed
INQ-000310,HRO-000243,CNT-000405,2026-06-06T14:19:12,Patient,Web Form,Paid Search,Google Ads,,,https://harborridge.example.test/contact,Confirmed,Web Form,System-Observed
INQ-000311,HRO-000244,CNT-000406,2026-06-14T17:46:19,Loved One,Call,Professional Referral,,555-113-2818,386,,Confirmed,CRM,Human-Entered
INQ-000312,HRO-000244,CNT-000407,2026-06-15T22:46:19,Patient,Call,Professional Referral,,555-141-4503,650,,Confirmed,CRM,Human-Entered
INQ-000313,HRO-000245,CNT-000408,2026-06-03T11:31:43,Loved One,Call,Local,GBP,555-759-3350,715,,Confirmed,Call Tracking,System-Observed
INQ-000314,HRO-000246,CNT-000410,2026-06-26T10:00:32,Patient,Call,Organic,Google Organic,555-810-4003,298,,Confirmed,Call Tracking,System-Observed
INQ-000315,HRO-000247,CNT-000411,2026-06-09T17:36:46,Patient,Web Form,Paid Search,Google Ads,,,https://harborridge.example.test/contact,Confirmed,Web Form,System-Observed
INQ-000316,HRO-000248,CNT-000412,2026-06-04T20:19:21,Patient,Call,Professional Referral,,555-891-8932,134,,Confirmed,CRM,Human-Entered
INQ-000317,HRO-000249,CNT-000413,2026-06-10T09:56:13,Patient,Call,Direct,,555-549-7461,267,,Confirmed,Call Tracking,System-Observed
INQ-000318,HRO-000250,CNT-000414,2026-06-25T09:02:37,Patient,Web Form,Local,GBP,,,https://harborridge.example.test/contact,Confirmed,Web Form,System-Observed
INQ-000319,HRO-000251,CNT-000415,2026-06-08T12:09:27,Loved One,Call,Organic,Google Organic,555-259-7656,241,,Confirmed,Call Tracking,System-Observed
INQ-000320,HRO-000252,CNT-000417,2026-06-05T09:13:29,Patient,Call,Local,GBP,555-242-0030,600,,Confirmed,Call Tracking,System-Observed
INQ-000321,HRO-000253,CNT-000418,2026-06-13T15:19:06,Loved One,Call,Professional Referral,,555-342-2088,697,,Confirmed,CRM,Human-Entered
INQ-000322,HRO-000254,CNT-000420,2026-06-19T10:22:50,Patient,Call,Paid Search,Microsoft Ads,555-967-6546,588,,Confirmed,Call Tracking,System-Observed
INQ-000323,HRO-000255,CNT-000421,2026-06-06T16:15:42,Loved One,Call,Organic,Google Organic,555-976-9088,282,,Confirmed,Call Tracking,System-Observed
INQ-000324,HRO-000256,CNT-000423,2026-06-16T19:19:47,Patient,Call,Professional Referral,,555-193-9606,288,,Confirmed,CRM,Human-Entered
INQ-000325,HRO-000257,CNT-000424,2026-06-04T16:12:36,Loved One,Web Form,Paid Search,Google Ads,,,https://harborridge.example.test/contact,Confirmed,Web Form,System-Observed
INQ-000326,HRO-000258,CNT-000426,2026-06-08T18:39:41,Loved One,Web Form,Direct,,,,https://harborridge.example.test/contact,Confirmed,Web Form,System-Observed
INQ-000327,HRO-000259,CNT-000428,2026-06-19T14:38:26,Patient,Web Form,Paid Search,Google Ads,,,https://harborridge.example.test/contact,Confirmed,Web Form,System-Observed
INQ-000328,HRO-000260,CNT-000429,2026-06-13T09:51:55,Loved One,Call,Organic,Google Organic,555-997-8745,824,,Confirmed,Call Tracking,System-Observed
INQ-000329,HRO-000261,CNT-000431,2026-06-27T18:40:01,Professional Referral Source,Call,Professional Referral,,555-956-6203,338,,Confirmed,CRM,Human-Entered
INQ-000330,HRO-000262,CNT-000433,2026-06-12T10:19:10,Patient,Call,Organic,Google Organic,555-269-8331,580,,Confirmed,Call Tracking,System-Observed
INQ-000331,HRO-000263,CNT-000434,2026-06-14T17:06:15,Patient,Web Form,Direct,,,,https://harborridge.example.test/contact,Confirmed,Web Form,System-Observed
INQ-000332,HRO-000264,CNT-000435,2026-06-13T11:55:43,Loved One,Web Form,Paid Search,Google Ads,,,https://harborridge.example.test/contact,Probable,Web Form,System-Observed
INQ-000333,HRO-000265,CNT-000437,2026-06-13T18:14:44,Patient,Web Form,Paid Search,Google Ads,,,https://harborridge.example.test/contact,Possible,Web Form,System-Observed
INQ-000334,HRO-000265,CNT-000438,2026-06-16T19:14:44,Loved One,Call,Paid Search,Google Ads,555-723-3061,881,,Confirmed,Call Tracking,System-Observed
INQ-000335,HRO-000265,CNT-000439,2026-06-15T22:14:44,Loved One,Call,Paid Search,Google Ads,555-711-2253,374,,Confirmed,Call Tracking,System-Observed
INQ-000336,HRO-000266,CNT-000440,2026-06-15T11:02:04,Patient,Call,Organic,Google Organic,555-604-2158,248,,Confirmed,Call Tracking,System-Observed
INQ-000337,HRO-000266,CNT-000441,2026-06-18T17:02:04,Loved One,Web Form,Organic,Google Organic,,,https://harborridge.example.test/contact,Confirmed,Web Form,System-Observed
INQ-000338,HRO-000267,CNT-000442,2026-06-08T07:06:08,Patient,Call,Paid Search,Google Ads,555-924-2727,559,,Confirmed,Call Tracking,System-Observed
INQ-000339,HRO-000267,CNT-000443,2026-06-08T12:06:08,Patient,Call,Paid Search,Google Ads,555-038-6858,468,,Confirmed,Call Tracking,System-Observed
INQ-000340,HRO-000268,CNT-000444,2026-06-07T14:07:26,Patient,Call,Paid Search,Google Ads,555-769-2061,176,,Confirmed,Call Tracking,System-Observed
INQ-000341,HRO-000269,CNT-000445,2026-06-23T16:40:21,Loved One,Web Form,Organic,Google Organic,,,https://harborridge.example.test/contact,Confirmed,Web Form,System-Observed
INQ-000342,HRO-000270,CNT-000447,2026-06-26T08:24:57,Loved One,Call,Local,GBP,555-895-0005,403,,Confirmed,Call Tracking,System-Observed
INQ-000343,HRO-000271,CNT-000449,2026-06-04T12:57:26,Loved One,Call,Local,GBP,555-421-4632,310,,Confirmed,Call Tracking,System-Observed
INQ-000344,HRO-000272,CNT-000451,2026-06-06T13:48:39,Patient,Web Form,Organic,Google Organic,,,https://harborridge.example.test/contact,Confirmed,Web Form,System-Observed
INQ-000345,HRO-000273,CNT-000452,2026-06-26T15:17:34,Loved One,Call,Organic,Google Organic,555-508-2036,577,,Confirmed,Call Tracking,System-Observed
INQ-000346,HRO-000274,CNT-000454,2026-06-09T13:03:02,Professional Referral Source,Call,Professional Referral,,555-072-9496,709,,Confirmed,CRM,Human-Entered
INQ-000347,HRO-000275,CNT-000456,2026-06-17T17:46:41,Loved One,Call,Local,GBP,555-821-8347,754,,Confirmed,Call Tracking,System-Observed
INQ-000348,HRO-000276,CNT-000458,2026-06-14T13:18:18,Patient,Call,Paid Search,Google Ads,555-199-5043,191,,Confirmed,Call Tracking,System-Observed
INQ-000349,HRO-000276,CNT-000459,2026-06-17T14:18:18,Loved One,Web Form,Paid Search,Google Ads,,,https://harborridge.example.test/contact,Confirmed,Web Form,System-Observed
INQ-000350,HRO-000277,CNT-000460,2026-06-05T07:29:00,Loved One,Web Form,Organic,Google Organic,,,https://harborridge.example.test/contact,Confirmed,Web Form,System-Observed
INQ-000351,HRO-000278,CNT-000462,2026-06-23T07:32:48,Patient,Call,Organic,Google Organic,555-070-3110,328,,Confirmed,Call Tracking,System-Observed
INQ-000352,HRO-000278,CNT-000463,2026-06-25T12:32:48,Patient,Web Form,Organic,Google Organic,,,https://harborridge.example.test/contact,Confirmed,Web Form,System-Observed
INQ-000353,HRO-000279,CNT-000464,2026-06-07T19:48:31,Patient,Call,Organic,Google Organic,555-192-4222,817,,Confirmed,Call Tracking,System-Observed
INQ-000354,HRO-000280,CNT-000465,2026-06-13T19:59:48,Loved One,Call,Paid Search,Google Ads,555-685-6588,107,,Confirmed,Call Tracking,System-Observed
INQ-000355,HRO-000280,CNT-000466,2026-06-13T21:59:48,Loved One,Call,Paid Search,Google Ads,555-127-4637,561,,Confirmed,Call Tracking,System-Observed
INQ-000356,HRO-000280,CNT-000467,2026-06-15T20:59:48,Patient,Call,Paid Search,Google Ads,555-157-6349,296,,Confirmed,Call Tracking,System-Observed
INQ-000357,HRO-000281,CNT-000468,2026-06-01T08:02:42,Patient,Web Form,Paid Search,Google Ads,,,https://harborridge.example.test/contact,Confirmed,Web Form,System-Observed
INQ-000358,HRO-000281,CNT-000469,2026-06-01T13:02:42,Loved One,Web Form,Paid Search,Google Ads,,,https://harborridge.example.test/contact,Confirmed,Web Form,System-Observed
INQ-000359,HRO-000282,CNT-000470,2026-06-07T17:40:24,Patient,Web Form,Direct,,,,https://harborridge.example.test/contact,Confirmed,Web Form,System-Observed
INQ-000360,HRO-000283,CNT-000471,2026-06-15T09:32:04,Loved One,Call,Local,GBP,555-171-1562,812,,Confirmed,Call Tracking,System-Observed
INQ-000361,HRO-000284,CNT-000473,2026-06-26T17:19:50,Patient,Call,Professional Referral,,555-301-7084,644,,Confirmed,CRM,Human-Entered
INQ-000362,HRO-000284,CNT-000474,2026-06-28T22:19:50,Loved One,Call,Professional Referral,,555-932-7818,502,,Probable,CRM,Human-Entered
INQ-000363,HRO-000284,CNT-000475,2026-06-29T21:19:50,Loved One,Call,Professional Referral,,555-521-7108,693,,Confirmed,CRM,Human-Entered
INQ-000364,HRO-000285,CNT-000476,2026-06-12T12:20:54,Loved One,Web Form,Paid Search,Google Ads,,,https://harborridge.example.test/contact,Confirmed,Web Form,System-Observed
INQ-000365,HRO-000286,CNT-000478,2026-06-02T18:55:58,Patient,Web Form,Paid Search,Google Ads,,,https://harborridge.example.test/contact,Confirmed,Web Form,System-Observed
INQ-000366,HRO-000287,CNT-000479,2026-06-22T07:03:34,Patient,Web Form,Organic,Google Organic,,,https://harborridge.example.test/contact,Confirmed,Web Form,System-Observed
INQ-000367,HRO-000288,CNT-000480,2026-06-01T13:09:53,Loved One,Web Form,Paid Search,Google Ads,,,https://harborridge.example.test/contact,Confirmed,Web Form,System-Observed
INQ-000368,HRO-000289,CNT-000482,2026-06-09T16:23:36,Loved One,Call,Professional Referral,,555-480-1644,814,,Confirmed,CRM,Human-Entered
INQ-000369,HRO-000290,CNT-000484,2026-06-02T10:58:33,Patient,Web Form,Paid Search,Google Ads,,,https://harborridge.example.test/contact,Confirmed,Web Form,System-Observed
INQ-000370,HRO-000290,CNT-000485,2026-06-03T12:58:33,Loved One,Call,Paid Search,Google Ads,555-493-7674,316,,Confirmed,Call Tracking,System-Observed
INQ-000371,HRO-000291,CNT-000486,2026-06-02T08:24:42,Patient,Web Form,Paid Search,Google Ads,,,https://harborridge.example.test/contact,Confirmed,Web Form,System-Observed
INQ-000372,HRO-000292,CNT-000487,2026-06-07T12:54:05,Loved One,Call,Other,Meta,555-171-7049,257,,Probable,Call Tracking,System-Observed
INQ-000373,HRO-000293,CNT-000489,2026-06-08T13:05:36,Patient,Call,Paid Search,Google Ads,555-496-1116,549,,Confirmed,Call Tracking,System-Observed
INQ-000374,HRO-000294,CNT-000490,2026-06-16T09:07:29,Patient,Web Form,Paid Search,Google Ads,,,https://harborridge.example.test/contact,Confirmed,Web Form,System-Observed
INQ-000375,HRO-000295,CNT-000491,2026-06-16T10:50:02,Patient,Call,Paid Search,Microsoft Ads,555-613-0387,656,,Confirmed,Call Tracking,System-Observed
INQ-000376,HRO-000295,CNT-000492,2026-06-19T10:50:02,Loved One,Call,Paid Search,Microsoft Ads,555-820-4590,365,,Confirmed,Call Tracking,System-Observed
INQ-000377,HRO-000296,CNT-000493,2026-06-22T19:23:38,Patient,Call,Paid Search,Google Ads,555-859-2622,188,,Confirmed,Call Tracking,System-Observed
INQ-000378,HRO-000297,CNT-000494,2026-06-02T10:21:50,Loved One,Call,Direct,,555-855-9966,162,,Confirmed,Call Tracking,System-Observed
INQ-000379,HRO-000298,CNT-000496,2026-06-27T07:25:27,Patient,Web Form,Paid Search,Google Ads,,,https://harborridge.example.test/contact,Confirmed,Web Form,System-Observed
INQ-000380,HRO-000299,CNT-000497,2026-06-16T13:14:09,Loved One,Web Form,Paid Search,Google Ads,,,https://harborridge.example.test/contact,Confirmed,Web Form,System-Observed
INQ-000381,HRO-000300,CNT-000499,2026-06-21T14:10:03,Loved One,Call,Organic,Google Organic,555-040-0883,836,,Confirmed,Call Tracking,System-Observed
INQ-000382,HRO-000300,CNT-000500,2026-06-24T18:10:03,Loved One,Web Form,Organic,Google Organic,,,https://harborridge.example.test/contact,Confirmed,Web Form,System-Observed
INQ-000383,HRO-000301,CNT-000502,2026-06-21T19:59:49,Loved One,Call,Professional Referral,,555-190-0657,495,,Probable,CRM,Human-Entered
INQ-000384,HRO-000302,CNT-000504,2026-06-18T12:19:11,Patient,Call,Paid Search,Google Ads,555-394-1083,743,,Probable,Call Tracking,System-Observed
INQ-000385,HRO-000302,CNT-000505,2026-06-18T15:19:11,Patient,Web Form,Paid Search,Google Ads,,,https://harborridge.example.test/contact,Confirmed,Web Form,System-Observed
INQ-000386,HRO-000303,CNT-000506,2026-06-06T10:53:36,Patient,Call,Local,GBP,555-803-1201,690,,Probable,Call Tracking,System-Observed
INQ-000387,HRO-000304,CNT-000507,2026-06-21T10:40:28,Patient,Web Form,Paid Search,Google Ads,,,https://harborridge.example.test/contact,Confirmed,Web Form,System-Observed
INQ-000388,HRO-000304,CNT-000508,2026-06-22T13:40:28,Professional Referral Source,Web Form,Paid Search,Google Ads,,,https://harborridge.example.test/contact,Confirmed,Web Form,System-Observed
INQ-000389,HRO-000304,CNT-000509,2026-06-23T11:40:28,Patient,Web Form,Paid Search,Google Ads,,,https://harborridge.example.test/contact,Probable,Web Form,System-Observed
INQ-000390,HRO-000305,CNT-000510,2026-06-20T15:03:53,Patient,Call,Paid Search,Google Ads,555-525-4207,538,,Confirmed,Call Tracking,System-Observed
INQ-000391,HRO-000305,CNT-000511,2026-06-21T17:03:53,Patient,Web Form,Paid Search,Google Ads,,,https://harborridge.example.test/contact,Confirmed,Web Form,System-Observed
INQ-000392,HRO-000305,CNT-000512,2026-06-20T17:03:53,Loved One,Call,Paid Search,Google Ads,555-478-7318,866,,Confirmed,Call Tracking,System-Observed
INQ-000393,HRO-000306,CNT-000513,2026-06-15T19:07:13,Patient,Call,Organic,Google Organic,555-341-5355,145,,Confirmed,Call Tracking,System-Observed
INQ-000394,HRO-000307,CNT-000514,2026-06-12T08:53:36,Loved One,Call,Professional Referral,,555-628-3895,187,,Confirmed,CRM,Human-Entered
INQ-000395,HRO-000307,CNT-000515,2026-06-15T11:53:36,Patient,Call,Professional Referral,,555-924-2055,279,,Confirmed,CRM,Human-Entered
INQ-000396,HRO-000308,CNT-000516,2026-06-24T14:33:33,Loved One,Call,Direct,,555-032-3311,679,,Confirmed,Call Tracking,System-Observed
INQ-000397,HRO-000309,CNT-000518,2026-06-12T07:03:44,Patient,Web Form,Organic,Google Organic,,,https://harborridge.example.test/contact,Confirmed,Web Form,System-Observed
INQ-000398,HRO-000309,CNT-000519,2026-06-15T07:03:44,Patient,Call,Organic,Google Organic,555-160-6848,652,,Confirmed,Call Tracking,System-Observed
INQ-000399,HRO-000309,CNT-000520,2026-06-12T09:03:44,Patient,Web Form,Organic,Google Organic,,,https://harborridge.example.test/contact,Confirmed,Web Form,System-Observed
INQ-000400,HRO-000310,CNT-000521,2026-06-17T18:39:00,Patient,Call,Paid Search,Google Ads,555-119-0119,864,,Confirmed,Call Tracking,System-Observed
INQ-000401,HRO-000311,CNT-000522,2026-06-13T13:45:33,Professional Referral Source,Web Form,Paid Search,Google Ads,,,https://harborridge.example.test/contact,Confirmed,Web Form,System-Observed
INQ-000402,HRO-000312,CNT-000524,2026-06-26T07:50:11,Patient,Web Form,Local,GBP,,,https://harborridge.example.test/contact,Confirmed,Web Form,System-Observed
INQ-000403,HRO-000312,CNT-000525,2026-06-29T11:50:11,Loved One,Call,Local,GBP,555-762-1408,343,,Confirmed,Call Tracking,System-Observed
INQ-000404,HRO-000313,CNT-000526,2026-06-16T20:33:32,Loved One,Web Form,Direct,,,,https://harborridge.example.test/contact,Confirmed,Web Form,System-Observed
INQ-000405,HRO-000313,CNT-000527,2026-06-16T20:33:32,Patient,Call,Direct,,555-982-1447,422,,Confirmed,Call Tracking,System-Observed
INQ-000406,HRO-000314,CNT-000528,2026-06-26T18:43:51,Loved One,Call,Professional Referral,,555-218-6047,843,,Confirmed,CRM,Human-Entered
INQ-000407,HRO-000315,CNT-000530,2026-06-25T07:53:11,Loved One,Web Form,Organic,Google Organic,,,https://harborridge.example.test/contact,Probable,Web Form,System-Observed
INQ-000408,HRO-000316,CNT-000532,2026-06-17T20:35:20,Loved One,Call,Paid Search,Google Ads,555-922-5623,527,,Probable,Call Tracking,System-Observed
INQ-000409,HRO-000316,CNT-000533,2026-06-17T20:35:20,Loved One,Call,Paid Search,Google Ads,555-354-2765,136,,Confirmed,Call Tracking,System-Observed
INQ-000410,HRO-000316,CNT-000534,2026-06-20T20:35:20,Loved One,Call,Paid Search,Google Ads,555-537-2662,432,,Confirmed,Call Tracking,System-Observed
INQ-000411,HRO-000317,CNT-000536,2026-06-22T13:42:34,Patient,Call,Paid Search,Google Ads,555-336-3509,169,,Confirmed,Call Tracking,System-Observed
INQ-000412,HRO-000318,CNT-000537,2026-06-22T17:22:09,Loved One,Call,Paid Search,Google Ads,555-570-4901,871,,Confirmed,Call Tracking,System-Observed
INQ-000413,HRO-000319,CNT-000539,2026-06-04T12:24:16,Loved One,Call,Local,GBP,555-351-2217,160,,Possible,Call Tracking,System-Observed
INQ-000414,HRO-000320,CNT-000541,2026-06-17T20:51:56,Patient,Call,Local,GBP,555-489-6481,806,,Confirmed,Call Tracking,System-Observed
INQ-000415,HRO-000321,CNT-000542,2026-06-05T19:15:52,Loved One,Web Form,Paid Search,Google Ads,,,https://harborridge.example.test/contact,Confirmed,Web Form,System-Observed
INQ-000416,HRO-000321,CNT-000543,2026-06-05T19:15:52,Patient,Web Form,Paid Search,Google Ads,,,https://harborridge.example.test/contact,Confirmed,Web Form,System-Observed
INQ-000417,HRO-000322,CNT-000544,2026-06-27T08:18:34,Loved One,Call,Paid Search,Google Ads,555-562-6351,813,,Confirmed,Call Tracking,System-Observed
INQ-000418,HRO-000323,CNT-000546,2026-06-22T09:43:21,Loved One,Web Form,Paid Search,Google Ads,,,https://harborridge.example.test/contact,Confirmed,Web Form,System-Observed
INQ-000419,HRO-000324,CNT-000548,2026-06-10T09:48:50,Loved One,Web Form,Organic,Google Organic,,,https://harborridge.example.test/contact,Confirmed,Web Form,System-Observed
INQ-000420,HRO-000325,CNT-000550,2026-06-25T14:34:57,Patient,Web Form,Paid Search,Google Ads,,,https://harborridge.example.test/contact,Possible,Web Form,System-Observed
INQ-000421,HRO-000326,CNT-000551,2026-06-14T11:20:21,Patient,Call,Professional Referral,,555-702-8727,102,,Possible,CRM,Human-Entered
INQ-000422,HRO-000327,CNT-000552,2026-06-02T15:59:05,Patient,Web Form,Paid Search,Google Ads,,,https://harborridge.example.test/contact,Confirmed,Web Form,System-Observed
INQ-000423,HRO-000328,CNT-000553,2026-06-16T12:05:35,Patient,Call,Professional Referral,,555-940-1722,432,,Confirmed,CRM,Human-Entered
INQ-000424,HRO-000329,CNT-000554,2026-06-11T09:27:26,Professional Referral Source,Call,Paid Search,Google Ads,555-705-6486,413,,Confirmed,Call Tracking,System-Observed
INQ-000425,HRO-000330,CNT-000556,2026-06-14T09:14:50,Loved One,Call,Direct,,555-989-9236,805,,Confirmed,Call Tracking,System-Observed
INQ-000426,HRO-000331,CNT-000558,2026-06-16T14:52:41,Loved One,Call,Organic,Google Organic,555-802-9071,268,,Confirmed,Call Tracking,System-Observed
INQ-000427,HRO-000332,CNT-000560,2026-06-26T20:23:00,Loved One,Web Form,Direct,,,,https://harborridge.example.test/contact,Confirmed,Web Form,System-Observed
INQ-000428,HRO-000332,CNT-000561,2026-06-28T21:23:00,Loved One,Web Form,Direct,,,,https://harborridge.example.test/contact,Probable,Web Form,System-Observed
INQ-000429,HRO-000333,CNT-000563,2026-06-14T15:11:47,Patient,Web Form,Organic,Google Organic,,,https://harborridge.example.test/contact,Confirmed,Web Form,System-Observed
INQ-000430,HRO-000334,CNT-000564,2026-06-08T12:22:28,Patient,Call,Organic,Google Organic,555-356-3439,95,,Confirmed,Call Tracking,System-Observed
INQ-000431,HRO-000335,CNT-000565,2026-06-21T20:42:45,Loved One,Web Form,Other,Meta,,,https://harborridge.example.test/contact,Confirmed,Web Form,System-Observed
INQ-000432,HRO-000336,CNT-000567,2026-06-22T10:06:36,Patient,Call,Direct,,555-327-0884,638,,Confirmed,Call Tracking,System-Observed
INQ-000433,HRO-000337,CNT-000568,2026-06-24T17:44:51,Loved One,Call,Paid Search,Google Ads,555-480-9686,625,,Confirmed,Call Tracking,System-Observed
INQ-000434,HRO-000338,CNT-000570,2026-06-10T18:05:25,Patient,Web Form,Paid Search,Google Ads,,,https://harborridge.example.test/contact,Confirmed,Web Form,System-Observed
INQ-000435,HRO-000339,CNT-000571,2026-06-13T10:15:08,Loved One,Call,Organic,Google Organic,555-540-7701,807,,Confirmed,Call Tracking,System-Observed
INQ-000436,HRO-000340,CNT-000573,2026-06-08T10:54:00,Loved One,Web Form,Organic,Google Organic,,,https://harborridge.example.test/contact,Confirmed,Web Form,System-Observed
INQ-000437,HRO-000341,CNT-000575,2026-06-06T10:17:27,Patient,Web Form,Direct,,,,https://harborridge.example.test/contact,Confirmed,Web Form,System-Observed
INQ-000438,HRO-000342,CNT-000576,2026-06-25T14:49:42,Loved One,Web Form,Paid Search,Google Ads,,,https://harborridge.example.test/contact,Confirmed,Web Form,System-Observed
INQ-000439,HRO-000343,CNT-000578,2026-06-25T12:12:08,Professional Referral Source,Call,Local,GBP,555-718-2886,265,,Confirmed,Call Tracking,System-Observed
INQ-000440,HRO-000344,CNT-000580,2026-06-10T20:05:27,Loved One,Call,Paid Search,Google Ads,555-212-7403,650,,Confirmed,Call Tracking,System-Observed
INQ-000441,HRO-000345,CNT-000582,2026-06-20T09:54:50,Loved One,Call,Other,Meta,555-304-2620,178,,Confirmed,Call Tracking,System-Observed
INQ-000442,HRO-000346,CNT-000584,2026-06-07T10:55:12,Loved One,Call,Other,Meta,555-478-6614,331,,Confirmed,Call Tracking,System-Observed
INQ-000443,HRO-000347,CNT-000586,2026-06-26T08:45:10,Patient,Web Form,Professional Referral,,,,https://harborridge.example.test/contact,Confirmed,CRM,Human-Entered
INQ-000444,HRO-000348,CNT-000587,2026-06-17T13:33:25,Patient,Call,Paid Search,Google Ads,555-075-7077,372,,Confirmed,Call Tracking,System-Observed
INQ-000445,HRO-000349,CNT-000588,2026-06-16T14:42:02,Patient,Call,Professional Referral,,555-965-0354,344,,Confirmed,CRM,Human-Entered
INQ-000446,HRO-000350,CNT-000589,2026-06-13T20:03:03,Patient,Web Form,Paid Search,Google Ads,,,https://harborridge.example.test/contact,Confirmed,Web Form,System-Observed
INQ-000447,HRO-000350,CNT-000590,2026-06-13T22:03:03,Loved One,Call,Paid Search,Google Ads,555-199-9975,877,,Confirmed,Call Tracking,System-Observed
INQ-000448,HRO-000350,CNT-000591,2026-06-15T00:03:03,Patient,Web Form,Paid Search,Google Ads,,,https://harborridge.example.test/contact,Confirmed,Web Form,System-Observed
INQ-000449,HRO-000351,CNT-000592,2026-06-08T13:11:29,Professional Referral Source,Web Form,Professional Referral,,,,https://harborridge.example.test/contact,Confirmed,CRM,Human-Entered
INQ-000450,HRO-000352,CNT-000594,2026-06-18T12:10:58,Patient,Call,Organic,Google Organic,555-436-8305,163,,Confirmed,Call Tracking,System-Observed
INQ-000451,HRO-000353,CNT-000595,2026-06-26T11:52:08,Loved One,Web Form,Organic,Google Organic,,,https://harborridge.example.test/contact,Confirmed,Web Form,System-Observed
INQ-000452,HRO-000353,CNT-000596,2026-06-26T13:52:08,Patient,Web Form,Organic,Google Organic,,,https://harborridge.example.test/contact,Confirmed,Web Form,System-Observed
INQ-000453,HRO-000353,CNT-000597,2026-06-29T16:52:08,Loved One,Call,Organic,Google Organic,555-479-2044,641,,Confirmed,Call Tracking,System-Observed
INQ-000454,HRO-000354,CNT-000598,2026-06-03T13:25:03,Patient,Call,Organic,Google Organic,555-778-6807,284,,Confirmed,Call Tracking,System-Observed
INQ-000455,,CNT-000599,2026-06-07T13:24:33,Patient,Call,Paid Search,Google Ads,555-793-1321,280,,Unmatched,Call Tracking,System-Observed
INQ-000456,,CNT-000600,2026-06-24T12:51:40,Professional Referral Source,Call,Organic,Google Organic,555-420-6108,227,,Unmatched,Call Tracking,System-Observed
INQ-000457,,CNT-000601,2026-06-03T20:39:04,Loved One,Call,Professional Referral,,555-410-9763,54,,Unmatched,Call Tracking,System-Observed
INQ-000458,,CNT-000602,2026-06-23T16:55:36,Loved One,Call,Organic,Google Organic,555-612-2767,204,,Unmatched,Call Tracking,System-Observed
INQ-000459,,CNT-000603,2026-06-13T08:51:49,Loved One,Web Form,Direct,,,,https://harborridge.example.test/contact,Unmatched,Web Form,System-Observed
INQ-000460,HRO-000355,CNT-000604,2026-07-10T16:08:00,Loved One,Call,Professional Referral,,555-177-8661,506,,Confirmed,CRM,Human-Entered
INQ-000461,HRO-000356,CNT-000606,2026-07-03T17:40:41,Professional Referral Source,Call,Organic,Google Organic,555-010-9150,809,,Confirmed,Call Tracking,System-Observed
INQ-000462,HRO-000356,CNT-000607,2026-07-04T20:40:41,Loved One,Call,Organic,Google Organic,555-933-2542,523,,Confirmed,Call Tracking,System-Observed
INQ-000463,HRO-000357,CNT-000609,2026-07-02T10:43:55,Loved One,Call,Professional Referral,,555-951-7874,724,,Confirmed,CRM,Human-Entered
INQ-000464,HRO-000358,CNT-000611,2026-07-13T08:02:32,Professional Referral Source,Call,Paid Search,Microsoft Ads,555-897-4777,857,,Confirmed,Call Tracking,System-Observed
INQ-000465,HRO-000359,CNT-000613,2026-07-06T10:29:45,Patient,Call,Paid Search,Google Ads,555-244-9383,444,,Confirmed,Call Tracking,System-Observed
INQ-000466,HRO-000360,CNT-000614,2026-07-04T20:15:28,Loved One,Call,Professional Referral,,555-263-6594,204,,Confirmed,CRM,Human-Entered
INQ-000467,HRO-000361,CNT-000616,2026-07-15T14:28:31,Professional Referral Source,Call,Paid Search,Google Ads,555-251-4929,298,,Confirmed,Call Tracking,System-Observed
INQ-000468,HRO-000361,CNT-000617,2026-07-16T19:28:31,Loved One,Web Form,Paid Search,Google Ads,,,https://harborridge.example.test/contact,Confirmed,Web Form,System-Observed
INQ-000469,HRO-000362,CNT-000619,2026-07-09T18:32:19,Loved One,Call,Professional Referral,,555-848-8457,288,,Confirmed,CRM,Human-Entered
INQ-000470,HRO-000363,CNT-000621,2026-07-07T13:35:24,Professional Referral Source,Call,Paid Search,Microsoft Ads,555-991-0541,598,,Confirmed,Call Tracking,System-Observed
INQ-000471,HRO-000364,CNT-000623,2026-07-26T10:42:56,Patient,Call,Paid Search,Google Ads,555-410-7231,776,,Confirmed,Call Tracking,System-Observed
INQ-000472,HRO-000364,CNT-000624,2026-07-26T16:42:56,Patient,Call,Paid Search,Google Ads,555-823-0492,774,,Confirmed,Call Tracking,System-Observed
INQ-000473,HRO-000365,CNT-000625,2026-07-09T20:49:28,Patient,Call,Local,GBP,555-084-7435,683,,Confirmed,Call Tracking,System-Observed
INQ-000474,HRO-000366,CNT-000626,2026-07-04T08:36:27,Patient,Web Form,Paid Search,Microsoft Ads,,,https://harborridge.example.test/contact,Confirmed,Web Form,System-Observed
INQ-000475,HRO-000367,CNT-000627,2026-07-26T11:33:25,Loved One,Call,Professional Referral,,555-158-3721,484,,Confirmed,CRM,Human-Entered
INQ-000476,HRO-000368,CNT-000629,2026-07-19T18:55:30,Patient,Call,Paid Search,Google Ads,555-547-1030,274,,Confirmed,Call Tracking,System-Observed
INQ-000477,HRO-000368,CNT-000630,2026-07-19T18:55:30,Loved One,Web Form,Paid Search,Google Ads,,,https://harborridge.example.test/contact,Confirmed,Web Form,System-Observed
INQ-000478,HRO-000369,CNT-000631,2026-07-21T09:44:48,Loved One,Web Form,Organic,Google Organic,,,https://harborridge.example.test/contact,Confirmed,Web Form,System-Observed
INQ-000479,HRO-000369,CNT-000632,2026-07-21T09:44:48,Patient,Web Form,Organic,Google Organic,,,https://harborridge.example.test/contact,Confirmed,Web Form,System-Observed
INQ-000480,HRO-000369,CNT-000633,2026-07-24T10:44:48,Patient,Call,Organic,Google Organic,555-323-4224,849,,Confirmed,Call Tracking,System-Observed
INQ-000481,HRO-000370,CNT-000634,2026-07-16T07:33:07,Loved One,Call,Direct,,555-771-2046,809,,Confirmed,Call Tracking,System-Observed
INQ-000482,HRO-000371,CNT-000636,2026-07-23T09:59:37,Patient,Web Form,Organic,Google Organic,,,https://harborridge.example.test/contact,Confirmed,Web Form,System-Observed
INQ-000483,HRO-000372,CNT-000637,2026-07-19T19:01:40,Loved One,Web Form,Organic,Google Organic,,,https://harborridge.example.test/contact,Possible,Web Form,System-Observed
INQ-000484,HRO-000373,CNT-000639,2026-07-09T16:24:45,Patient,Call,Professional Referral,,555-982-2407,873,,Confirmed,CRM,Human-Entered
INQ-000485,HRO-000374,CNT-000640,2026-07-05T16:13:57,Patient,Call,Paid Search,Google Ads,555-123-4795,612,,Confirmed,Call Tracking,System-Observed
INQ-000486,HRO-000375,CNT-000641,2026-07-14T17:31:14,Patient,Call,Professional Referral,,555-945-2057,397,,Confirmed,CRM,Human-Entered
INQ-000487,HRO-000376,CNT-000642,2026-07-07T08:20:27,Patient,Web Form,Organic,Google Organic,,,https://harborridge.example.test/contact,Confirmed,Web Form,System-Observed
INQ-000488,HRO-000377,CNT-000643,2026-07-06T08:33:26,Patient,Call,Local,GBP,555-290-4380,714,,Confirmed,Call Tracking,System-Observed
INQ-000489,HRO-000378,CNT-000644,2026-07-06T18:21:28,Patient,Web Form,Organic,Google Organic,,,https://harborridge.example.test/contact,Confirmed,Web Form,System-Observed
INQ-000490,HRO-000379,CNT-000645,2026-07-06T12:06:14,Loved One,Call,Professional Referral,,555-242-4217,120,,Confirmed,CRM,Human-Entered
INQ-000491,HRO-000380,CNT-000647,2026-07-07T14:13:50,Loved One,Call,Paid Search,Google Ads,555-395-7938,643,,Confirmed,Call Tracking,System-Observed
INQ-000492,HRO-000381,CNT-000649,2026-07-23T19:56:49,Loved One,Call,Organic,Google Organic,555-684-7027,462,,Confirmed,Call Tracking,System-Observed
INQ-000493,HRO-000382,CNT-000651,2026-07-15T18:17:43,Patient,Web Form,Organic,Google Organic,,,https://harborridge.example.test/contact,Confirmed,Web Form,System-Observed
INQ-000494,HRO-000383,CNT-000652,2026-07-04T10:51:17,Patient,Call,Organic,Google Organic,555-662-6822,385,,Confirmed,Call Tracking,System-Observed
INQ-000495,HRO-000384,CNT-000653,2026-07-07T07:14:53,Loved One,Call,Other,Meta,555-333-8326,215,,Confirmed,Call Tracking,System-Observed
INQ-000496,HRO-000385,CNT-000655,2026-07-13T15:52:21,Loved One,Web Form,Paid Search,Google Ads,,,https://harborridge.example.test/contact,Confirmed,Web Form,System-Observed
INQ-000497,HRO-000386,CNT-000657,2026-07-05T18:09:57,Patient,Call,Paid Search,Google Ads,555-053-5597,705,,Confirmed,Call Tracking,System-Observed
INQ-000498,HRO-000387,CNT-000658,2026-07-03T12:51:15,Patient,Call,Professional Referral,,555-520-1786,217,,Confirmed,CRM,Human-Entered
INQ-000499,HRO-000388,CNT-000659,2026-07-22T12:50:23,Loved One,Call,Professional Referral,,555-293-7117,778,,Confirmed,CRM,Human-Entered
INQ-000500,HRO-000389,CNT-000661,2026-07-26T11:22:38,Patient,Call,Paid Search,Google Ads,555-827-4359,295,,Possible,Call Tracking,System-Observed
INQ-000501,HRO-000390,CNT-000662,2026-07-12T16:28:32,Patient,Call,Professional Referral,,555-935-8443,444,,Confirmed,CRM,Human-Entered
INQ-000502,HRO-000391,CNT-000663,2026-07-03T19:58:56,Professional Referral Source,Call,Paid Search,Microsoft Ads,555-807-8452,834,,Confirmed,Call Tracking,System-Observed
INQ-000503,HRO-000392,CNT-000665,2026-07-14T11:50:02,Loved One,Call,Professional Referral,,555-669-4835,144,,Confirmed,CRM,Human-Entered
INQ-000504,HRO-000393,CNT-000667,2026-07-08T13:28:35,Patient,Call,Paid Search,Google Ads,555-115-2830,391,,Confirmed,Call Tracking,System-Observed
INQ-000505,HRO-000394,CNT-000668,2026-07-09T19:10:11,Loved One,Call,Organic,Google Organic,555-224-6140,370,,Confirmed,Call Tracking,System-Observed
INQ-000506,HRO-000395,CNT-000670,2026-07-02T08:55:34,Loved One,Web Form,Paid Search,Google Ads,,,https://harborridge.example.test/contact,Confirmed,Web Form,System-Observed
INQ-000507,HRO-000396,CNT-000672,2026-07-08T16:01:10,Patient,Web Form,Paid Search,Google Ads,,,https://harborridge.example.test/contact,Confirmed,Web Form,System-Observed
INQ-000508,HRO-000396,CNT-000673,2026-07-11T20:01:10,Patient,Call,Paid Search,Google Ads,555-395-2664,91,,Confirmed,Call Tracking,System-Observed
INQ-000509,HRO-000397,CNT-000674,2026-07-26T10:49:01,Loved One,Call,Professional Referral,,555-767-4490,395,,Confirmed,CRM,Human-Entered
INQ-000510,HRO-000397,CNT-000675,2026-07-28T14:49:01,Loved One,Call,Professional Referral,,555-348-7195,517,,Confirmed,CRM,Human-Entered
INQ-000511,HRO-000398,CNT-000677,2026-07-15T14:14:42,Patient,Call,Professional Referral,,555-491-4778,589,,Probable,CRM,Human-Entered
INQ-000512,HRO-000398,CNT-000678,2026-07-15T16:14:42,Patient,Call,Professional Referral,,555-810-5409,445,,Confirmed,CRM,Human-Entered
INQ-000513,HRO-000398,CNT-000679,2026-07-18T14:14:42,Loved One,Call,Professional Referral,,555-876-2618,627,,Possible,CRM,Human-Entered
INQ-000514,HRO-000399,CNT-000680,2026-07-14T17:14:45,Loved One,Call,Professional Referral,,555-996-5189,572,,Probable,CRM,Human-Entered
INQ-000515,HRO-000400,CNT-000682,2026-07-11T20:53:07,Patient,Web Form,Direct,,,,https://harborridge.example.test/contact,Confirmed,Web Form,System-Observed
INQ-000516,HRO-000401,CNT-000683,2026-07-08T10:54:24,Patient,Web Form,Paid Search,Google Ads,,,https://harborridge.example.test/contact,Confirmed,Web Form,System-Observed
INQ-000517,HRO-000402,CNT-000684,2026-07-13T19:09:19,Loved One,Web Form,Paid Search,Google Ads,,,https://harborridge.example.test/contact,Confirmed,Web Form,System-Observed
INQ-000518,HRO-000403,CNT-000686,2026-07-10T18:35:36,Loved One,Call,Professional Referral,,555-481-9311,444,,Confirmed,CRM,Human-Entered
INQ-000519,HRO-000404,CNT-000688,2026-07-16T17:13:18,Loved One,Call,Direct,,555-686-3978,237,,Confirmed,Call Tracking,System-Observed
INQ-000520,HRO-000405,CNT-000690,2026-07-10T08:10:29,Loved One,Web Form,Direct,,,,https://harborridge.example.test/contact,Possible,Web Form,System-Observed
INQ-000521,HRO-000406,CNT-000692,2026-07-18T20:36:41,Loved One,Call,Other,Meta,555-532-4675,385,,Confirmed,Call Tracking,System-Observed
INQ-000522,HRO-000407,CNT-000694,2026-07-08T08:09:11,Patient,Web Form,Paid Search,Microsoft Ads,,,https://harborridge.example.test/contact,Confirmed,Web Form,System-Observed
INQ-000523,HRO-000407,CNT-000695,2026-07-09T09:09:11,Patient,Call,Paid Search,Microsoft Ads,555-631-2901,736,,Confirmed,Call Tracking,System-Observed
INQ-000524,HRO-000408,CNT-000696,2026-07-24T16:51:48,Loved One,Call,Paid Search,Google Ads,555-903-4701,300,,Confirmed,Call Tracking,System-Observed
INQ-000525,HRO-000409,CNT-000698,2026-07-17T14:43:32,Patient,Call,Paid Search,Google Ads,555-780-3024,128,,Confirmed,Call Tracking,System-Observed
INQ-000526,HRO-000410,CNT-000699,2026-07-25T08:02:20,Loved One,Call,Paid Search,Google Ads,555-436-7748,812,,Confirmed,Call Tracking,System-Observed
INQ-000527,HRO-000410,CNT-000700,2026-07-27T09:02:20,Patient,Web Form,Paid Search,Google Ads,,,https://harborridge.example.test/contact,Probable,Web Form,System-Observed
INQ-000528,HRO-000411,CNT-000701,2026-07-26T18:29:23,Loved One,Call,Paid Search,Google Ads,555-321-5145,496,,Confirmed,Call Tracking,System-Observed
INQ-000529,HRO-000412,CNT-000703,2026-07-25T14:12:43,Loved One,Web Form,Direct,,,,https://harborridge.example.test/contact,Confirmed,Web Form,System-Observed
INQ-000530,HRO-000413,CNT-000705,2026-07-09T18:52:19,Patient,Call,Local,GBP,555-954-3239,537,,Confirmed,Call Tracking,System-Observed
INQ-000531,HRO-000414,CNT-000706,2026-07-10T15:25:17,Patient,Call,Organic,Google Organic,555-288-8959,509,,Confirmed,Call Tracking,System-Observed
INQ-000532,HRO-000414,CNT-000707,2026-07-11T19:25:17,Patient,Web Form,Organic,Google Organic,,,https://harborridge.example.test/contact,Confirmed,Web Form,System-Observed
INQ-000533,HRO-000415,CNT-000708,2026-07-02T10:26:57,Loved One,Web Form,Organic,Google Organic,,,https://harborridge.example.test/contact,Confirmed,Web Form,System-Observed
INQ-000534,HRO-000416,CNT-000710,2026-07-06T19:25:05,Loved One,Call,Other,Meta,555-872-3775,261,,Confirmed,Call Tracking,System-Observed
INQ-000535,HRO-000416,CNT-000711,2026-07-06T20:25:05,Loved One,Call,Other,Meta,555-549-7956,870,,Confirmed,Call Tracking,System-Observed
INQ-000536,HRO-000417,CNT-000713,2026-07-16T11:57:50,Patient,Call,Direct,,555-644-4559,300,,Confirmed,Call Tracking,System-Observed
INQ-000537,HRO-000418,CNT-000714,2026-07-01T09:04:14,Loved One,Call,Organic,Google Organic,555-897-8436,323,,Confirmed,Call Tracking,System-Observed
INQ-000538,HRO-000419,CNT-000716,2026-07-12T15:57:22,Loved One,Call,Professional Referral,,555-065-0715,862,,Confirmed,CRM,Human-Entered
INQ-000539,HRO-000420,CNT-000718,2026-07-01T16:50:06,Patient,Web Form,Organic,Google Organic,,,https://harborridge.example.test/contact,Confirmed,Web Form,System-Observed
INQ-000540,HRO-000420,CNT-000719,2026-07-02T17:50:06,Patient,Web Form,Organic,Google Organic,,,https://harborridge.example.test/contact,Confirmed,Web Form,System-Observed
INQ-000541,HRO-000421,CNT-000720,2026-07-17T19:46:50,Patient,Web Form,Organic,Google Organic,,,https://harborridge.example.test/contact,Confirmed,Web Form,System-Observed
INQ-000542,HRO-000421,CNT-000721,2026-07-20T00:46:50,Loved One,Call,Organic,Google Organic,555-101-0889,740,,Confirmed,Call Tracking,System-Observed
INQ-000543,HRO-000422,CNT-000722,2026-07-18T19:50:22,Patient,Call,Professional Referral,,555-849-8765,760,,Confirmed,CRM,Human-Entered
INQ-000544,HRO-000423,CNT-000723,2026-07-22T13:12:59,Patient,Call,Professional Referral,,555-661-2126,565,,Confirmed,CRM,Human-Entered
INQ-000545,HRO-000424,CNT-000724,2026-07-15T10:57:38,Loved One,Call,Paid Search,Google Ads,555-387-3274,345,,Confirmed,Call Tracking,System-Observed
INQ-000546,HRO-000424,CNT-000725,2026-07-17T12:57:38,Patient,Web Form,Paid Search,Google Ads,,,https://harborridge.example.test/contact,Confirmed,Web Form,System-Observed
INQ-000547,HRO-000425,CNT-000726,2026-07-28T09:26:58,Loved One,Web Form,Organic,Google Organic,,,https://harborridge.example.test/contact,Confirmed,Web Form,System-Observed
INQ-000548,HRO-000425,CNT-000727,2026-07-31T12:26:58,Loved One,Web Form,Organic,Google Organic,,,https://harborridge.example.test/contact,Confirmed,Web Form,System-Observed
INQ-000549,HRO-000426,CNT-000729,2026-07-05T13:23:42,Patient,Call,Direct,,555-456-2719,362,,Confirmed,Call Tracking,System-Observed
INQ-000550,HRO-000427,CNT-000730,2026-07-05T08:26:34,Loved One,Call,Direct,,555-539-1641,476,,Confirmed,Call Tracking,System-Observed
INQ-000551,HRO-000428,CNT-000732,2026-07-21T09:34:24,Patient,Call,Professional Referral,,555-061-6141,231,,Confirmed,CRM,Human-Entered
INQ-000552,HRO-000429,CNT-000733,2026-07-16T19:56:21,Loved One,Call,Paid Search,Google Ads,555-751-7281,887,,Confirmed,Call Tracking,System-Observed
INQ-000553,HRO-000429,CNT-000734,2026-07-20T01:56:21,Patient,Web Form,Paid Search,Google Ads,,,https://harborridge.example.test/contact,Confirmed,Web Form,System-Observed
INQ-000554,HRO-000429,CNT-000735,2026-07-16T23:56:21,Loved One,Web Form,Paid Search,Google Ads,,,https://harborridge.example.test/contact,Confirmed,Web Form,System-Observed
INQ-000555,HRO-000430,CNT-000736,2026-07-08T16:12:08,Loved One,Web Form,Local,GBP,,,https://harborridge.example.test/contact,Confirmed,Web Form,System-Observed
INQ-000556,HRO-000431,CNT-000738,2026-07-08T15:14:44,Patient,Call,Organic,Google Organic,555-287-1858,895,,Confirmed,Call Tracking,System-Observed
INQ-000557,HRO-000432,CNT-000739,2026-07-27T20:34:28,Patient,Web Form,Direct,,,,https://harborridge.example.test/contact,Confirmed,Web Form,System-Observed
INQ-000558,HRO-000433,CNT-000740,2026-07-28T18:04:52,Patient,Call,Paid Search,Microsoft Ads,555-835-8524,657,,Confirmed,Call Tracking,System-Observed
INQ-000559,HRO-000434,CNT-000741,2026-07-22T14:30:49,Patient,Web Form,Paid Search,Google Ads,,,https://harborridge.example.test/contact,Confirmed,Web Form,System-Observed
INQ-000560,HRO-000435,CNT-000742,2026-07-11T10:53:46,Loved One,Call,Professional Referral,,555-625-4926,205,,Confirmed,CRM,Human-Entered
INQ-000561,HRO-000436,CNT-000744,2026-07-26T14:12:53,Loved One,Web Form,Other,Meta,,,https://harborridge.example.test/contact,Confirmed,Web Form,System-Observed
INQ-000562,HRO-000437,CNT-000746,2026-07-01T09:07:47,Patient,Call,Direct,,555-114-6535,802,,Confirmed,Call Tracking,System-Observed
INQ-000563,HRO-000438,CNT-000747,2026-07-02T09:38:15,Loved One,Web Form,Paid Search,Google Ads,,,https://harborridge.example.test/contact,Confirmed,Web Form,System-Observed
INQ-000564,HRO-000439,CNT-000749,2026-07-19T15:02:32,Patient,Call,Local,GBP,555-734-9065,598,,Confirmed,Call Tracking,System-Observed
INQ-000565,HRO-000440,CNT-000750,2026-07-23T07:25:09,Loved One,Call,Professional Referral,,555-106-6740,249,,Confirmed,CRM,Human-Entered
INQ-000566,HRO-000441,CNT-000752,2026-07-04T09:57:46,Patient,Call,Paid Search,Google Ads,555-525-0505,193,,Confirmed,Call Tracking,System-Observed
INQ-000567,HRO-000441,CNT-000753,2026-07-05T14:57:46,Patient,Call,Paid Search,Google Ads,555-321-1415,624,,Confirmed,Call Tracking,System-Observed
INQ-000568,HRO-000442,CNT-000754,2026-07-02T08:06:21,Loved One,Call,Professional Referral,,555-760-1016,412,,Confirmed,CRM,Human-Entered
INQ-000569,HRO-000443,CNT-000756,2026-07-12T17:50:33,Patient,Call,Direct,,555-387-3206,348,,Confirmed,Call Tracking,System-Observed
INQ-000570,HRO-000444,CNT-000757,2026-07-25T17:16:25,Patient,Call,Paid Search,Microsoft Ads,555-392-7756,291,,Confirmed,Call Tracking,System-Observed
INQ-000571,HRO-000445,CNT-000758,2026-07-25T19:09:45,Loved One,Call,Paid Search,Google Ads,555-362-6237,597,,Confirmed,Call Tracking,System-Observed
INQ-000572,HRO-000446,CNT-000760,2026-07-07T08:42:18,Loved One,Web Form,Direct,,,,https://harborridge.example.test/contact,Confirmed,Web Form,System-Observed
INQ-000573,HRO-000446,CNT-000761,2026-07-10T08:42:18,Patient,Web Form,Direct,,,,https://harborridge.example.test/contact,Confirmed,Web Form,System-Observed
INQ-000574,HRO-000447,CNT-000762,2026-07-13T13:54:36,Loved One,Call,Paid Search,Google Ads,555-388-3092,838,,Confirmed,Call Tracking,System-Observed
INQ-000575,HRO-000448,CNT-000764,2026-07-28T20:39:21,Patient,Call,Paid Search,Google Ads,555-362-6103,465,,Probable,Call Tracking,System-Observed
INQ-000576,HRO-000449,CNT-000765,2026-07-16T19:40:22,Professional Referral Source,Call,Paid Search,Microsoft Ads,555-936-5142,833,,Confirmed,Call Tracking,System-Observed
INQ-000577,HRO-000450,CNT-000767,2026-07-10T16:14:13,Patient,Call,Local,GBP,555-252-4673,728,,Confirmed,Call Tracking,System-Observed
INQ-000578,HRO-000451,CNT-000768,2026-07-07T15:03:20,Patient,Call,Organic,Google Organic,555-595-3083,871,,Confirmed,Call Tracking,System-Observed
INQ-000579,HRO-000452,CNT-000769,2026-07-01T08:22:25,Loved One,Web Form,Organic,Google Organic,,,https://harborridge.example.test/contact,Confirmed,Web Form,System-Observed
INQ-000580,HRO-000453,CNT-000771,2026-07-22T14:00:12,Loved One,Call,Direct,,555-840-5415,143,,Confirmed,Call Tracking,System-Observed
INQ-000581,HRO-000453,CNT-000772,2026-07-25T20:00:12,Loved One,Web Form,Direct,,,,https://harborridge.example.test/contact,Confirmed,Web Form,System-Observed
INQ-000582,HRO-000454,CNT-000774,2026-07-03T20:28:22,Patient,Web Form,Paid Search,Google Ads,,,https://harborridge.example.test/contact,Confirmed,Web Form,System-Observed
INQ-000583,HRO-000455,CNT-000775,2026-07-01T14:07:42,Patient,Call,Professional Referral,,555-354-5687,478,,Confirmed,CRM,Human-Entered
INQ-000584,HRO-000456,CNT-000776,2026-07-13T13:29:54,Loved One,Call,Paid Search,Google Ads,555-392-0414,739,,Confirmed,Call Tracking,System-Observed
INQ-000585,HRO-000457,CNT-000778,2026-07-15T12:34:32,Loved One,Call,Local,GBP,555-399-2716,290,,Probable,Call Tracking,System-Observed
INQ-000586,HRO-000458,CNT-000780,2026-07-04T11:46:20,Loved One,Call,Organic,Google Organic,555-058-8077,792,,Confirmed,Call Tracking,System-Observed
INQ-000587,HRO-000459,CNT-000782,2026-07-01T18:05:59,Patient,Call,Other,Meta,555-012-0469,594,,Confirmed,Call Tracking,System-Observed
INQ-000588,HRO-000460,CNT-000783,2026-07-09T07:37:51,Loved One,Call,Paid Search,Google Ads,555-495-0870,91,,Confirmed,Call Tracking,System-Observed
INQ-000589,HRO-000461,CNT-000785,2026-07-15T07:45:31,Patient,Web Form,Paid Search,Google Ads,,,https://harborridge.example.test/contact,Confirmed,Web Form,System-Observed
INQ-000590,HRO-000462,CNT-000786,2026-07-16T07:48:13,Patient,Call,Paid Search,Google Ads,555-088-9878,759,,Confirmed,Call Tracking,System-Observed
INQ-000591,HRO-000463,CNT-000787,2026-07-13T16:17:44,Professional Referral Source,Web Form,Organic,Google Organic,,,https://harborridge.example.test/contact,Confirmed,Web Form,System-Observed
INQ-000592,HRO-000464,CNT-000789,2026-07-09T12:14:55,Patient,Call,Paid Search,Google Ads,555-431-2843,586,,Confirmed,Call Tracking,System-Observed
INQ-000593,HRO-000465,CNT-000790,2026-07-15T18:05:03,Loved One,Web Form,Direct,,,,https://harborridge.example.test/contact,Confirmed,Web Form,System-Observed
INQ-000594,HRO-000466,CNT-000792,2026-07-26T08:34:42,Loved One,Call,Paid Search,Google Ads,555-487-9598,777,,Confirmed,Call Tracking,System-Observed
INQ-000595,HRO-000467,CNT-000794,2026-07-06T15:19:23,Loved One,Web Form,Organic,Google Organic,,,https://harborridge.example.test/contact,Confirmed,Web Form,System-Observed
INQ-000596,HRO-000468,CNT-000796,2026-07-20T11:16:00,Loved One,Call,Direct,,555-828-2526,305,,Confirmed,Call Tracking,System-Observed
INQ-000597,HRO-000469,CNT-000798,2026-07-15T14:28:29,Patient,Web Form,Direct,,,,https://harborridge.example.test/contact,Confirmed,Web Form,System-Observed
INQ-000598,HRO-000470,CNT-000799,2026-07-18T20:35:45,Loved One,Web Form,Paid Search,Google Ads,,,https://harborridge.example.test/contact,Confirmed,Web Form,System-Observed
INQ-000599,HRO-000471,CNT-000801,2026-07-15T20:46:18,Patient,Call,Professional Referral,,555-643-8562,720,,Confirmed,CRM,Human-Entered
INQ-000600,HRO-000472,CNT-000802,2026-07-04T08:25:50,Loved One,Call,Organic,Google Organic,555-463-9310,448,,Confirmed,Call Tracking,System-Observed
INQ-000601,HRO-000473,CNT-000804,2026-07-13T09:21:56,Patient,Call,Paid Search,Google Ads,555-701-7161,267,,Confirmed,Call Tracking,System-Observed
INQ-000602,HRO-000473,CNT-000805,2026-07-13T11:21:56,Loved One,Call,Paid Search,Google Ads,555-263-3908,739,,Probable,Call Tracking,System-Observed
INQ-000603,HRO-000474,CNT-000806,2026-07-19T17:51:01,Patient,Web Form,Organic,Google Organic,,,https://harborridge.example.test/contact,Confirmed,Web Form,System-Observed
INQ-000604,HRO-000475,CNT-000807,2026-07-19T13:17:09,Patient,Web Form,Paid Search,Microsoft Ads,,,https://harborridge.example.test/contact,Confirmed,Web Form,System-Observed
INQ-000605,HRO-000476,CNT-000808,2026-07-13T20:55:22,Patient,Web Form,Paid Search,Google Ads,,,https://harborridge.example.test/contact,Confirmed,Web Form,System-Observed
INQ-000606,HRO-000477,CNT-000809,2026-07-16T14:00:26,Loved One,Web Form,Paid Search,Google Ads,,,https://harborridge.example.test/contact,Confirmed,Web Form,System-Observed
INQ-000607,HRO-000478,CNT-000811,2026-07-28T15:19:58,Loved One,Call,Other,Meta,555-524-0142,269,,Confirmed,Call Tracking,System-Observed
INQ-000608,HRO-000479,CNT-000813,2026-07-09T19:10:21,Professional Referral Source,Web Form,Direct,,,,https://harborridge.example.test/contact,Probable,Web Form,System-Observed
INQ-000609,HRO-000479,CNT-000814,2026-07-12T19:10:21,Patient,Call,Direct,,555-227-8359,329,,Confirmed,Call Tracking,System-Observed
INQ-000610,HRO-000480,CNT-000815,2026-07-15T09:36:06,Patient,Call,Other,Meta,555-380-6631,718,,Confirmed,Call Tracking,System-Observed
INQ-000611,HRO-000481,CNT-000816,2026-07-07T19:54:42,Patient,Web Form,Paid Search,Google Ads,,,https://harborridge.example.test/contact,Confirmed,Web Form,System-Observed
INQ-000612,HRO-000482,CNT-000817,2026-07-05T11:25:27,Loved One,Call,Paid Search,Google Ads,555-538-9792,408,,Possible,Call Tracking,System-Observed
INQ-000613,HRO-000483,CNT-000819,2026-07-09T11:14:40,Patient,Call,Local,GBP,555-147-9038,808,,Confirmed,Call Tracking,System-Observed
INQ-000614,HRO-000484,CNT-000820,2026-07-14T09:01:31,Patient,Web Form,Professional Referral,,,,https://harborridge.example.test/contact,Confirmed,CRM,Human-Entered
INQ-000615,HRO-000484,CNT-000821,2026-07-17T15:01:31,Loved One,Call,Professional Referral,,555-737-5912,576,,Confirmed,CRM,Human-Entered
INQ-000616,HRO-000484,CNT-000822,2026-07-17T11:01:31,Loved One,Web Form,Professional Referral,,,,https://harborridge.example.test/contact,Confirmed,CRM,Human-Entered
INQ-000617,HRO-000485,CNT-000823,2026-07-07T13:17:52,Patient,Call,Organic,Google Organic,555-757-6006,643,,Confirmed,Call Tracking,System-Observed
INQ-000618,HRO-000486,CNT-000824,2026-07-24T18:23:14,Loved One,Web Form,Local,GBP,,,https://harborridge.example.test/contact,Confirmed,Web Form,System-Observed
INQ-000619,HRO-000486,CNT-000825,2026-07-24T20:23:14,Loved One,Call,Local,GBP,555-688-6334,204,,Confirmed,Call Tracking,System-Observed
INQ-000620,HRO-000487,CNT-000827,2026-07-01T16:37:59,Patient,Web Form,Organic,Google Organic,,,https://harborridge.example.test/contact,Probable,Web Form,System-Observed
INQ-000621,HRO-000488,CNT-000828,2026-07-26T16:01:16,Loved One,Call,Paid Search,Microsoft Ads,555-234-3640,375,,Confirmed,Call Tracking,System-Observed
INQ-000622,HRO-000489,CNT-000830,2026-07-22T14:47:34,Loved One,Web Form,Direct,,,,https://harborridge.example.test/contact,Confirmed,Web Form,System-Observed
INQ-000623,HRO-000490,CNT-000832,2026-07-10T10:44:58,Patient,Web Form,Paid Search,Google Ads,,,https://harborridge.example.test/contact,Confirmed,Web Form,System-Observed
INQ-000624,HRO-000491,CNT-000833,2026-07-12T12:51:09,Patient,Web Form,Local,GBP,,,https://harborridge.example.test/contact,Confirmed,Web Form,System-Observed
INQ-000625,HRO-000491,CNT-000834,2026-07-12T17:51:09,Patient,Call,Local,GBP,555-145-6189,577,,Confirmed,Call Tracking,System-Observed
INQ-000626,HRO-000492,CNT-000835,2026-07-16T17:02:00,Loved One,Web Form,Organic,Google Organic,,,https://harborridge.example.test/contact,Confirmed,Web Form,System-Observed
INQ-000627,HRO-000493,CNT-000837,2026-07-11T17:42:41,Loved One,Call,Organic,Google Organic,555-069-8123,868,,Confirmed,Call Tracking,System-Observed
INQ-000628,HRO-000493,CNT-000838,2026-07-14T17:42:41,Patient,Call,Organic,Google Organic,555-240-7570,468,,Confirmed,Call Tracking,System-Observed
INQ-000629,HRO-000494,CNT-000839,2026-07-23T18:43:14,Loved One,Call,Professional Referral,,555-844-7718,605,,Confirmed,CRM,Human-Entered
INQ-000630,HRO-000495,CNT-000841,2026-07-25T11:40:03,Loved One,Web Form,Direct,,,,https://harborridge.example.test/contact,Confirmed,Web Form,System-Observed
INQ-000631,HRO-000496,CNT-000843,2026-07-03T13:01:54,Patient,Call,Organic,Google Organic,555-899-8511,741,,Confirmed,Call Tracking,System-Observed
INQ-000632,HRO-000497,CNT-000844,2026-07-12T09:29:45,Patient,Web Form,Paid Search,Google Ads,,,https://harborridge.example.test/contact,Confirmed,Web Form,System-Observed
INQ-000633,HRO-000498,CNT-000845,2026-07-12T14:02:54,Patient,Web Form,Paid Search,Google Ads,,,https://harborridge.example.test/contact,Confirmed,Web Form,System-Observed
INQ-000634,HRO-000499,CNT-000846,2026-07-07T14:13:53,Patient,Web Form,Local,GBP,,,https://harborridge.example.test/contact,Confirmed,Web Form,System-Observed
INQ-000635,HRO-000500,CNT-000847,2026-07-08T17:16:08,Patient,Call,Organic,Google Organic,555-568-2675,371,,Confirmed,Call Tracking,System-Observed
INQ-000636,HRO-000501,CNT-000848,2026-07-21T17:10:00,Loved One,Call,Professional Referral,,555-439-4638,690,,Confirmed,CRM,Human-Entered
INQ-000637,HRO-000502,CNT-000850,2026-07-20T18:01:52,Loved One,Web Form,Other,Meta,,,https://harborridge.example.test/contact,Confirmed,Web Form,System-Observed
INQ-000638,HRO-000503,CNT-000852,2026-07-02T20:13:49,Loved One,Web Form,Direct,,,,https://harborridge.example.test/contact,Confirmed,Web Form,System-Observed
INQ-000639,HRO-000504,CNT-000854,2026-07-21T13:17:32,Professional Referral Source,Web Form,Paid Search,Microsoft Ads,,,https://harborridge.example.test/contact,Confirmed,Web Form,System-Observed
INQ-000640,HRO-000505,CNT-000856,2026-07-01T09:04:16,Loved One,Call,Paid Search,Google Ads,555-828-9254,309,,Confirmed,Call Tracking,System-Observed
INQ-000641,HRO-000506,CNT-000858,2026-07-25T10:11:15,Loved One,Web Form,Organic,Google Organic,,,https://harborridge.example.test/contact,Confirmed,Web Form,System-Observed
INQ-000642,HRO-000507,CNT-000860,2026-07-04T12:13:21,Patient,Call,Paid Search,Microsoft Ads,555-705-2711,110,,Confirmed,Call Tracking,System-Observed
INQ-000643,HRO-000508,CNT-000861,2026-07-06T09:50:59,Loved One,Web Form,Direct,,,,https://harborridge.example.test/contact,Confirmed,Web Form,System-Observed
INQ-000644,HRO-000509,CNT-000863,2026-07-14T14:46:50,Patient,Web Form,Direct,,,,https://harborridge.example.test/contact,Possible,Web Form,System-Observed
INQ-000645,HRO-000510,CNT-000864,2026-07-05T11:31:23,Loved One,Web Form,Paid Search,Google Ads,,,https://harborridge.example.test/contact,Confirmed,Web Form,System-Observed
INQ-000646,HRO-000511,CNT-000866,2026-07-25T13:11:12,Patient,Call,Professional Referral,,555-005-3559,768,,Confirmed,CRM,Human-Entered
INQ-000647,HRO-000512,CNT-000867,2026-07-06T11:30:57,Professional Referral Source,Call,Paid Search,Google Ads,555-477-0265,539,,Confirmed,Call Tracking,System-Observed
INQ-000648,HRO-000513,CNT-000869,2026-07-03T14:05:30,Loved One,Call,Direct,,555-429-0933,169,,Confirmed,Call Tracking,System-Observed
INQ-000649,HRO-000513,CNT-000870,2026-07-04T19:05:30,Patient,Web Form,Direct,,,,https://harborridge.example.test/contact,Confirmed,Web Form,System-Observed
INQ-000650,HRO-000514,CNT-000871,2026-07-17T17:02:21,Professional Referral Source,Call,Professional Referral,,555-490-2950,819,,Confirmed,CRM,Human-Entered
INQ-000651,HRO-000514,CNT-000872,2026-07-17T21:02:21,Patient,Call,Professional Referral,,555-018-6806,626,,Confirmed,CRM,Human-Entered
INQ-000652,HRO-000514,CNT-000873,2026-07-17T21:02:21,Patient,Call,Professional Referral,,555-956-3263,327,,Confirmed,CRM,Human-Entered
INQ-000653,HRO-000515,CNT-000874,2026-07-03T10:45:33,Loved One,Call,Local,GBP,555-748-9707,587,,Confirmed,Call Tracking,System-Observed
INQ-000654,HRO-000516,CNT-000876,2026-07-11T19:10:46,Patient,Web Form,Paid Search,Google Ads,,,https://harborridge.example.test/contact,Confirmed,Web Form,System-Observed
INQ-000655,HRO-000517,CNT-000877,2026-07-27T20:52:32,Loved One,Web Form,Organic,Google Organic,,,https://harborridge.example.test/contact,Confirmed,Web Form,System-Observed
INQ-000656,HRO-000518,CNT-000879,2026-07-09T07:29:16,Patient,Web Form,Paid Search,Google Ads,,,https://harborridge.example.test/contact,Confirmed,Web Form,System-Observed
INQ-000657,HRO-000519,CNT-000880,2026-07-15T10:13:26,Patient,Call,Paid Search,Google Ads,555-529-8623,770,,Confirmed,Call Tracking,System-Observed
INQ-000658,HRO-000520,CNT-000881,2026-07-16T08:52:41,Loved One,Web Form,Local,GBP,,,https://harborridge.example.test/contact,Confirmed,Web Form,System-Observed
INQ-000659,HRO-000521,CNT-000883,2026-07-12T20:02:45,Professional Referral Source,Call,Organic,Google Organic,555-915-0733,570,,Confirmed,Call Tracking,System-Observed
INQ-000660,HRO-000522,CNT-000885,2026-07-18T15:50:57,Patient,Call,Other,Meta,555-430-9966,309,,Confirmed,Call Tracking,System-Observed
INQ-000661,HRO-000523,CNT-000886,2026-07-10T11:53:37,Patient,Web Form,Organic,Google Organic,,,https://harborridge.example.test/contact,Confirmed,Web Form,System-Observed
INQ-000662,HRO-000524,CNT-000887,2026-07-02T20:57:47,Professional Referral Source,Call,Local,GBP,555-162-9827,487,,Confirmed,Call Tracking,System-Observed
INQ-000663,HRO-000525,CNT-000889,2026-07-25T14:33:42,Patient,Call,Local,GBP,555-423-8508,172,,Confirmed,Call Tracking,System-Observed
INQ-000664,HRO-000526,CNT-000890,2026-07-07T18:55:13,Patient,Web Form,Paid Search,Microsoft Ads,,,https://harborridge.example.test/contact,Confirmed,Web Form,System-Observed
INQ-000665,HRO-000527,CNT-000891,2026-07-07T14:11:55,Loved One,Call,Professional Referral,,555-552-9270,195,,Confirmed,CRM,Human-Entered
INQ-000666,HRO-000528,CNT-000893,2026-07-01T07:15:00,Loved One,Web Form,Paid Search,Google Ads,,,https://harborridge.example.test/contact,Confirmed,Web Form,System-Observed
INQ-000667,HRO-000529,CNT-000895,2026-07-11T07:15:08,Patient,Call,Paid Search,Google Ads,555-002-1879,345,,Confirmed,Call Tracking,System-Observed
INQ-000668,HRO-000530,CNT-000896,2026-07-22T18:25:20,Loved One,Call,Professional Referral,,555-021-4142,770,,Confirmed,CRM,Human-Entered
INQ-000669,HRO-000531,CNT-000898,2026-07-14T09:17:31,Loved One,Web Form,Organic,Google Organic,,,https://harborridge.example.test/contact,Confirmed,Web Form,System-Observed
INQ-000670,HRO-000532,CNT-000900,2026-07-03T10:47:10,Professional Referral Source,Call,Direct,,555-725-2453,216,,Confirmed,Call Tracking,System-Observed
INQ-000671,HRO-000533,CNT-000902,2026-07-24T12:23:46,Patient,Call,Professional Referral,,555-723-5271,506,,Confirmed,CRM,Human-Entered
INQ-000672,HRO-000534,CNT-000903,2026-07-02T15:15:53,Patient,Web Form,Paid Search,Google Ads,,,https://harborridge.example.test/contact,Confirmed,Web Form,System-Observed
INQ-000673,HRO-000535,CNT-000904,2026-07-01T11:22:32,Patient,Call,Paid Search,Google Ads,555-709-5531,890,,Confirmed,Call Tracking,System-Observed
INQ-000674,HRO-000535,CNT-000905,2026-07-02T12:22:32,Loved One,Call,Paid Search,Google Ads,555-722-8449,420,,Confirmed,Call Tracking,System-Observed
INQ-000675,HRO-000536,CNT-000906,2026-07-12T19:21:12,Patient,Web Form,Paid Search,Google Ads,,,https://harborridge.example.test/contact,Confirmed,Web Form,System-Observed
INQ-000676,HRO-000537,CNT-000907,2026-07-08T18:10:03,Loved One,Web Form,Other,Meta,,,https://harborridge.example.test/contact,Confirmed,Web Form,System-Observed
INQ-000677,HRO-000537,CNT-000908,2026-07-08T20:10:03,Patient,Call,Other,Meta,555-854-1781,445,,Probable,Call Tracking,System-Observed
INQ-000678,HRO-000538,CNT-000909,2026-07-08T12:24:24,Patient,Call,Organic,Google Organic,555-524-9913,638,,Confirmed,Call Tracking,System-Observed
INQ-000679,HRO-000539,CNT-000910,2026-07-05T10:53:45,Patient,Call,Professional Referral,,555-702-5773,773,,Confirmed,CRM,Human-Entered
INQ-000680,HRO-000540,CNT-000911,2026-07-18T14:27:10,Loved One,Call,Direct,,555-917-5940,460,,Confirmed,Call Tracking,System-Observed
INQ-000681,HRO-000540,CNT-000912,2026-07-20T20:27:10,Patient,Web Form,Direct,,,,https://harborridge.example.test/contact,Confirmed,Web Form,System-Observed
INQ-000682,HRO-000540,CNT-000913,2026-07-20T14:27:10,Loved One,Web Form,Direct,,,,https://harborridge.example.test/contact,Confirmed,Web Form,System-Observed
INQ-000683,HRO-000541,CNT-000914,2026-07-07T17:01:44,Loved One,Call,Other,Meta,555-645-9475,282,,Confirmed,Call Tracking,System-Observed
INQ-000684,HRO-000542,CNT-000916,2026-07-13T19:28:21,Loved One,Web Form,Organic,Google Organic,,,https://harborridge.example.test/contact,Confirmed,Web Form,System-Observed
INQ-000685,HRO-000543,CNT-000918,2026-07-01T18:32:32,Loved One,Web Form,Paid Search,Google Ads,,,https://harborridge.example.test/contact,Confirmed,Web Form,System-Observed
INQ-000686,,CNT-000920,2026-07-03T20:05:11,Patient,Call,Paid Search,Google Ads,555-386-4673,168,,Unmatched,Call Tracking,System-Observed
INQ-000687,,CNT-000921,2026-07-14T17:48:03,Patient,Web Form,Local,GBP,,,https://harborridge.example.test/contact,Unmatched,Web Form,System-Observed
INQ-000688,,CNT-000922,2026-07-01T08:39:03,Loved One,Web Form,Other,Meta,,,https://harborridge.example.test/contact,Unmatched,Web Form,System-Observed
INQ-000689,,CNT-000923,2026-07-02T19:12:07,Patient,Call,Local,GBP,555-451-2319,71,,Unmatched,Call Tracking,System-Observed
INQ-000690,,CNT-000924,2026-07-02T10:19:48,Patient,Call,Organic,Google Organic,555-655-4558,115,,Unmatched,Call Tracking,System-Observed
INQ-000691,,CNT-000925,2026-07-02T19:47:19,Loved One,Call,Professional Referral,,555-338-5289,36,,Unmatched,Call Tracking,System-Observed
INQ-000692,HRO-000544,CNT-000926,2026-05-06T07:59:48,Patient,Web Form,Professional Referral,,,,https://harborridge.example.test/contact,Confirmed,CRM,Human-Entered
INQ-000693,HRO-000545,CNT-000927,2026-05-17T20:09:34,Patient,Call,Professional Referral,,555-970-1917,269,,Confirmed,CRM,Human-Entered
INQ-000694,HRO-000545,CNT-000928,2026-05-19T22:09:34,Patient,Call,Professional Referral,,555-232-3848,883,,Confirmed,CRM,Human-Entered
INQ-000695,HRO-000546,CNT-000929,2026-05-10T07:05:07,Loved One,Call,Professional Referral,,555-350-0686,752,,Confirmed,CRM,Human-Entered
INQ-000696,HRO-000547,CNT-000931,2026-05-24T10:57:55,Patient,Call,Professional Referral,,555-728-9323,182,,Confirmed,CRM,Human-Entered
INQ-000697,HRO-000548,CNT-000932,2026-05-07T19:54:46,Patient,Call,Professional Referral,,555-131-5352,393,,Confirmed,CRM,Human-Entered
INQ-000698,HRO-000549,CNT-000933,2026-05-11T20:29:07,Loved One,Call,Professional Referral,,555-330-0361,410,,Confirmed,CRM,Human-Entered
INQ-000699,HRO-000550,CNT-000935,2026-05-04T09:07:44,Professional Referral Source,Call,Professional Referral,,555-449-4433,377,,Confirmed,CRM,Human-Entered
INQ-000700,HRO-000550,CNT-000936,2026-05-07T09:07:44,Loved One,Call,Professional Referral,,555-361-2169,200,,Confirmed,CRM,Human-Entered
INQ-000701,HRO-000551,CNT-000938,2026-05-21T16:47:12,Patient,Call,Professional Referral,,555-376-8283,823,,Confirmed,CRM,Human-Entered
INQ-000702,HRO-000552,CNT-000939,2026-05-28T17:56:01,Loved One,Call,Professional Referral,,555-474-3700,592,,Confirmed,CRM,Human-Entered
INQ-000703,HRO-000553,CNT-000941,2026-05-04T11:33:27,Loved One,Call,Professional Referral,,555-441-3911,639,,Confirmed,CRM,Human-Entered
INQ-000704,HRO-000554,CNT-000943,2026-05-04T14:46:19,Loved One,Call,Professional Referral,,555-745-5106,648,,Confirmed,CRM,Human-Entered
INQ-000705,HRO-000554,CNT-000944,2026-05-05T19:46:19,Patient,Call,Professional Referral,,555-383-0498,310,,Confirmed,CRM,Human-Entered
INQ-000706,HRO-000554,CNT-000945,2026-05-07T17:46:19,Loved One,Call,Professional Referral,,555-312-3314,557,,Confirmed,CRM,Human-Entered
INQ-000707,HRO-000555,CNT-000946,2026-05-14T16:31:06,Loved One,Web Form,Professional Referral,,,,https://harborridge.example.test/contact,Confirmed,CRM,Human-Entered
INQ-000708,HRO-000556,CNT-000948,2026-05-02T18:34:37,Patient,Call,Professional Referral,,555-403-2709,402,,Probable,CRM,Human-Entered
INQ-000709,HRO-000557,CNT-000949,2026-05-28T17:19:58,Patient,Call,Professional Referral,,555-507-2118,898,,Confirmed,CRM,Human-Entered
INQ-000710,HRO-000558,CNT-000950,2026-05-03T10:53:48,Patient,Call,Professional Referral,,555-668-5218,275,,Confirmed,CRM,Human-Entered
INQ-000711,HRO-000559,CNT-000951,2026-06-09T18:39:53,Patient,Call,Professional Referral,,555-256-4612,323,,Possible,CRM,Human-Entered
INQ-000712,HRO-000559,CNT-000952,2026-06-09T22:39:53,Loved One,Call,Professional Referral,,555-356-7794,371,,Confirmed,CRM,Human-Entered
INQ-000713,HRO-000560,CNT-000953,2026-06-12T12:05:20,Patient,Call,Professional Referral,,555-894-6896,446,,Confirmed,CRM,Human-Entered
INQ-000714,HRO-000561,CNT-000954,2026-06-09T13:31:34,Loved One,Call,Professional Referral,,555-916-2386,265,,Confirmed,CRM,Human-Entered
INQ-000715,HRO-000562,CNT-000956,2026-06-13T20:55:09,Patient,Web Form,Professional Referral,,,,https://harborridge.example.test/contact,Confirmed,CRM,Human-Entered
INQ-000716,HRO-000563,CNT-000957,2026-06-23T20:16:38,Patient,Call,Professional Referral,,555-965-3201,856,,Possible,CRM,Human-Entered
INQ-000717,HRO-000564,CNT-000958,2026-06-24T20:36:35,Patient,Call,Professional Referral,,555-342-0161,194,,Confirmed,CRM,Human-Entered
INQ-000718,HRO-000565,CNT-000959,2026-06-03T18:39:50,Patient,Call,Professional Referral,,555-652-8844,386,,Confirmed,CRM,Human-Entered
INQ-000719,HRO-000566,CNT-000960,2026-06-25T10:57:26,Patient,Call,Professional Referral,,555-546-6890,668,,Confirmed,CRM,Human-Entered
INQ-000720,HRO-000567,CNT-000961,2026-06-26T20:11:51,Patient,Call,Professional Referral,,555-033-4793,251,,Confirmed,CRM,Human-Entered
INQ-000721,HRO-000568,CNT-000962,2026-06-22T13:07:10,Patient,Call,Professional Referral,,555-590-0298,157,,Confirmed,CRM,Human-Entered
INQ-000722,HRO-000569,CNT-000963,2026-06-13T13:24:53,Patient,Call,Professional Referral,,555-507-1868,170,,Confirmed,CRM,Human-Entered
INQ-000723,HRO-000570,CNT-000964,2026-06-06T19:11:35,Professional Referral Source,Call,Professional Referral,,555-871-0164,332,,Confirmed,CRM,Human-Entered
INQ-000724,HRO-000571,CNT-000966,2026-06-24T11:29:03,Loved One,Call,Professional Referral,,555-665-7295,477,,Possible,CRM,Human-Entered
INQ-000725,HRO-000572,CNT-000968,2026-07-15T18:42:18,Loved One,Call,Professional Referral,,555-806-6151,333,,Confirmed,CRM,Human-Entered
INQ-000726,HRO-000573,CNT-000970,2026-07-25T07:46:08,Loved One,Call,Professional Referral,,555-972-7131,397,,Confirmed,CRM,Human-Entered
INQ-000727,HRO-000574,CNT-000972,2026-07-23T16:21:48,Patient,Call,Professional Referral,,555-231-5124,190,,Confirmed,CRM,Human-Entered
INQ-000728,HRO-000575,CNT-000973,2026-07-11T08:20:26,Loved One,Call,Professional Referral,,555-032-8639,485,,Confirmed,CRM,Human-Entered
INQ-000729,HRO-000576,CNT-000975,2026-07-27T12:32:03,Patient,Call,Professional Referral,,555-338-5836,760,,Confirmed,CRM,Human-Entered
INQ-000730,HRO-000576,CNT-000976,2026-07-29T15:32:03,Patient,Call,Professional Referral,,555-407-6613,429,,Confirmed,CRM,Human-Entered
INQ-000731,HRO-000577,CNT-000977,2026-07-28T16:58:28,Patient,Call,Professional Referral,,555-259-8958,105,,Possible,CRM,Human-Entered
INQ-000732,HRO-000578,CNT-000978,2026-07-21T07:44:34,Professional Referral Source,Call,Professional Referral,,555-875-2096,200,,Confirmed,CRM,Human-Entered
INQ-000733,HRO-000578,CNT-000979,2026-07-21T09:44:34,Patient,Call,Professional Referral,,555-578-0375,119,,Confirmed,CRM,Human-Entered
INQ-000734,HRO-000579,CNT-000980,2026-07-24T11:11:58,Patient,Call,Professional Referral,,555-465-7636,684,,Confirmed,CRM,Human-Entered
INQ-000735,HRO-000580,CNT-000981,2026-07-23T10:34:54,Patient,Call,Professional Referral,,555-785-8474,590,,Confirmed,CRM,Human-Entered
INQ-000736,HRO-000581,CNT-000982,2026-07-23T14:00:09,Patient,Web Form,Professional Referral,,,,https://harborridge.example.test/contact,Confirmed,CRM,Human-Entered
INQ-000737,HRO-000581,CNT-000983,2026-07-26T16:00:09,Patient,Call,Professional Referral,,555-506-6159,691,,Confirmed,CRM,Human-Entered
INQ-000738,HRO-000582,CNT-000984,2026-07-15T07:21:09,Patient,Call,Professional Referral,,555-604-2497,754,,Confirmed,CRM,Human-Entered
