touch_id,inquiry_id,touch_timestamp,channel,platform,campaign_id,campaign_name,ad_group,keyword,search_term,match_type,landing_page,geography,cost,platform_conversion,source_system,evidence_class
TOUCH-000001,INQ-000001,2026-05-09T07:53:41,Direct,,,,,,,,https://harborridge.example.test/,UT,,1,Direct / Analytics,System-Observed
TOUCH-000002,INQ-000002,2026-05-03T20:11:21,Paid Search,Google Ads,CMP-1005,Family Crisis - Non-Brand,Residential Programs,detox center near me,detox center near me,Exact,https://harborridge.example.test/admissions,OR,24.18,1,Google Ads,System-Observed
TOUCH-000003,INQ-000004,2026-05-18T09:27:48,Paid Search,Google Ads,CMP-1004,Residential Treatment - Geo,Family Support,detox center near me,detox center near me,Broad,https://harborridge.example.test/admissions,WA,41.8,1,Google Ads,System-Observed
TOUCH-000004,INQ-000005,2026-05-23T16:53:39,Paid Search,Google Ads,CMP-1002,Behavioral Health - Non-Brand,Family Support,family intervention help,family intervention help,Phrase,https://harborridge.example.test/admissions,CA,27.88,1,Google Ads,System-Observed
TOUCH-000005,INQ-000006,2026-05-06T19:17:06,Paid Search,Google Ads,CMP-1002,Behavioral Health - Non-Brand,Detox Programs,detox center near me,detox center near me,Exact,https://harborridge.example.test/admissions,FL,36.24,1,Google Ads,System-Observed
TOUCH-000006,INQ-000007,2026-05-05T17:56:12,Paid Social,Meta,CMP-3003,Local Community Awareness,Community Awareness,,,,https://harborridge.example.test/family-support,TX,12.47,1,Meta,System-Observed
TOUCH-000007,INQ-000008,2026-05-14T10:02:37,Paid Social,Meta,CMP-3002,Recovery Journey - Lookalike,Family Support,,,,https://harborridge.example.test/family-support,AZ,14.6,1,Meta,System-Observed
TOUCH-000008,INQ-000012,2026-05-09T12:19:52,Paid Search,Google Ads,CMP-1004,Residential Treatment - Geo,Admissions,residential treatment center,residential treatment center,Phrase,https://harborridge.example.test/admissions,CA,26.27,1,Google Ads,System-Observed
TOUCH-000009,INQ-000013,2026-05-06T07:07:47,Local,GBP,,,,,,,https://harborridge.example.test/contact,WA,,1,GBP,System-Observed
TOUCH-000010,INQ-000016,2026-05-20T10:46:38,Organic,Google Organic,,,,,,,https://harborridge.example.test/treatment-programs,CO,,1,Google Organic,System-Observed
TOUCH-000011,INQ-000017,2026-05-22T20:12:52,Paid Search,Microsoft Ads,CMP-2001,Behavioral Health - Brand (Bing),Admissions,family intervention help,family intervention help,Exact,https://harborridge.example.test/admissions,CA,11.4,1,Microsoft Ads,System-Observed
TOUCH-000012,INQ-000018,2026-05-09T13:19:11,Organic,Google Organic,,,,,,,https://harborridge.example.test/treatment-programs,TX,,1,Google Organic,System-Observed
TOUCH-000013,INQ-000020,2026-05-12T10:38:41,Direct,,,,,,,,https://harborridge.example.test/,CO,,1,Direct / Analytics,System-Observed
TOUCH-000014,INQ-000021,2026-05-10T08:06:56,Paid Search,Google Ads,CMP-1002,Behavioral Health - Non-Brand,Family Support,inpatient mental health treatment,inpatient mental health treatment,Exact,https://harborridge.example.test/admissions,NV,15.17,1,Google Ads,System-Observed
TOUCH-000015,INQ-000022,2026-05-24T19:00:22,Organic,Google Organic,,,,,,,https://harborridge.example.test/treatment-programs,NV,,1,Google Organic,System-Observed
TOUCH-000016,INQ-000023,2026-05-20T12:12:56,Paid Search,Google Ads,CMP-1004,Residential Treatment - Geo,Admissions,residential treatment center,residential treatment center,Phrase,https://harborridge.example.test/admissions,OR,24.65,1,Google Ads,System-Observed
TOUCH-000017,INQ-000026,2026-05-10T19:07:27,Organic,Google Organic,,,,,,,https://harborridge.example.test/treatment-programs,UT,,1,Google Organic,System-Observed
TOUCH-000018,INQ-000027,2026-05-04T19:34:36,Local,GBP,,,,,,,https://harborridge.example.test/contact,NY,,1,GBP,System-Observed
TOUCH-000019,INQ-000028,2026-05-02T16:49:01,Paid Search,Google Ads,CMP-1001,Behavioral Health - Brand,Admissions,residential treatment center,residential treatment center,Exact,https://harborridge.example.test/admissions,CA,34.79,1,Google Ads,System-Observed
TOUCH-000020,INQ-000030,2026-05-07T09:11:35,Paid Search,Google Ads,CMP-1004,Residential Treatment - Geo,Residential Programs,substance abuse treatment options,substance abuse treatment options,Broad,https://harborridge.example.test/admissions,TX,33.68,1,Google Ads,System-Observed
TOUCH-000021,INQ-000031,2026-05-11T08:18:08,Paid Search,Microsoft Ads,CMP-2002,Residential Treatment - Geo (Bing),Family Support,behavioral health treatment near me,behavioral health treatment near me,Exact,https://harborridge.example.test/admissions,WA,20.78,1,Microsoft Ads,System-Observed
TOUCH-000022,INQ-000036,2026-05-15T11:42:05,Direct,,,,,,,,https://harborridge.example.test/,CA,,1,Direct / Analytics,System-Observed
TOUCH-000023,INQ-000038,2026-05-16T19:36:22,Paid Search,Google Ads,CMP-1001,Behavioral Health - Brand,Family Support,inpatient mental health treatment,inpatient mental health treatment,Exact,https://harborridge.example.test/admissions,NY,44.93,1,Google Ads,System-Observed
TOUCH-000024,INQ-000039,2026-05-16T20:22:50,Paid Search,Microsoft Ads,CMP-2001,Behavioral Health - Brand (Bing),Admissions,family intervention help,family intervention help,Phrase,https://harborridge.example.test/admissions,CO,21.6,1,Microsoft Ads,System-Observed
TOUCH-000025,INQ-000042,2026-05-23T11:11:34,Paid Search,Google Ads,CMP-1005,Family Crisis - Non-Brand,Detox Programs,behavioral health treatment near me,behavioral health treatment near me,Phrase,https://harborridge.example.test/admissions,UT,30.57,1,Google Ads,System-Observed
TOUCH-000026,INQ-000045,2026-05-11T17:25:54,Organic,Google Organic,,,,,,,https://harborridge.example.test/treatment-programs,NY,,1,Google Organic,System-Observed
TOUCH-000027,INQ-000046,2026-05-28T11:39:32,Paid Search,Google Ads,CMP-1002,Behavioral Health - Non-Brand,Detox Programs,behavioral health treatment near me,behavioral health treatment near me,Exact,https://harborridge.example.test/admissions,AZ,16.5,1,Google Ads,System-Observed
TOUCH-000028,INQ-000050,2026-05-06T18:03:50,Paid Search,Google Ads,CMP-1004,Residential Treatment - Geo,Residential Programs,substance abuse treatment options,substance abuse treatment options,Exact,https://harborridge.example.test/admissions,WA,42.91,1,Google Ads,System-Observed
TOUCH-000029,INQ-000051,2026-05-21T13:35:38,Organic,Google Organic,,,,,,,https://harborridge.example.test/treatment-programs,FL,,1,Google Organic,System-Observed
TOUCH-000030,INQ-000052,2026-05-25T18:30:39,Organic,Google Organic,,,,,,,https://harborridge.example.test/treatment-programs,NY,,1,Google Organic,System-Observed
TOUCH-000031,INQ-000056,2026-05-21T10:06:37,Paid Search,Google Ads,CMP-1001,Behavioral Health - Brand,Detox Programs,detox center near me,detox center near me,Phrase,https://harborridge.example.test/admissions,FL,24.21,1,Google Ads,System-Observed
TOUCH-000032,INQ-000057,2026-05-06T14:29:39,Organic,Google Organic,,,,,,,https://harborridge.example.test/treatment-programs,CO,,1,Google Organic,System-Observed
TOUCH-000033,INQ-000058,2026-05-07T11:33:25,Paid Search,Google Ads,CMP-1004,Residential Treatment - Geo,Admissions,substance abuse treatment options,substance abuse treatment options,Phrase,https://harborridge.example.test/admissions,CO,26.12,1,Google Ads,System-Observed
TOUCH-000034,INQ-000059,2026-05-21T14:11:32,Local,GBP,,,,,,,https://harborridge.example.test/contact,NY,,1,GBP,System-Observed
TOUCH-000035,INQ-000060,2026-05-03T17:38:56,Paid Search,Google Ads,CMP-1003,Detox Near Me - Geo,Detox Programs,behavioral health treatment near me,behavioral health treatment near me,Exact,https://harborridge.example.test/admissions,FL,38.34,1,Google Ads,System-Observed
TOUCH-000036,INQ-000061,2026-05-12T13:43:49,Paid Search,Google Ads,CMP-1004,Residential Treatment - Geo,Admissions,family intervention help,family intervention help,Phrase,https://harborridge.example.test/admissions,CA,24.59,1,Google Ads,System-Observed
TOUCH-000037,INQ-000063,2026-05-27T20:18:06,Paid Search,Google Ads,CMP-1005,Family Crisis - Non-Brand,Detox Programs,residential treatment center,residential treatment center,Exact,https://harborridge.example.test/admissions,CO,25.28,1,Google Ads,System-Observed
TOUCH-000038,INQ-000065,2026-05-16T09:28:46,Paid Search,Google Ads,CMP-1003,Detox Near Me - Geo,Admissions,residential treatment center,residential treatment center,Phrase,https://harborridge.example.test/admissions,TX,33.46,1,Google Ads,System-Observed
TOUCH-000039,INQ-000066,2026-05-03T20:08:32,Local,GBP,,,,,,,https://harborridge.example.test/contact,OR,,1,GBP,System-Observed
TOUCH-000040,INQ-000067,2026-05-07T12:56:38,Direct,,,,,,,,https://harborridge.example.test/,FL,,1,Direct / Analytics,System-Observed
TOUCH-000041,INQ-000068,2026-05-14T15:29:06,Paid Social,Meta,CMP-3002,Recovery Journey - Lookalike,Family Support,,,,https://harborridge.example.test/family-support,OR,7.14,1,Meta,System-Observed
TOUCH-000042,INQ-000071,2026-05-16T05:58:12,Organic,Google Organic,,,,,,,https://harborridge.example.test/treatment-programs,TX,,1,Google Organic,System-Observed
TOUCH-000043,INQ-000073,2026-05-02T17:35:49,Organic,Google Organic,,,,,,,https://harborridge.example.test/treatment-programs,TX,,1,Google Organic,System-Observed
TOUCH-000044,INQ-000074,2026-05-24T17:09:22,Organic,Google Organic,,,,,,,https://harborridge.example.test/treatment-programs,WA,,1,Google Organic,System-Observed
TOUCH-000045,INQ-000075,2026-05-17T14:28:33,Paid Search,Google Ads,CMP-1001,Behavioral Health - Brand,Detox Programs,inpatient mental health treatment,inpatient mental health treatment,Broad,https://harborridge.example.test/admissions,NY,19.48,1,Google Ads,System-Observed
TOUCH-000046,INQ-000076,2026-05-11T15:49:01,Organic,Google Organic,,,,,,,https://harborridge.example.test/treatment-programs,FL,,1,Google Organic,System-Observed
TOUCH-000047,INQ-000077,2026-05-12T16:25:29,Paid Search,Microsoft Ads,CMP-2001,Behavioral Health - Brand (Bing),Residential Programs,substance abuse treatment options,substance abuse treatment options,Exact,https://harborridge.example.test/admissions,WA,14.34,1,Microsoft Ads,System-Observed
TOUCH-000048,INQ-000080,2026-05-15T20:00:58,Paid Search,Google Ads,CMP-1002,Behavioral Health - Non-Brand,Family Support,detox center near me,detox center near me,Broad,https://harborridge.example.test/admissions,AZ,22.21,1,Google Ads,System-Observed
TOUCH-000049,INQ-000081,2026-05-01T13:36:36,Direct,,,,,,,,https://harborridge.example.test/,CA,,1,Direct / Analytics,System-Observed
TOUCH-000050,INQ-000082,2026-05-23T10:45:42,Organic,Google Organic,,,,,,,https://harborridge.example.test/treatment-programs,TX,,1,Google Organic,System-Observed
TOUCH-000051,INQ-000084,2026-05-23T06:32:29,Direct,,,,,,,,https://harborridge.example.test/,UT,,1,Direct / Analytics,System-Observed
TOUCH-000052,INQ-000085,2026-05-08T15:24:43,Paid Social,Meta,CMP-3001,Family Support Awareness,Family Support,,,,https://harborridge.example.test/family-support,CA,13.06,1,Meta,System-Observed
TOUCH-000053,INQ-000086,2026-05-06T14:10:09,Paid Search,Google Ads,CMP-1002,Behavioral Health - Non-Brand,Residential Programs,behavioral health treatment near me,behavioral health treatment near me,Phrase,https://harborridge.example.test/admissions,UT,44.86,1,Google Ads,System-Observed
TOUCH-000054,INQ-000087,2026-05-17T13:26:53,Paid Search,Google Ads,CMP-1005,Family Crisis - Non-Brand,Detox Programs,family intervention help,family intervention help,Broad,https://harborridge.example.test/admissions,NV,34.0,1,Google Ads,System-Observed
TOUCH-000055,INQ-000088,2026-05-27T18:13:14,Paid Search,Google Ads,CMP-1005,Family Crisis - Non-Brand,Admissions,inpatient mental health treatment,inpatient mental health treatment,Exact,https://harborridge.example.test/admissions,NY,34.52,1,Google Ads,System-Observed
TOUCH-000056,INQ-000089,2026-05-10T10:50:03,Direct,,,,,,,,https://harborridge.example.test/,UT,,1,Direct / Analytics,System-Observed
TOUCH-000057,INQ-000091,2026-05-10T14:17:45,Paid Search,Google Ads,CMP-1002,Behavioral Health - Non-Brand,Detox Programs,inpatient mental health treatment,inpatient mental health treatment,Phrase,https://harborridge.example.test/admissions,CA,44.92,1,Google Ads,System-Observed
TOUCH-000058,INQ-000092,2026-05-10T19:52:52,Organic,Google Organic,,,,,,,https://harborridge.example.test/treatment-programs,WA,,1,Google Organic,System-Observed
TOUCH-000059,INQ-000093,2026-05-16T12:20:18,Paid Search,Google Ads,CMP-1003,Detox Near Me - Geo,Admissions,inpatient mental health treatment,inpatient mental health treatment,Broad,https://harborridge.example.test/admissions,AZ,29.35,1,Google Ads,System-Observed
TOUCH-000060,INQ-000094,2026-05-10T12:36:31,Local,GBP,,,,,,,https://harborridge.example.test/contact,UT,,1,GBP,System-Observed
TOUCH-000061,INQ-000095,2026-05-09T16:35:57,Local,GBP,,,,,,,https://harborridge.example.test/contact,TX,,1,GBP,System-Observed
TOUCH-000062,INQ-000097,2026-05-15T07:36:40,Organic,Google Organic,,,,,,,https://harborridge.example.test/treatment-programs,CO,,1,Google Organic,System-Observed
TOUCH-000063,INQ-000098,2026-05-21T18:19:19,Organic,Google Organic,,,,,,,https://harborridge.example.test/treatment-programs,FL,,1,Google Organic,System-Observed
TOUCH-000064,INQ-000099,2026-05-14T19:05:23,Direct,,,,,,,,https://harborridge.example.test/,FL,,1,Direct / Analytics,System-Observed
TOUCH-000065,INQ-000102,2026-05-03T19:57:57,Direct,,,,,,,,https://harborridge.example.test/,OR,,1,Direct / Analytics,System-Observed
TOUCH-000066,INQ-000104,2026-05-20T16:57:59,Paid Search,Google Ads,CMP-1004,Residential Treatment - Geo,Residential Programs,inpatient mental health treatment,inpatient mental health treatment,Phrase,https://harborridge.example.test/admissions,CA,43.19,1,Google Ads,System-Observed
TOUCH-000067,INQ-000106,2026-05-20T12:19:27,Paid Search,Google Ads,CMP-1001,Behavioral Health - Brand,Admissions,substance abuse treatment options,substance abuse treatment options,Exact,https://harborridge.example.test/admissions,CO,20.7,1,Google Ads,System-Observed
TOUCH-000068,INQ-000108,2026-05-12T08:14:32,Local,GBP,,,,,,,https://harborridge.example.test/contact,FL,,1,GBP,System-Observed
TOUCH-000069,INQ-000109,2026-05-04T12:38:54,Organic,Google Organic,,,,,,,https://harborridge.example.test/treatment-programs,AZ,,1,Google Organic,System-Observed
TOUCH-000070,INQ-000110,2026-05-17T18:09:02,Direct,,,,,,,,https://harborridge.example.test/,NV,,1,Direct / Analytics,System-Observed
TOUCH-000071,INQ-000111,2026-05-11T10:07:23,Paid Search,Google Ads,CMP-1001,Behavioral Health - Brand,Admissions,family intervention help,family intervention help,Phrase,https://harborridge.example.test/admissions,NY,40.82,1,Google Ads,System-Observed
TOUCH-000072,INQ-000112,2026-05-06T12:46:19,Paid Search,Google Ads,CMP-1005,Family Crisis - Non-Brand,Residential Programs,inpatient mental health treatment,inpatient mental health treatment,Exact,https://harborridge.example.test/admissions,AZ,36.99,1,Google Ads,System-Observed
TOUCH-000073,INQ-000114,2026-05-07T17:31:15,Paid Search,Google Ads,CMP-1005,Family Crisis - Non-Brand,Residential Programs,residential treatment center,residential treatment center,Exact,https://harborridge.example.test/admissions,CO,32.57,1,Google Ads,System-Observed
TOUCH-000074,INQ-000115,2026-05-16T19:56:47,Paid Search,Google Ads,CMP-1005,Family Crisis - Non-Brand,Admissions,family intervention help,family intervention help,Phrase,https://harborridge.example.test/admissions,NY,32.5,1,Google Ads,System-Observed
TOUCH-000075,INQ-000116,2026-05-09T17:16:56,Paid Social,Meta,CMP-3002,Recovery Journey - Lookalike,Community Awareness,,,,https://harborridge.example.test/family-support,AZ,3.95,1,Meta,System-Observed
TOUCH-000076,INQ-000117,2026-05-01T12:11:10,Paid Search,Google Ads,CMP-1004,Residential Treatment - Geo,Detox Programs,inpatient mental health treatment,inpatient mental health treatment,Broad,https://harborridge.example.test/admissions,CA,22.59,1,Google Ads,System-Observed
TOUCH-000077,INQ-000118,2026-05-12T14:31:12,Organic,Google Organic,,,,,,,https://harborridge.example.test/treatment-programs,WA,,1,Google Organic,System-Observed
TOUCH-000078,INQ-000119,2026-05-07T19:10:26,Organic,Google Organic,,,,,,,https://harborridge.example.test/treatment-programs,FL,,1,Google Organic,System-Observed
TOUCH-000079,INQ-000120,2026-05-09T08:59:57,Paid Search,Google Ads,CMP-1005,Family Crisis - Non-Brand,Admissions,detox center near me,detox center near me,Exact,https://harborridge.example.test/admissions,NV,41.51,1,Google Ads,System-Observed
TOUCH-000080,INQ-000121,2026-05-24T17:00:15,Paid Search,Google Ads,CMP-1001,Behavioral Health - Brand,Admissions,inpatient mental health treatment,inpatient mental health treatment,Exact,https://harborridge.example.test/admissions,CO,33.17,1,Google Ads,System-Observed
TOUCH-000081,INQ-000123,2026-05-25T19:19:31,Paid Social,Meta,CMP-3003,Local Community Awareness,Community Awareness,,,,https://harborridge.example.test/family-support,FL,4.0,1,Meta,System-Observed
TOUCH-000082,INQ-000125,2026-05-10T13:57:43,Organic,Google Organic,,,,,,,https://harborridge.example.test/treatment-programs,WA,,1,Google Organic,System-Observed
TOUCH-000083,INQ-000126,2026-05-21T14:35:44,Paid Search,Google Ads,CMP-1003,Detox Near Me - Geo,Family Support,behavioral health treatment near me,behavioral health treatment near me,Phrase,https://harborridge.example.test/admissions,OR,14.68,1,Google Ads,System-Observed
TOUCH-000084,INQ-000128,2026-05-25T17:28:46,Organic,Google Organic,,,,,,,https://harborridge.example.test/treatment-programs,NV,,1,Google Organic,System-Observed
TOUCH-000085,INQ-000129,2026-05-10T14:50:18,Organic,Google Organic,,,,,,,https://harborridge.example.test/treatment-programs,TX,,1,Google Organic,System-Observed
TOUCH-000086,INQ-000131,2026-05-03T14:50:50,Paid Search,Google Ads,CMP-1004,Residential Treatment - Geo,Admissions,detox center near me,detox center near me,Broad,https://harborridge.example.test/admissions,FL,20.37,1,Google Ads,System-Observed
TOUCH-000087,INQ-000132,2026-05-04T19:03:06,Paid Search,Google Ads,CMP-1004,Residential Treatment - Geo,Residential Programs,residential treatment center,residential treatment center,Phrase,https://harborridge.example.test/admissions,AZ,34.3,1,Google Ads,System-Observed
TOUCH-000088,INQ-000135,2026-05-06T11:04:10,Local,GBP,,,,,,,https://harborridge.example.test/contact,NY,,1,GBP,System-Observed
TOUCH-000089,INQ-000136,2026-05-14T18:09:34,Paid Social,Meta,CMP-3002,Recovery Journey - Lookalike,Community Awareness,,,,https://harborridge.example.test/family-support,WA,8.39,1,Meta,System-Observed
TOUCH-000090,INQ-000137,2026-05-22T15:03:57,Paid Search,Google Ads,CMP-1001,Behavioral Health - Brand,Admissions,family intervention help,family intervention help,Broad,https://harborridge.example.test/admissions,FL,38.37,1,Google Ads,System-Observed
TOUCH-000091,INQ-000138,2026-05-03T16:22:18,Paid Search,Google Ads,CMP-1005,Family Crisis - Non-Brand,Family Support,behavioral health treatment near me,behavioral health treatment near me,Phrase,https://harborridge.example.test/admissions,WA,20.56,1,Google Ads,System-Observed
TOUCH-000092,INQ-000139,2026-05-08T11:09:58,Organic,Google Organic,,,,,,,https://harborridge.example.test/treatment-programs,NV,,1,Google Organic,System-Observed
TOUCH-000093,INQ-000142,2026-05-01T10:32:39,Paid Search,Google Ads,CMP-1005,Family Crisis - Non-Brand,Residential Programs,detox center near me,detox center near me,Exact,https://harborridge.example.test/admissions,WA,25.06,1,Google Ads,System-Observed
TOUCH-000094,INQ-000144,2026-05-15T17:01:55,Local,GBP,,,,,,,https://harborridge.example.test/contact,CA,,1,GBP,System-Observed
TOUCH-000095,INQ-000145,2026-05-16T18:50:44,Paid Search,Microsoft Ads,CMP-2001,Behavioral Health - Brand (Bing),Family Support,substance abuse treatment options,substance abuse treatment options,Exact,https://harborridge.example.test/admissions,WA,16.1,1,Microsoft Ads,System-Observed
TOUCH-000096,INQ-000147,2026-05-22T14:46:10,Paid Search,Google Ads,CMP-1004,Residential Treatment - Geo,Residential Programs,inpatient mental health treatment,inpatient mental health treatment,Broad,https://harborridge.example.test/admissions,NV,43.07,1,Google Ads,System-Observed
TOUCH-000097,INQ-000151,2026-05-04T08:26:57,Paid Search,Google Ads,CMP-1001,Behavioral Health - Brand,Residential Programs,substance abuse treatment options,substance abuse treatment options,Broad,https://harborridge.example.test/admissions,NV,21.45,1,Google Ads,System-Observed
TOUCH-000098,INQ-000152,2026-05-10T18:00:24,Paid Search,Google Ads,CMP-1004,Residential Treatment - Geo,Admissions,detox center near me,detox center near me,Exact,https://harborridge.example.test/admissions,UT,40.0,1,Google Ads,System-Observed
TOUCH-000099,INQ-000153,2026-05-16T07:31:23,Organic,Google Organic,,,,,,,https://harborridge.example.test/treatment-programs,CO,,1,Google Organic,System-Observed
TOUCH-000100,INQ-000154,2026-05-19T11:00:57,Paid Search,Google Ads,CMP-1003,Detox Near Me - Geo,Family Support,detox center near me,detox center near me,Broad,https://harborridge.example.test/admissions,FL,25.09,1,Google Ads,System-Observed
TOUCH-000101,INQ-000155,2026-05-11T15:20:42,Paid Search,Google Ads,CMP-1003,Detox Near Me - Geo,Residential Programs,detox center near me,detox center near me,Broad,https://harborridge.example.test/admissions,TX,32.32,1,Google Ads,System-Observed
TOUCH-000102,INQ-000156,2026-05-28T13:11:19,Organic,Google Organic,,,,,,,https://harborridge.example.test/treatment-programs,AZ,,1,Google Organic,System-Observed
TOUCH-000103,INQ-000157,2026-05-12T19:03:58,Paid Search,Google Ads,CMP-1001,Behavioral Health - Brand,Residential Programs,detox center near me,detox center near me,Exact,https://harborridge.example.test/admissions,OR,31.92,1,Google Ads,System-Observed
TOUCH-000104,INQ-000158,2026-05-03T11:57:56,Organic,Google Organic,,,,,,,https://harborridge.example.test/treatment-programs,NV,,1,Google Organic,System-Observed
TOUCH-000105,INQ-000159,2026-05-04T15:13:00,Paid Search,Google Ads,CMP-1004,Residential Treatment - Geo,Family Support,inpatient mental health treatment,inpatient mental health treatment,Phrase,https://harborridge.example.test/admissions,OR,29.43,1,Google Ads,System-Observed
TOUCH-000106,INQ-000160,2026-05-19T08:56:01,Organic,Google Organic,,,,,,,https://harborridge.example.test/treatment-programs,NV,,1,Google Organic,System-Observed
TOUCH-000107,INQ-000161,2026-05-04T16:44:37,Organic,Google Organic,,,,,,,https://harborridge.example.test/treatment-programs,WA,,1,Google Organic,System-Observed
TOUCH-000108,INQ-000162,2026-05-16T15:55:05,Paid Social,Meta,CMP-3003,Local Community Awareness,Family Support,,,,https://harborridge.example.test/family-support,OR,13.31,1,Meta,System-Observed
TOUCH-000109,INQ-000163,2026-05-03T08:36:39,Organic,Google Organic,,,,,,,https://harborridge.example.test/treatment-programs,NV,,1,Google Organic,System-Observed
TOUCH-000110,INQ-000164,2026-05-07T07:50:04,Local,GBP,,,,,,,https://harborridge.example.test/contact,AZ,,1,GBP,System-Observed
TOUCH-000111,INQ-000165,2026-05-15T13:06:52,Paid Search,Google Ads,CMP-1002,Behavioral Health - Non-Brand,Family Support,family intervention help,family intervention help,Phrase,https://harborridge.example.test/admissions,OR,24.31,1,Google Ads,System-Observed
TOUCH-000112,INQ-000166,2026-05-11T08:18:23,Paid Search,Google Ads,CMP-1003,Detox Near Me - Geo,Family Support,residential treatment center,residential treatment center,Broad,https://harborridge.example.test/admissions,OR,32.1,1,Google Ads,System-Observed
TOUCH-000113,INQ-000167,2026-05-11T12:20:03,Direct,,,,,,,,https://harborridge.example.test/,TX,,1,Direct / Analytics,System-Observed
TOUCH-000114,INQ-000168,2026-05-14T20:01:17,Paid Search,Google Ads,CMP-1002,Behavioral Health - Non-Brand,Residential Programs,behavioral health treatment near me,behavioral health treatment near me,Phrase,https://harborridge.example.test/admissions,WA,39.1,1,Google Ads,System-Observed
TOUCH-000115,INQ-000169,2026-05-02T13:49:11,Paid Search,Google Ads,CMP-1002,Behavioral Health - Non-Brand,Admissions,inpatient mental health treatment,inpatient mental health treatment,Exact,https://harborridge.example.test/admissions,TX,35.68,1,Google Ads,System-Observed
TOUCH-000116,INQ-000171,2026-05-14T16:50:27,Paid Search,Google Ads,CMP-1005,Family Crisis - Non-Brand,Admissions,substance abuse treatment options,substance abuse treatment options,Phrase,https://harborridge.example.test/admissions,OR,36.17,1,Google Ads,System-Observed
TOUCH-000117,INQ-000172,2026-05-16T08:49:22,Paid Search,Google Ads,CMP-1002,Behavioral Health - Non-Brand,Admissions,inpatient mental health treatment,inpatient mental health treatment,Exact,https://harborridge.example.test/admissions,CO,27.83,1,Google Ads,System-Observed
TOUCH-000118,INQ-000174,2026-05-06T16:48:38,Paid Search,Google Ads,CMP-1002,Behavioral Health - Non-Brand,Family Support,family intervention help,family intervention help,Broad,https://harborridge.example.test/admissions,NV,17.15,1,Google Ads,System-Observed
TOUCH-000119,INQ-000176,2026-05-12T13:35:11,Organic,Google Organic,,,,,,,https://harborridge.example.test/treatment-programs,UT,,1,Google Organic,System-Observed
TOUCH-000120,INQ-000178,2026-05-14T12:34:44,Paid Search,Microsoft Ads,CMP-2002,Residential Treatment - Geo (Bing),Family Support,substance abuse treatment options,substance abuse treatment options,Broad,https://harborridge.example.test/admissions,NY,20.72,1,Microsoft Ads,System-Observed
TOUCH-000121,INQ-000179,2026-05-20T16:08:38,Organic,Google Organic,,,,,,,https://harborridge.example.test/treatment-programs,UT,,1,Google Organic,System-Observed
TOUCH-000122,INQ-000181,2026-05-06T15:57:20,Local,GBP,,,,,,,https://harborridge.example.test/contact,AZ,,1,GBP,System-Observed
TOUCH-000123,INQ-000182,2026-05-12T13:37:37,Paid Search,Google Ads,CMP-1002,Behavioral Health - Non-Brand,Detox Programs,substance abuse treatment options,substance abuse treatment options,Broad,https://harborridge.example.test/admissions,NV,26.55,1,Google Ads,System-Observed
TOUCH-000124,INQ-000183,2026-05-25T17:24:11,Paid Search,Google Ads,CMP-1004,Residential Treatment - Geo,Residential Programs,behavioral health treatment near me,behavioral health treatment near me,Broad,https://harborridge.example.test/admissions,AZ,18.6,1,Google Ads,System-Observed
TOUCH-000125,INQ-000184,2026-05-20T14:04:25,Organic,Google Organic,,,,,,,https://harborridge.example.test/treatment-programs,FL,,1,Google Organic,System-Observed
TOUCH-000126,INQ-000189,2026-05-20T06:37:36,Organic,Google Organic,,,,,,,https://harborridge.example.test/treatment-programs,CA,,1,Google Organic,System-Observed
TOUCH-000127,INQ-000190,2026-05-07T06:02:26,Paid Search,Google Ads,CMP-1005,Family Crisis - Non-Brand,Family Support,inpatient mental health treatment,inpatient mental health treatment,Exact,https://harborridge.example.test/admissions,CO,22.84,1,Google Ads,System-Observed
TOUCH-000128,INQ-000192,2026-05-22T19:55:51,Local,GBP,,,,,,,https://harborridge.example.test/contact,AZ,,1,GBP,System-Observed
TOUCH-000129,INQ-000193,2026-05-20T14:42:28,Paid Search,Google Ads,CMP-1005,Family Crisis - Non-Brand,Admissions,substance abuse treatment options,substance abuse treatment options,Phrase,https://harborridge.example.test/admissions,CO,44.47,1,Google Ads,System-Observed
TOUCH-000130,INQ-000194,2026-05-04T17:00:18,Paid Social,Meta,CMP-3001,Family Support Awareness,Community Awareness,,,,https://harborridge.example.test/family-support,FL,9.38,1,Meta,System-Observed
TOUCH-000131,INQ-000195,2026-05-11T18:45:50,Paid Search,Google Ads,CMP-1003,Detox Near Me - Geo,Admissions,behavioral health treatment near me,behavioral health treatment near me,Broad,https://harborridge.example.test/admissions,FL,16.02,1,Google Ads,System-Observed
TOUCH-000132,INQ-000196,2026-05-11T09:02:41,Direct,,,,,,,,https://harborridge.example.test/,AZ,,1,Direct / Analytics,System-Observed
TOUCH-000133,INQ-000198,2026-05-07T06:26:55,Paid Search,Google Ads,CMP-1001,Behavioral Health - Brand,Detox Programs,detox center near me,detox center near me,Broad,https://harborridge.example.test/admissions,CO,22.09,1,Google Ads,System-Observed
TOUCH-000134,INQ-000199,2026-05-18T14:19:42,Local,GBP,,,,,,,https://harborridge.example.test/contact,CA,,1,GBP,System-Observed
TOUCH-000135,INQ-000201,2026-05-08T18:51:04,Paid Search,Google Ads,CMP-1002,Behavioral Health - Non-Brand,Admissions,residential treatment center,residential treatment center,Broad,https://harborridge.example.test/admissions,NY,42.55,1,Google Ads,System-Observed
TOUCH-000136,INQ-000202,2026-05-21T11:51:29,Direct,,,,,,,,https://harborridge.example.test/,UT,,1,Direct / Analytics,System-Observed
TOUCH-000137,INQ-000203,2026-05-25T17:05:29,Paid Search,Google Ads,CMP-1002,Behavioral Health - Non-Brand,Residential Programs,detox center near me,detox center near me,Phrase,https://harborridge.example.test/admissions,FL,39.32,1,Google Ads,System-Observed
TOUCH-000138,INQ-000204,2026-05-01T17:05:47,Direct,,,,,,,,https://harborridge.example.test/,NV,,1,Direct / Analytics,System-Observed
TOUCH-000139,INQ-000205,2026-05-27T07:44:59,Local,GBP,,,,,,,https://harborridge.example.test/contact,AZ,,1,GBP,System-Observed
TOUCH-000140,INQ-000206,2026-05-13T16:56:14,Paid Search,Google Ads,CMP-1005,Family Crisis - Non-Brand,Residential Programs,family intervention help,family intervention help,Broad,https://harborridge.example.test/admissions,TX,16.54,1,Google Ads,System-Observed
TOUCH-000141,INQ-000209,2026-05-23T15:56:24,Organic,Google Organic,,,,,,,https://harborridge.example.test/treatment-programs,AZ,,1,Google Organic,System-Observed
TOUCH-000142,INQ-000211,2026-05-10T16:42:38,Direct,,,,,,,,https://harborridge.example.test/,CA,,1,Direct / Analytics,System-Observed
TOUCH-000143,INQ-000212,2026-05-26T14:17:12,Direct,,,,,,,,https://harborridge.example.test/,UT,,1,Direct / Analytics,System-Observed
TOUCH-000144,INQ-000213,2026-05-05T07:17:31,Direct,,,,,,,,https://harborridge.example.test/,CA,,1,Direct / Analytics,System-Observed
TOUCH-000145,INQ-000214,2026-05-24T14:52:24,Local,GBP,,,,,,,https://harborridge.example.test/contact,NV,,1,GBP,System-Observed
TOUCH-000146,INQ-000215,2026-05-17T18:03:08,Paid Search,Google Ads,CMP-1003,Detox Near Me - Geo,Detox Programs,residential treatment center,residential treatment center,Exact,https://harborridge.example.test/admissions,FL,17.34,1,Google Ads,System-Observed
TOUCH-000147,INQ-000216,2026-05-08T13:30:39,Local,GBP,,,,,,,https://harborridge.example.test/contact,CO,,1,GBP,System-Observed
TOUCH-000148,,2026-05-12T08:17:16,Paid Search,Google Ads,CMP-1002,Behavioral Health - Non-Brand,Residential Programs,family intervention help,family intervention help,Phrase,https://harborridge.example.test/admissions,UT,37.33,0,Google Ads,System-Observed
TOUCH-000149,,2026-05-21T20:39:05,Paid Search,Google Ads,CMP-1004,Residential Treatment - Geo,Family Support,detox center near me,detox center near me,Exact,https://harborridge.example.test/admissions,TX,14.81,0,Google Ads,System-Observed
TOUCH-000150,,2026-05-25T13:02:58,Paid Search,Google Ads,CMP-1005,Family Crisis - Non-Brand,Admissions,detox center near me,detox center near me,Exact,https://harborridge.example.test/admissions,TX,22.94,0,Google Ads,System-Observed
TOUCH-000151,,2026-05-31T12:39:28,Paid Search,Google Ads,CMP-1003,Detox Near Me - Geo,Detox Programs,residential treatment center,residential treatment center,Exact,https://harborridge.example.test/admissions,WA,18.75,0,Google Ads,System-Observed
TOUCH-000152,,2026-05-30T13:52:13,Paid Search,Google Ads,CMP-1001,Behavioral Health - Brand,Detox Programs,detox center near me,detox center near me,Broad,https://harborridge.example.test/admissions,NV,29.48,0,Google Ads,System-Observed
TOUCH-000153,,2026-05-07T07:52:07,Paid Search,Google Ads,CMP-1003,Detox Near Me - Geo,Residential Programs,detox center near me,detox center near me,Exact,https://harborridge.example.test/admissions,AZ,30.6,0,Google Ads,System-Observed
TOUCH-000154,,2026-05-10T12:16:30,Paid Search,Google Ads,CMP-1004,Residential Treatment - Geo,Admissions,inpatient mental health treatment,inpatient mental health treatment,Exact,https://harborridge.example.test/admissions,CA,29.29,0,Google Ads,System-Observed
TOUCH-000155,,2026-05-20T11:37:30,Paid Search,Google Ads,CMP-1004,Residential Treatment - Geo,Family Support,residential treatment center,residential treatment center,Broad,https://harborridge.example.test/admissions,OR,43.07,0,Google Ads,System-Observed
TOUCH-000156,,2026-05-18T13:10:22,Paid Search,Google Ads,CMP-1001,Behavioral Health - Brand,Family Support,residential treatment center,residential treatment center,Exact,https://harborridge.example.test/admissions,TX,34.18,0,Google Ads,System-Observed
TOUCH-000157,,2026-05-16T08:22:25,Paid Search,Google Ads,CMP-1003,Detox Near Me - Geo,Family Support,detox center near me,detox center near me,Phrase,https://harborridge.example.test/admissions,CO,24.51,0,Google Ads,System-Observed
TOUCH-000158,,2026-05-05T16:16:45,Paid Search,Google Ads,CMP-1001,Behavioral Health - Brand,Residential Programs,substance abuse treatment options,substance abuse treatment options,Broad,https://harborridge.example.test/admissions,CA,20.29,0,Google Ads,System-Observed
TOUCH-000159,,2026-05-11T17:10:56,Paid Search,Google Ads,CMP-1005,Family Crisis - Non-Brand,Detox Programs,detox center near me,detox center near me,Exact,https://harborridge.example.test/admissions,AZ,21.06,0,Google Ads,System-Observed
TOUCH-000160,,2026-05-15T08:19:43,Paid Search,Google Ads,CMP-1005,Family Crisis - Non-Brand,Residential Programs,detox center near me,detox center near me,Broad,https://harborridge.example.test/admissions,TX,20.26,0,Google Ads,System-Observed
TOUCH-000161,,2026-05-02T20:33:56,Paid Search,Google Ads,CMP-1003,Detox Near Me - Geo,Residential Programs,residential treatment center,residential treatment center,Broad,https://harborridge.example.test/admissions,AZ,37.56,0,Google Ads,System-Observed
TOUCH-000162,,2026-05-11T16:51:21,Paid Search,Google Ads,CMP-1002,Behavioral Health - Non-Brand,Residential Programs,inpatient mental health treatment,inpatient mental health treatment,Phrase,https://harborridge.example.test/admissions,TX,29.24,0,Google Ads,System-Observed
TOUCH-000163,,2026-05-18T17:37:15,Paid Search,Google Ads,CMP-1003,Detox Near Me - Geo,Family Support,substance abuse treatment options,substance abuse treatment options,Exact,https://harborridge.example.test/admissions,NY,32.8,0,Google Ads,System-Observed
TOUCH-000164,,2026-05-31T15:49:54,Paid Search,Google Ads,CMP-1003,Detox Near Me - Geo,Residential Programs,family intervention help,family intervention help,Exact,https://harborridge.example.test/admissions,OR,33.61,0,Google Ads,System-Observed
TOUCH-000165,,2026-05-20T18:47:36,Paid Search,Google Ads,CMP-1003,Detox Near Me - Geo,Admissions,substance abuse treatment options,substance abuse treatment options,Exact,https://harborridge.example.test/admissions,CO,20.79,0,Google Ads,System-Observed
TOUCH-000166,,2026-05-19T18:52:30,Paid Search,Google Ads,CMP-1005,Family Crisis - Non-Brand,Family Support,inpatient mental health treatment,inpatient mental health treatment,Broad,https://harborridge.example.test/admissions,UT,32.82,0,Google Ads,System-Observed
TOUCH-000167,,2026-05-06T11:08:06,Paid Search,Google Ads,CMP-1003,Detox Near Me - Geo,Residential Programs,substance abuse treatment options,substance abuse treatment options,Phrase,https://harborridge.example.test/admissions,UT,36.09,0,Google Ads,System-Observed
TOUCH-000168,,2026-05-23T20:58:35,Paid Search,Google Ads,CMP-1004,Residential Treatment - Geo,Admissions,behavioral health treatment near me,behavioral health treatment near me,Exact,https://harborridge.example.test/admissions,NY,22.91,0,Google Ads,System-Observed
TOUCH-000169,,2026-05-26T20:03:16,Paid Search,Google Ads,CMP-1003,Detox Near Me - Geo,Residential Programs,family intervention help,family intervention help,Phrase,https://harborridge.example.test/admissions,UT,26.67,0,Google Ads,System-Observed
TOUCH-000170,,2026-05-30T18:06:42,Paid Search,Google Ads,CMP-1004,Residential Treatment - Geo,Admissions,substance abuse treatment options,substance abuse treatment options,Exact,https://harborridge.example.test/admissions,CA,38.35,0,Google Ads,System-Observed
TOUCH-000171,,2026-05-21T10:34:44,Paid Search,Google Ads,CMP-1001,Behavioral Health - Brand,Residential Programs,detox center near me,detox center near me,Exact,https://harborridge.example.test/admissions,AZ,32.21,0,Google Ads,System-Observed
TOUCH-000172,,2026-05-03T07:08:02,Paid Search,Google Ads,CMP-1001,Behavioral Health - Brand,Detox Programs,residential treatment center,residential treatment center,Exact,https://harborridge.example.test/admissions,TX,21.5,0,Google Ads,System-Observed
TOUCH-000173,,2026-05-07T19:52:27,Paid Search,Google Ads,CMP-1004,Residential Treatment - Geo,Family Support,behavioral health treatment near me,behavioral health treatment near me,Exact,https://harborridge.example.test/admissions,WA,17.05,0,Google Ads,System-Observed
TOUCH-000174,,2026-05-13T15:29:27,Paid Search,Google Ads,CMP-1003,Detox Near Me - Geo,Family Support,detox center near me,detox center near me,Exact,https://harborridge.example.test/admissions,WA,29.49,0,Google Ads,System-Observed
TOUCH-000175,,2026-05-29T19:35:35,Paid Search,Google Ads,CMP-1005,Family Crisis - Non-Brand,Residential Programs,detox center near me,detox center near me,Phrase,https://harborridge.example.test/admissions,UT,44.81,0,Google Ads,System-Observed
TOUCH-000176,,2026-05-05T13:53:59,Paid Search,Google Ads,CMP-1005,Family Crisis - Non-Brand,Residential Programs,detox center near me,detox center near me,Broad,https://harborridge.example.test/admissions,NV,31.04,0,Google Ads,System-Observed
TOUCH-000177,,2026-05-07T07:17:31,Paid Search,Google Ads,CMP-1002,Behavioral Health - Non-Brand,Residential Programs,family intervention help,family intervention help,Exact,https://harborridge.example.test/admissions,NV,34.88,0,Google Ads,System-Observed
TOUCH-000178,,2026-05-28T08:53:57,Paid Search,Google Ads,CMP-1004,Residential Treatment - Geo,Residential Programs,detox center near me,detox center near me,Broad,https://harborridge.example.test/admissions,UT,41.15,0,Google Ads,System-Observed
TOUCH-000179,,2026-05-04T09:31:35,Paid Search,Google Ads,CMP-1005,Family Crisis - Non-Brand,Residential Programs,substance abuse treatment options,substance abuse treatment options,Exact,https://harborridge.example.test/admissions,CO,38.98,0,Google Ads,System-Observed
TOUCH-000180,,2026-05-02T20:52:34,Paid Search,Google Ads,CMP-1001,Behavioral Health - Brand,Residential Programs,substance abuse treatment options,substance abuse treatment options,Phrase,https://harborridge.example.test/admissions,NV,39.95,0,Google Ads,System-Observed
TOUCH-000181,,2026-05-07T18:03:16,Paid Search,Google Ads,CMP-1003,Detox Near Me - Geo,Residential Programs,detox center near me,detox center near me,Broad,https://harborridge.example.test/admissions,UT,22.26,0,Google Ads,System-Observed
TOUCH-000182,,2026-05-29T07:33:30,Paid Search,Google Ads,CMP-1002,Behavioral Health - Non-Brand,Family Support,behavioral health treatment near me,behavioral health treatment near me,Phrase,https://harborridge.example.test/admissions,UT,19.84,0,Google Ads,System-Observed
TOUCH-000183,,2026-05-04T07:31:23,Paid Search,Google Ads,CMP-1005,Family Crisis - Non-Brand,Residential Programs,behavioral health treatment near me,behavioral health treatment near me,Phrase,https://harborridge.example.test/admissions,TX,31.68,0,Google Ads,System-Observed
TOUCH-000184,,2026-05-31T16:25:52,Paid Search,Google Ads,CMP-1003,Detox Near Me - Geo,Residential Programs,behavioral health treatment near me,behavioral health treatment near me,Phrase,https://harborridge.example.test/admissions,CA,24.26,0,Google Ads,System-Observed
TOUCH-000185,,2026-05-29T09:07:31,Paid Search,Google Ads,CMP-1004,Residential Treatment - Geo,Detox Programs,substance abuse treatment options,substance abuse treatment options,Phrase,https://harborridge.example.test/admissions,NV,35.98,0,Google Ads,System-Observed
TOUCH-000186,,2026-05-16T08:39:21,Paid Search,Google Ads,CMP-1005,Family Crisis - Non-Brand,Admissions,inpatient mental health treatment,inpatient mental health treatment,Exact,https://harborridge.example.test/admissions,TX,15.03,0,Google Ads,System-Observed
TOUCH-000187,,2026-05-05T19:30:54,Paid Search,Google Ads,CMP-1004,Residential Treatment - Geo,Residential Programs,inpatient mental health treatment,inpatient mental health treatment,Broad,https://harborridge.example.test/admissions,UT,23.06,0,Google Ads,System-Observed
TOUCH-000188,,2026-05-19T18:46:52,Paid Search,Google Ads,CMP-1001,Behavioral Health - Brand,Admissions,residential treatment center,residential treatment center,Phrase,https://harborridge.example.test/admissions,NY,32.12,0,Google Ads,System-Observed
TOUCH-000189,,2026-05-27T13:26:26,Paid Search,Google Ads,CMP-1003,Detox Near Me - Geo,Family Support,residential treatment center,residential treatment center,Exact,https://harborridge.example.test/admissions,WA,33.64,0,Google Ads,System-Observed
TOUCH-000190,,2026-05-09T07:11:50,Paid Search,Google Ads,CMP-1005,Family Crisis - Non-Brand,Admissions,residential treatment center,residential treatment center,Phrase,https://harborridge.example.test/admissions,FL,17.17,0,Google Ads,System-Observed
TOUCH-000191,,2026-05-03T19:45:14,Paid Search,Google Ads,CMP-1001,Behavioral Health - Brand,Admissions,inpatient mental health treatment,inpatient mental health treatment,Exact,https://harborridge.example.test/admissions,AZ,14.8,0,Google Ads,System-Observed
TOUCH-000192,,2026-05-01T11:39:09,Paid Search,Google Ads,CMP-1003,Detox Near Me - Geo,Family Support,residential treatment center,residential treatment center,Broad,https://harborridge.example.test/admissions,UT,20.04,0,Google Ads,System-Observed
TOUCH-000193,,2026-05-15T08:01:48,Paid Search,Google Ads,CMP-1005,Family Crisis - Non-Brand,Residential Programs,behavioral health treatment near me,behavioral health treatment near me,Broad,https://harborridge.example.test/admissions,TX,23.81,0,Google Ads,System-Observed
TOUCH-000194,,2026-05-02T17:09:10,Paid Search,Google Ads,CMP-1001,Behavioral Health - Brand,Detox Programs,substance abuse treatment options,substance abuse treatment options,Exact,https://harborridge.example.test/admissions,NV,31.46,0,Google Ads,System-Observed
TOUCH-000195,,2026-05-31T13:26:19,Paid Search,Google Ads,CMP-1002,Behavioral Health - Non-Brand,Family Support,detox center near me,detox center near me,Exact,https://harborridge.example.test/admissions,NY,35.75,0,Google Ads,System-Observed
TOUCH-000196,,2026-05-22T16:02:30,Paid Search,Google Ads,CMP-1003,Detox Near Me - Geo,Family Support,behavioral health treatment near me,behavioral health treatment near me,Exact,https://harborridge.example.test/admissions,NY,39.85,0,Google Ads,System-Observed
TOUCH-000197,,2026-05-13T14:21:51,Paid Search,Google Ads,CMP-1004,Residential Treatment - Geo,Admissions,detox center near me,detox center near me,Exact,https://harborridge.example.test/admissions,UT,32.36,0,Google Ads,System-Observed
TOUCH-000198,,2026-05-26T19:42:26,Paid Search,Google Ads,CMP-1003,Detox Near Me - Geo,Detox Programs,substance abuse treatment options,substance abuse treatment options,Exact,https://harborridge.example.test/admissions,TX,22.95,0,Google Ads,System-Observed
TOUCH-000199,,2026-05-11T20:39:42,Paid Search,Google Ads,CMP-1005,Family Crisis - Non-Brand,Family Support,behavioral health treatment near me,behavioral health treatment near me,Exact,https://harborridge.example.test/admissions,NV,24.04,0,Google Ads,System-Observed
TOUCH-000200,,2026-05-18T17:57:13,Paid Search,Google Ads,CMP-1001,Behavioral Health - Brand,Family Support,inpatient mental health treatment,inpatient mental health treatment,Broad,https://harborridge.example.test/admissions,WA,22.89,0,Google Ads,System-Observed
TOUCH-000201,,2026-05-14T18:35:57,Paid Search,Google Ads,CMP-1002,Behavioral Health - Non-Brand,Admissions,detox center near me,detox center near me,Phrase,https://harborridge.example.test/admissions,AZ,44.85,0,Google Ads,System-Observed
TOUCH-000202,,2026-05-07T12:03:35,Paid Search,Google Ads,CMP-1002,Behavioral Health - Non-Brand,Family Support,substance abuse treatment options,substance abuse treatment options,Phrase,https://harborridge.example.test/admissions,OR,34.53,0,Google Ads,System-Observed
TOUCH-000203,,2026-05-05T07:06:58,Paid Search,Google Ads,CMP-1001,Behavioral Health - Brand,Detox Programs,substance abuse treatment options,substance abuse treatment options,Phrase,https://harborridge.example.test/admissions,AZ,40.6,0,Google Ads,System-Observed
TOUCH-000204,,2026-05-23T07:05:30,Paid Search,Google Ads,CMP-1004,Residential Treatment - Geo,Detox Programs,detox center near me,detox center near me,Exact,https://harborridge.example.test/admissions,NV,18.81,0,Google Ads,System-Observed
TOUCH-000205,,2026-05-02T15:54:32,Paid Search,Google Ads,CMP-1005,Family Crisis - Non-Brand,Detox Programs,family intervention help,family intervention help,Exact,https://harborridge.example.test/admissions,FL,26.78,0,Google Ads,System-Observed
TOUCH-000206,,2026-05-11T16:43:29,Paid Search,Google Ads,CMP-1005,Family Crisis - Non-Brand,Admissions,substance abuse treatment options,substance abuse treatment options,Broad,https://harborridge.example.test/admissions,NY,14.33,0,Google Ads,System-Observed
TOUCH-000207,,2026-05-10T18:37:29,Paid Search,Google Ads,CMP-1004,Residential Treatment - Geo,Detox Programs,detox center near me,detox center near me,Phrase,https://harborridge.example.test/admissions,OR,21.46,0,Google Ads,System-Observed
TOUCH-000208,,2026-05-08T10:55:30,Paid Search,Google Ads,CMP-1001,Behavioral Health - Brand,Admissions,family intervention help,family intervention help,Phrase,https://harborridge.example.test/admissions,UT,41.99,0,Google Ads,System-Observed
TOUCH-000209,,2026-05-13T16:32:38,Paid Search,Google Ads,CMP-1005,Family Crisis - Non-Brand,Residential Programs,inpatient mental health treatment,inpatient mental health treatment,Broad,https://harborridge.example.test/admissions,TX,22.81,0,Google Ads,System-Observed
TOUCH-000210,,2026-05-13T14:49:52,Paid Search,Google Ads,CMP-1001,Behavioral Health - Brand,Family Support,substance abuse treatment options,substance abuse treatment options,Phrase,https://harborridge.example.test/admissions,FL,37.31,0,Google Ads,System-Observed
TOUCH-000211,,2026-05-01T17:12:29,Paid Search,Google Ads,CMP-1001,Behavioral Health - Brand,Detox Programs,inpatient mental health treatment,inpatient mental health treatment,Broad,https://harborridge.example.test/admissions,AZ,35.26,0,Google Ads,System-Observed
TOUCH-000212,,2026-05-20T11:07:06,Paid Search,Google Ads,CMP-1003,Detox Near Me - Geo,Admissions,residential treatment center,residential treatment center,Exact,https://harborridge.example.test/admissions,TX,18.25,0,Google Ads,System-Observed
TOUCH-000213,,2026-05-04T10:36:24,Paid Search,Google Ads,CMP-1003,Detox Near Me - Geo,Family Support,residential treatment center,residential treatment center,Broad,https://harborridge.example.test/admissions,CO,41.4,0,Google Ads,System-Observed
TOUCH-000214,,2026-05-19T10:36:31,Paid Search,Google Ads,CMP-1003,Detox Near Me - Geo,Family Support,substance abuse treatment options,substance abuse treatment options,Exact,https://harborridge.example.test/admissions,AZ,26.7,0,Google Ads,System-Observed
TOUCH-000215,,2026-05-26T16:22:48,Paid Search,Google Ads,CMP-1002,Behavioral Health - Non-Brand,Family Support,substance abuse treatment options,substance abuse treatment options,Broad,https://harborridge.example.test/admissions,CO,37.5,0,Google Ads,System-Observed
TOUCH-000216,,2026-05-21T19:33:07,Paid Search,Google Ads,CMP-1003,Detox Near Me - Geo,Admissions,inpatient mental health treatment,inpatient mental health treatment,Broad,https://harborridge.example.test/admissions,CA,19.64,0,Google Ads,System-Observed
TOUCH-000217,,2026-05-13T07:05:40,Paid Search,Google Ads,CMP-1005,Family Crisis - Non-Brand,Admissions,family intervention help,family intervention help,Phrase,https://harborridge.example.test/admissions,WA,25.2,0,Google Ads,System-Observed
TOUCH-000218,,2026-05-07T14:29:44,Paid Search,Google Ads,CMP-1002,Behavioral Health - Non-Brand,Family Support,family intervention help,family intervention help,Exact,https://harborridge.example.test/admissions,FL,26.28,0,Google Ads,System-Observed
TOUCH-000219,,2026-05-13T15:19:42,Paid Search,Google Ads,CMP-1001,Behavioral Health - Brand,Family Support,residential treatment center,residential treatment center,Exact,https://harborridge.example.test/admissions,NY,28.17,0,Google Ads,System-Observed
TOUCH-000220,,2026-05-03T19:18:45,Paid Search,Google Ads,CMP-1005,Family Crisis - Non-Brand,Detox Programs,behavioral health treatment near me,behavioral health treatment near me,Broad,https://harborridge.example.test/admissions,UT,14.82,0,Google Ads,System-Observed
TOUCH-000221,,2026-05-07T07:51:00,Paid Search,Google Ads,CMP-1001,Behavioral Health - Brand,Detox Programs,detox center near me,detox center near me,Broad,https://harborridge.example.test/admissions,CO,43.33,0,Google Ads,System-Observed
TOUCH-000222,,2026-05-02T20:36:08,Paid Search,Google Ads,CMP-1004,Residential Treatment - Geo,Residential Programs,inpatient mental health treatment,inpatient mental health treatment,Exact,https://harborridge.example.test/admissions,WA,28.51,0,Google Ads,System-Observed
TOUCH-000223,,2026-05-13T16:50:01,Paid Search,Google Ads,CMP-1001,Behavioral Health - Brand,Family Support,family intervention help,family intervention help,Exact,https://harborridge.example.test/admissions,FL,30.79,0,Google Ads,System-Observed
TOUCH-000224,,2026-05-17T11:12:37,Paid Search,Google Ads,CMP-1004,Residential Treatment - Geo,Residential Programs,family intervention help,family intervention help,Broad,https://harborridge.example.test/admissions,AZ,19.83,0,Google Ads,System-Observed
TOUCH-000225,,2026-05-09T11:51:19,Paid Search,Google Ads,CMP-1004,Residential Treatment - Geo,Admissions,behavioral health treatment near me,behavioral health treatment near me,Broad,https://harborridge.example.test/admissions,NY,16.59,0,Google Ads,System-Observed
TOUCH-000226,,2026-05-01T19:01:15,Paid Search,Google Ads,CMP-1003,Detox Near Me - Geo,Detox Programs,behavioral health treatment near me,behavioral health treatment near me,Phrase,https://harborridge.example.test/admissions,AZ,31.89,0,Google Ads,System-Observed
TOUCH-000227,,2026-05-08T13:11:13,Paid Search,Google Ads,CMP-1005,Family Crisis - Non-Brand,Detox Programs,substance abuse treatment options,substance abuse treatment options,Broad,https://harborridge.example.test/admissions,CA,42.34,0,Google Ads,System-Observed
TOUCH-000228,,2026-05-30T19:46:16,Paid Search,Google Ads,CMP-1003,Detox Near Me - Geo,Family Support,detox center near me,detox center near me,Phrase,https://harborridge.example.test/admissions,TX,41.38,0,Google Ads,System-Observed
TOUCH-000229,,2026-05-27T10:55:43,Paid Search,Google Ads,CMP-1005,Family Crisis - Non-Brand,Residential Programs,substance abuse treatment options,substance abuse treatment options,Exact,https://harborridge.example.test/admissions,OR,27.32,0,Google Ads,System-Observed
TOUCH-000230,,2026-05-09T17:09:09,Paid Search,Google Ads,CMP-1002,Behavioral Health - Non-Brand,Detox Programs,inpatient mental health treatment,inpatient mental health treatment,Exact,https://harborridge.example.test/admissions,CA,42.9,0,Google Ads,System-Observed
TOUCH-000231,,2026-05-30T09:42:10,Paid Search,Google Ads,CMP-1003,Detox Near Me - Geo,Detox Programs,family intervention help,family intervention help,Exact,https://harborridge.example.test/admissions,WA,16.34,0,Google Ads,System-Observed
TOUCH-000232,,2026-05-15T11:25:48,Paid Search,Google Ads,CMP-1005,Family Crisis - Non-Brand,Admissions,residential treatment center,residential treatment center,Phrase,https://harborridge.example.test/admissions,AZ,27.69,0,Google Ads,System-Observed
TOUCH-000233,,2026-05-02T14:34:46,Paid Search,Google Ads,CMP-1003,Detox Near Me - Geo,Detox Programs,family intervention help,family intervention help,Exact,https://harborridge.example.test/admissions,NY,42.91,0,Google Ads,System-Observed
TOUCH-000234,,2026-05-02T12:56:44,Paid Search,Google Ads,CMP-1004,Residential Treatment - Geo,Detox Programs,family intervention help,family intervention help,Broad,https://harborridge.example.test/admissions,NV,24.7,0,Google Ads,System-Observed
TOUCH-000235,,2026-05-02T13:14:20,Paid Search,Google Ads,CMP-1003,Detox Near Me - Geo,Admissions,family intervention help,family intervention help,Phrase,https://harborridge.example.test/admissions,CO,17.89,0,Google Ads,System-Observed
TOUCH-000236,,2026-05-06T07:39:27,Paid Search,Google Ads,CMP-1003,Detox Near Me - Geo,Admissions,detox center near me,detox center near me,Broad,https://harborridge.example.test/admissions,UT,36.1,0,Google Ads,System-Observed
TOUCH-000237,,2026-05-26T20:09:30,Paid Search,Google Ads,CMP-1005,Family Crisis - Non-Brand,Residential Programs,inpatient mental health treatment,inpatient mental health treatment,Broad,https://harborridge.example.test/admissions,TX,24.89,0,Google Ads,System-Observed
TOUCH-000238,,2026-05-25T10:47:00,Paid Search,Google Ads,CMP-1001,Behavioral Health - Brand,Admissions,behavioral health treatment near me,behavioral health treatment near me,Exact,https://harborridge.example.test/admissions,CA,32.75,0,Google Ads,System-Observed
TOUCH-000239,,2026-05-31T09:01:29,Paid Search,Google Ads,CMP-1003,Detox Near Me - Geo,Admissions,substance abuse treatment options,substance abuse treatment options,Exact,https://harborridge.example.test/admissions,FL,41.81,0,Google Ads,System-Observed
TOUCH-000240,,2026-05-21T16:06:41,Paid Search,Google Ads,CMP-1004,Residential Treatment - Geo,Admissions,substance abuse treatment options,substance abuse treatment options,Exact,https://harborridge.example.test/admissions,WA,25.17,0,Google Ads,System-Observed
TOUCH-000241,,2026-05-05T12:57:51,Paid Search,Google Ads,CMP-1004,Residential Treatment - Geo,Detox Programs,substance abuse treatment options,substance abuse treatment options,Phrase,https://harborridge.example.test/admissions,NV,36.85,0,Google Ads,System-Observed
TOUCH-000242,,2026-05-08T14:29:25,Paid Search,Google Ads,CMP-1002,Behavioral Health - Non-Brand,Admissions,residential treatment center,residential treatment center,Phrase,https://harborridge.example.test/admissions,FL,39.09,0,Google Ads,System-Observed
TOUCH-000243,,2026-05-24T20:35:56,Paid Search,Google Ads,CMP-1005,Family Crisis - Non-Brand,Family Support,inpatient mental health treatment,inpatient mental health treatment,Phrase,https://harborridge.example.test/admissions,OR,18.44,0,Google Ads,System-Observed
TOUCH-000244,,2026-05-27T20:10:14,Paid Search,Google Ads,CMP-1002,Behavioral Health - Non-Brand,Residential Programs,substance abuse treatment options,substance abuse treatment options,Phrase,https://harborridge.example.test/admissions,AZ,16.57,0,Google Ads,System-Observed
TOUCH-000245,,2026-05-24T16:12:15,Paid Search,Google Ads,CMP-1002,Behavioral Health - Non-Brand,Detox Programs,residential treatment center,residential treatment center,Exact,https://harborridge.example.test/admissions,CO,43.18,0,Google Ads,System-Observed
TOUCH-000246,,2026-05-06T18:56:24,Paid Search,Google Ads,CMP-1004,Residential Treatment - Geo,Detox Programs,detox center near me,detox center near me,Exact,https://harborridge.example.test/admissions,AZ,15.82,0,Google Ads,System-Observed
TOUCH-000247,,2026-05-02T15:54:52,Paid Search,Google Ads,CMP-1001,Behavioral Health - Brand,Admissions,inpatient mental health treatment,inpatient mental health treatment,Exact,https://harborridge.example.test/admissions,NV,41.04,0,Google Ads,System-Observed
TOUCH-000248,,2026-05-03T08:53:28,Paid Search,Google Ads,CMP-1001,Behavioral Health - Brand,Detox Programs,inpatient mental health treatment,inpatient mental health treatment,Exact,https://harborridge.example.test/admissions,CO,14.04,0,Google Ads,System-Observed
TOUCH-000249,,2026-05-25T11:26:14,Paid Search,Google Ads,CMP-1002,Behavioral Health - Non-Brand,Admissions,detox center near me,detox center near me,Phrase,https://harborridge.example.test/admissions,AZ,29.39,0,Google Ads,System-Observed
TOUCH-000250,,2026-05-02T20:24:57,Paid Search,Google Ads,CMP-1003,Detox Near Me - Geo,Family Support,residential treatment center,residential treatment center,Phrase,https://harborridge.example.test/admissions,CO,42.76,0,Google Ads,System-Observed
TOUCH-000251,,2026-05-28T19:35:45,Paid Search,Google Ads,CMP-1005,Family Crisis - Non-Brand,Admissions,behavioral health treatment near me,behavioral health treatment near me,Exact,https://harborridge.example.test/admissions,CA,42.6,0,Google Ads,System-Observed
TOUCH-000252,,2026-05-23T12:33:37,Paid Search,Google Ads,CMP-1001,Behavioral Health - Brand,Detox Programs,behavioral health treatment near me,behavioral health treatment near me,Broad,https://harborridge.example.test/admissions,OR,39.05,0,Google Ads,System-Observed
TOUCH-000253,,2026-05-06T13:14:01,Paid Search,Google Ads,CMP-1005,Family Crisis - Non-Brand,Residential Programs,residential treatment center,residential treatment center,Broad,https://harborridge.example.test/admissions,WA,31.91,0,Google Ads,System-Observed
TOUCH-000254,,2026-05-14T20:49:12,Paid Search,Google Ads,CMP-1001,Behavioral Health - Brand,Family Support,residential treatment center,residential treatment center,Phrase,https://harborridge.example.test/admissions,CO,31.71,0,Google Ads,System-Observed
TOUCH-000255,,2026-05-01T18:45:34,Paid Search,Google Ads,CMP-1002,Behavioral Health - Non-Brand,Detox Programs,family intervention help,family intervention help,Broad,https://harborridge.example.test/admissions,NY,14.26,0,Google Ads,System-Observed
TOUCH-000256,,2026-05-07T14:50:08,Paid Search,Google Ads,CMP-1002,Behavioral Health - Non-Brand,Admissions,inpatient mental health treatment,inpatient mental health treatment,Phrase,https://harborridge.example.test/admissions,AZ,23.95,0,Google Ads,System-Observed
TOUCH-000257,,2026-05-08T19:49:53,Paid Search,Google Ads,CMP-1005,Family Crisis - Non-Brand,Detox Programs,family intervention help,family intervention help,Broad,https://harborridge.example.test/admissions,WA,20.13,0,Google Ads,System-Observed
TOUCH-000258,,2026-05-10T18:36:03,Paid Search,Google Ads,CMP-1005,Family Crisis - Non-Brand,Family Support,detox center near me,detox center near me,Phrase,https://harborridge.example.test/admissions,CO,29.33,0,Google Ads,System-Observed
TOUCH-000259,,2026-05-02T17:24:50,Paid Search,Google Ads,CMP-1002,Behavioral Health - Non-Brand,Family Support,detox center near me,detox center near me,Exact,https://harborridge.example.test/admissions,NV,17.05,0,Google Ads,System-Observed
TOUCH-000260,,2026-05-31T15:53:47,Paid Search,Google Ads,CMP-1004,Residential Treatment - Geo,Family Support,behavioral health treatment near me,behavioral health treatment near me,Exact,https://harborridge.example.test/admissions,NY,18.26,0,Google Ads,System-Observed
TOUCH-000261,,2026-05-26T10:07:33,Paid Search,Google Ads,CMP-1003,Detox Near Me - Geo,Admissions,residential treatment center,residential treatment center,Exact,https://harborridge.example.test/admissions,CA,31.74,0,Google Ads,System-Observed
TOUCH-000262,,2026-05-04T18:26:52,Paid Search,Google Ads,CMP-1003,Detox Near Me - Geo,Admissions,inpatient mental health treatment,inpatient mental health treatment,Phrase,https://harborridge.example.test/admissions,OR,24.05,0,Google Ads,System-Observed
TOUCH-000263,,2026-05-30T19:44:15,Paid Search,Google Ads,CMP-1005,Family Crisis - Non-Brand,Residential Programs,inpatient mental health treatment,inpatient mental health treatment,Exact,https://harborridge.example.test/admissions,NY,44.41,0,Google Ads,System-Observed
TOUCH-000264,,2026-05-07T09:23:51,Paid Search,Google Ads,CMP-1002,Behavioral Health - Non-Brand,Admissions,substance abuse treatment options,substance abuse treatment options,Phrase,https://harborridge.example.test/admissions,NY,34.76,0,Google Ads,System-Observed
TOUCH-000265,,2026-05-21T16:11:34,Paid Search,Google Ads,CMP-1003,Detox Near Me - Geo,Family Support,inpatient mental health treatment,inpatient mental health treatment,Broad,https://harborridge.example.test/admissions,NV,16.78,0,Google Ads,System-Observed
TOUCH-000266,,2026-05-22T19:51:32,Paid Search,Google Ads,CMP-1001,Behavioral Health - Brand,Admissions,behavioral health treatment near me,behavioral health treatment near me,Phrase,https://harborridge.example.test/admissions,TX,38.95,0,Google Ads,System-Observed
TOUCH-000267,,2026-05-30T15:44:35,Paid Search,Google Ads,CMP-1001,Behavioral Health - Brand,Residential Programs,behavioral health treatment near me,behavioral health treatment near me,Broad,https://harborridge.example.test/admissions,NV,26.33,0,Google Ads,System-Observed
TOUCH-000268,,2026-05-20T19:24:40,Paid Search,Google Ads,CMP-1005,Family Crisis - Non-Brand,Residential Programs,substance abuse treatment options,substance abuse treatment options,Exact,https://harborridge.example.test/admissions,WA,21.93,0,Google Ads,System-Observed
TOUCH-000269,,2026-05-21T09:57:09,Paid Search,Google Ads,CMP-1001,Behavioral Health - Brand,Family Support,residential treatment center,residential treatment center,Phrase,https://harborridge.example.test/admissions,NY,21.93,0,Google Ads,System-Observed
TOUCH-000270,,2026-05-02T07:36:11,Paid Search,Google Ads,CMP-1001,Behavioral Health - Brand,Admissions,detox center near me,detox center near me,Exact,https://harborridge.example.test/admissions,WA,41.77,0,Google Ads,System-Observed
TOUCH-000271,,2026-05-29T18:47:16,Paid Search,Google Ads,CMP-1004,Residential Treatment - Geo,Residential Programs,inpatient mental health treatment,inpatient mental health treatment,Exact,https://harborridge.example.test/admissions,WA,21.65,0,Google Ads,System-Observed
TOUCH-000272,,2026-05-26T19:05:18,Paid Search,Google Ads,CMP-1004,Residential Treatment - Geo,Residential Programs,behavioral health treatment near me,behavioral health treatment near me,Broad,https://harborridge.example.test/admissions,WA,19.78,0,Google Ads,System-Observed
TOUCH-000273,,2026-05-16T17:12:22,Paid Search,Google Ads,CMP-1005,Family Crisis - Non-Brand,Residential Programs,substance abuse treatment options,substance abuse treatment options,Phrase,https://harborridge.example.test/admissions,NY,16.36,0,Google Ads,System-Observed
TOUCH-000274,,2026-05-13T20:45:35,Paid Search,Google Ads,CMP-1001,Behavioral Health - Brand,Residential Programs,behavioral health treatment near me,behavioral health treatment near me,Phrase,https://harborridge.example.test/admissions,WA,32.5,0,Google Ads,System-Observed
TOUCH-000275,,2026-05-07T09:48:34,Paid Search,Google Ads,CMP-1002,Behavioral Health - Non-Brand,Admissions,residential treatment center,residential treatment center,Exact,https://harborridge.example.test/admissions,OR,38.78,0,Google Ads,System-Observed
TOUCH-000276,,2026-05-29T10:07:32,Paid Search,Google Ads,CMP-1004,Residential Treatment - Geo,Admissions,detox center near me,detox center near me,Phrase,https://harborridge.example.test/admissions,AZ,27.07,0,Google Ads,System-Observed
TOUCH-000277,,2026-05-27T20:54:28,Paid Search,Google Ads,CMP-1001,Behavioral Health - Brand,Detox Programs,substance abuse treatment options,substance abuse treatment options,Exact,https://harborridge.example.test/admissions,WA,15.67,0,Google Ads,System-Observed
TOUCH-000278,,2026-05-10T11:04:44,Paid Search,Google Ads,CMP-1003,Detox Near Me - Geo,Family Support,behavioral health treatment near me,behavioral health treatment near me,Phrase,https://harborridge.example.test/admissions,CA,14.21,0,Google Ads,System-Observed
TOUCH-000279,,2026-05-28T15:05:47,Paid Search,Google Ads,CMP-1004,Residential Treatment - Geo,Admissions,behavioral health treatment near me,behavioral health treatment near me,Phrase,https://harborridge.example.test/admissions,AZ,21.55,0,Google Ads,System-Observed
TOUCH-000280,,2026-05-03T20:56:28,Paid Search,Google Ads,CMP-1002,Behavioral Health - Non-Brand,Admissions,behavioral health treatment near me,behavioral health treatment near me,Broad,https://harborridge.example.test/admissions,NY,17.06,0,Google Ads,System-Observed
TOUCH-000281,,2026-05-23T08:08:50,Paid Search,Google Ads,CMP-1002,Behavioral Health - Non-Brand,Detox Programs,detox center near me,detox center near me,Phrase,https://harborridge.example.test/admissions,CA,21.39,0,Google Ads,System-Observed
TOUCH-000282,,2026-05-04T14:19:47,Paid Search,Google Ads,CMP-1002,Behavioral Health - Non-Brand,Detox Programs,behavioral health treatment near me,behavioral health treatment near me,Phrase,https://harborridge.example.test/admissions,UT,20.17,0,Google Ads,System-Observed
TOUCH-000283,,2026-05-01T16:44:18,Paid Search,Google Ads,CMP-1001,Behavioral Health - Brand,Residential Programs,residential treatment center,residential treatment center,Phrase,https://harborridge.example.test/admissions,CA,21.09,0,Google Ads,System-Observed
TOUCH-000284,,2026-05-04T11:09:30,Paid Search,Google Ads,CMP-1001,Behavioral Health - Brand,Residential Programs,inpatient mental health treatment,inpatient mental health treatment,Phrase,https://harborridge.example.test/admissions,TX,22.62,0,Google Ads,System-Observed
TOUCH-000285,,2026-05-12T16:59:07,Paid Search,Google Ads,CMP-1005,Family Crisis - Non-Brand,Admissions,inpatient mental health treatment,inpatient mental health treatment,Broad,https://harborridge.example.test/admissions,WA,37.83,0,Google Ads,System-Observed
TOUCH-000286,,2026-05-02T11:27:30,Paid Search,Google Ads,CMP-1005,Family Crisis - Non-Brand,Residential Programs,residential treatment center,residential treatment center,Exact,https://harborridge.example.test/admissions,UT,31.86,0,Google Ads,System-Observed
TOUCH-000287,,2026-05-01T08:18:03,Paid Search,Google Ads,CMP-1001,Behavioral Health - Brand,Detox Programs,family intervention help,family intervention help,Broad,https://harborridge.example.test/admissions,NY,27.95,0,Google Ads,System-Observed
TOUCH-000288,,2026-05-28T14:06:46,Paid Search,Google Ads,CMP-1004,Residential Treatment - Geo,Residential Programs,residential treatment center,residential treatment center,Exact,https://harborridge.example.test/admissions,NV,29.29,0,Google Ads,System-Observed
TOUCH-000289,,2026-05-13T08:07:53,Paid Search,Google Ads,CMP-1004,Residential Treatment - Geo,Residential Programs,substance abuse treatment options,substance abuse treatment options,Phrase,https://harborridge.example.test/admissions,NY,29.46,0,Google Ads,System-Observed
TOUCH-000290,,2026-05-23T15:52:14,Paid Search,Google Ads,CMP-1004,Residential Treatment - Geo,Admissions,inpatient mental health treatment,inpatient mental health treatment,Exact,https://harborridge.example.test/admissions,CA,33.76,0,Google Ads,System-Observed
TOUCH-000291,,2026-05-09T17:27:57,Paid Search,Google Ads,CMP-1004,Residential Treatment - Geo,Residential Programs,behavioral health treatment near me,behavioral health treatment near me,Broad,https://harborridge.example.test/admissions,WA,23.56,0,Google Ads,System-Observed
TOUCH-000292,,2026-05-12T11:05:08,Paid Search,Google Ads,CMP-1002,Behavioral Health - Non-Brand,Residential Programs,detox center near me,detox center near me,Exact,https://harborridge.example.test/admissions,CA,22.54,0,Google Ads,System-Observed
TOUCH-000293,,2026-05-18T09:16:09,Paid Search,Google Ads,CMP-1001,Behavioral Health - Brand,Admissions,residential treatment center,residential treatment center,Phrase,https://harborridge.example.test/admissions,OR,41.5,0,Google Ads,System-Observed
TOUCH-000294,,2026-05-13T08:42:23,Paid Search,Google Ads,CMP-1005,Family Crisis - Non-Brand,Admissions,detox center near me,detox center near me,Exact,https://harborridge.example.test/admissions,OR,23.15,0,Google Ads,System-Observed
TOUCH-000295,,2026-05-30T07:52:51,Paid Search,Google Ads,CMP-1004,Residential Treatment - Geo,Residential Programs,detox center near me,detox center near me,Exact,https://harborridge.example.test/admissions,CA,29.74,0,Google Ads,System-Observed
TOUCH-000296,,2026-05-20T10:29:51,Paid Search,Google Ads,CMP-1001,Behavioral Health - Brand,Detox Programs,inpatient mental health treatment,inpatient mental health treatment,Phrase,https://harborridge.example.test/admissions,AZ,19.5,0,Google Ads,System-Observed
TOUCH-000297,,2026-05-24T09:55:41,Paid Search,Google Ads,CMP-1002,Behavioral Health - Non-Brand,Admissions,family intervention help,family intervention help,Broad,https://harborridge.example.test/admissions,OR,44.84,0,Google Ads,System-Observed
TOUCH-000298,,2026-05-08T07:24:55,Paid Search,Google Ads,CMP-1002,Behavioral Health - Non-Brand,Detox Programs,family intervention help,family intervention help,Phrase,https://harborridge.example.test/admissions,CO,32.05,0,Google Ads,System-Observed
TOUCH-000299,,2026-05-19T18:47:21,Paid Search,Google Ads,CMP-1003,Detox Near Me - Geo,Family Support,family intervention help,family intervention help,Exact,https://harborridge.example.test/admissions,CA,39.82,0,Google Ads,System-Observed
TOUCH-000300,,2026-05-11T10:46:15,Paid Search,Google Ads,CMP-1001,Behavioral Health - Brand,Admissions,family intervention help,family intervention help,Phrase,https://harborridge.example.test/admissions,NY,33.61,0,Google Ads,System-Observed
TOUCH-000301,,2026-05-11T17:53:10,Paid Search,Google Ads,CMP-1005,Family Crisis - Non-Brand,Family Support,substance abuse treatment options,substance abuse treatment options,Broad,https://harborridge.example.test/admissions,CO,25.99,0,Google Ads,System-Observed
TOUCH-000302,,2026-05-05T16:13:13,Paid Search,Google Ads,CMP-1001,Behavioral Health - Brand,Residential Programs,detox center near me,detox center near me,Broad,https://harborridge.example.test/admissions,FL,30.07,0,Google Ads,System-Observed
TOUCH-000303,,2026-05-05T16:14:02,Paid Search,Google Ads,CMP-1004,Residential Treatment - Geo,Family Support,inpatient mental health treatment,inpatient mental health treatment,Exact,https://harborridge.example.test/admissions,UT,41.63,0,Google Ads,System-Observed
TOUCH-000304,,2026-05-08T14:25:05,Paid Search,Google Ads,CMP-1003,Detox Near Me - Geo,Residential Programs,family intervention help,family intervention help,Exact,https://harborridge.example.test/admissions,UT,29.59,0,Google Ads,System-Observed
TOUCH-000305,,2026-05-05T07:31:14,Paid Search,Google Ads,CMP-1001,Behavioral Health - Brand,Residential Programs,substance abuse treatment options,substance abuse treatment options,Phrase,https://harborridge.example.test/admissions,NV,25.9,0,Google Ads,System-Observed
TOUCH-000306,,2026-05-28T07:47:44,Paid Search,Google Ads,CMP-1003,Detox Near Me - Geo,Admissions,residential treatment center,residential treatment center,Broad,https://harborridge.example.test/admissions,CO,22.93,0,Google Ads,System-Observed
TOUCH-000307,,2026-05-16T12:37:59,Paid Search,Google Ads,CMP-1003,Detox Near Me - Geo,Detox Programs,substance abuse treatment options,substance abuse treatment options,Exact,https://harborridge.example.test/admissions,TX,22.59,0,Google Ads,System-Observed
TOUCH-000308,,2026-05-23T14:05:50,Paid Search,Google Ads,CMP-1001,Behavioral Health - Brand,Detox Programs,inpatient mental health treatment,inpatient mental health treatment,Phrase,https://harborridge.example.test/admissions,CO,44.57,0,Google Ads,System-Observed
TOUCH-000309,,2026-05-03T15:00:03,Paid Search,Google Ads,CMP-1001,Behavioral Health - Brand,Admissions,behavioral health treatment near me,behavioral health treatment near me,Phrase,https://harborridge.example.test/admissions,CO,14.6,0,Google Ads,System-Observed
TOUCH-000310,,2026-05-19T12:16:11,Paid Search,Google Ads,CMP-1005,Family Crisis - Non-Brand,Residential Programs,detox center near me,detox center near me,Broad,https://harborridge.example.test/admissions,CA,44.43,0,Google Ads,System-Observed
TOUCH-000311,,2026-05-19T09:08:38,Paid Search,Google Ads,CMP-1001,Behavioral Health - Brand,Detox Programs,family intervention help,family intervention help,Phrase,https://harborridge.example.test/admissions,OR,41.69,0,Google Ads,System-Observed
TOUCH-000312,,2026-05-09T15:01:12,Paid Search,Google Ads,CMP-1004,Residential Treatment - Geo,Admissions,detox center near me,detox center near me,Exact,https://harborridge.example.test/admissions,OR,40.65,0,Google Ads,System-Observed
TOUCH-000313,,2026-05-21T12:56:56,Paid Search,Google Ads,CMP-1004,Residential Treatment - Geo,Detox Programs,inpatient mental health treatment,inpatient mental health treatment,Phrase,https://harborridge.example.test/admissions,FL,18.31,0,Google Ads,System-Observed
TOUCH-000314,,2026-05-29T17:54:52,Paid Search,Google Ads,CMP-1004,Residential Treatment - Geo,Family Support,substance abuse treatment options,substance abuse treatment options,Broad,https://harborridge.example.test/admissions,UT,18.07,0,Google Ads,System-Observed
TOUCH-000315,,2026-05-27T14:32:33,Paid Search,Google Ads,CMP-1003,Detox Near Me - Geo,Admissions,residential treatment center,residential treatment center,Broad,https://harborridge.example.test/admissions,TX,28.93,0,Google Ads,System-Observed
TOUCH-000316,,2026-05-14T13:28:57,Paid Search,Google Ads,CMP-1001,Behavioral Health - Brand,Residential Programs,residential treatment center,residential treatment center,Broad,https://harborridge.example.test/admissions,WA,41.61,0,Google Ads,System-Observed
TOUCH-000317,,2026-05-11T13:15:15,Paid Search,Google Ads,CMP-1001,Behavioral Health - Brand,Detox Programs,inpatient mental health treatment,inpatient mental health treatment,Phrase,https://harborridge.example.test/admissions,NY,35.4,0,Google Ads,System-Observed
TOUCH-000318,,2026-05-04T16:03:15,Paid Search,Google Ads,CMP-1001,Behavioral Health - Brand,Detox Programs,family intervention help,family intervention help,Exact,https://harborridge.example.test/admissions,OR,21.2,0,Google Ads,System-Observed
TOUCH-000319,,2026-05-25T18:46:04,Paid Search,Google Ads,CMP-1004,Residential Treatment - Geo,Detox Programs,substance abuse treatment options,substance abuse treatment options,Broad,https://harborridge.example.test/admissions,TX,17.03,0,Google Ads,System-Observed
TOUCH-000320,,2026-05-22T15:35:46,Paid Search,Google Ads,CMP-1005,Family Crisis - Non-Brand,Admissions,residential treatment center,residential treatment center,Broad,https://harborridge.example.test/admissions,NY,25.57,0,Google Ads,System-Observed
TOUCH-000321,,2026-05-31T15:27:09,Paid Search,Google Ads,CMP-1001,Behavioral Health - Brand,Detox Programs,detox center near me,detox center near me,Broad,https://harborridge.example.test/admissions,NV,20.22,0,Google Ads,System-Observed
TOUCH-000322,,2026-05-31T07:17:10,Paid Search,Google Ads,CMP-1005,Family Crisis - Non-Brand,Family Support,detox center near me,detox center near me,Broad,https://harborridge.example.test/admissions,TX,35.24,0,Google Ads,System-Observed
TOUCH-000323,,2026-05-27T10:56:06,Paid Search,Google Ads,CMP-1004,Residential Treatment - Geo,Admissions,behavioral health treatment near me,behavioral health treatment near me,Broad,https://harborridge.example.test/admissions,AZ,24.66,0,Google Ads,System-Observed
TOUCH-000324,,2026-05-23T07:27:02,Paid Search,Google Ads,CMP-1005,Family Crisis - Non-Brand,Residential Programs,substance abuse treatment options,substance abuse treatment options,Phrase,https://harborridge.example.test/admissions,WA,20.65,0,Google Ads,System-Observed
TOUCH-000325,,2026-05-26T10:43:29,Paid Search,Google Ads,CMP-1003,Detox Near Me - Geo,Admissions,inpatient mental health treatment,inpatient mental health treatment,Exact,https://harborridge.example.test/admissions,FL,39.96,0,Google Ads,System-Observed
TOUCH-000326,,2026-05-04T17:39:17,Paid Search,Google Ads,CMP-1005,Family Crisis - Non-Brand,Detox Programs,substance abuse treatment options,substance abuse treatment options,Phrase,https://harborridge.example.test/admissions,FL,25.05,0,Google Ads,System-Observed
TOUCH-000327,,2026-05-28T10:18:35,Paid Search,Google Ads,CMP-1001,Behavioral Health - Brand,Detox Programs,behavioral health treatment near me,behavioral health treatment near me,Phrase,https://harborridge.example.test/admissions,CA,14.06,0,Google Ads,System-Observed
TOUCH-000328,,2026-05-09T18:11:34,Paid Search,Google Ads,CMP-1001,Behavioral Health - Brand,Residential Programs,detox center near me,detox center near me,Broad,https://harborridge.example.test/admissions,WA,16.69,0,Google Ads,System-Observed
TOUCH-000329,,2026-05-20T19:30:59,Paid Search,Google Ads,CMP-1002,Behavioral Health - Non-Brand,Detox Programs,behavioral health treatment near me,behavioral health treatment near me,Phrase,https://harborridge.example.test/admissions,CO,18.24,0,Google Ads,System-Observed
TOUCH-000330,,2026-05-18T16:37:37,Paid Search,Google Ads,CMP-1003,Detox Near Me - Geo,Detox Programs,family intervention help,family intervention help,Exact,https://harborridge.example.test/admissions,FL,36.06,0,Google Ads,System-Observed
TOUCH-000331,,2026-05-19T17:34:02,Paid Search,Google Ads,CMP-1005,Family Crisis - Non-Brand,Detox Programs,detox center near me,detox center near me,Phrase,https://harborridge.example.test/admissions,OR,33.05,0,Google Ads,System-Observed
TOUCH-000332,,2026-05-05T18:34:47,Paid Search,Google Ads,CMP-1003,Detox Near Me - Geo,Admissions,residential treatment center,residential treatment center,Broad,https://harborridge.example.test/admissions,OR,37.5,0,Google Ads,System-Observed
TOUCH-000333,,2026-05-28T14:04:06,Paid Search,Google Ads,CMP-1002,Behavioral Health - Non-Brand,Admissions,family intervention help,family intervention help,Broad,https://harborridge.example.test/admissions,CA,36.2,0,Google Ads,System-Observed
TOUCH-000334,,2026-05-17T10:57:44,Paid Search,Google Ads,CMP-1003,Detox Near Me - Geo,Admissions,detox center near me,detox center near me,Broad,https://harborridge.example.test/admissions,NV,32.68,0,Google Ads,System-Observed
TOUCH-000335,,2026-05-19T12:14:46,Paid Search,Google Ads,CMP-1002,Behavioral Health - Non-Brand,Detox Programs,inpatient mental health treatment,inpatient mental health treatment,Broad,https://harborridge.example.test/admissions,TX,26.94,0,Google Ads,System-Observed
TOUCH-000336,,2026-05-09T13:27:36,Paid Search,Google Ads,CMP-1002,Behavioral Health - Non-Brand,Family Support,substance abuse treatment options,substance abuse treatment options,Exact,https://harborridge.example.test/admissions,OR,26.65,0,Google Ads,System-Observed
TOUCH-000337,,2026-05-01T15:17:24,Paid Search,Google Ads,CMP-1002,Behavioral Health - Non-Brand,Admissions,detox center near me,detox center near me,Exact,https://harborridge.example.test/admissions,NV,14.36,0,Google Ads,System-Observed
TOUCH-000338,,2026-05-13T13:05:25,Paid Search,Google Ads,CMP-1004,Residential Treatment - Geo,Family Support,residential treatment center,residential treatment center,Phrase,https://harborridge.example.test/admissions,NY,23.62,0,Google Ads,System-Observed
TOUCH-000339,,2026-05-09T12:07:07,Paid Search,Google Ads,CMP-1001,Behavioral Health - Brand,Admissions,detox center near me,detox center near me,Phrase,https://harborridge.example.test/admissions,FL,15.82,0,Google Ads,System-Observed
TOUCH-000340,,2026-05-10T15:55:24,Paid Search,Google Ads,CMP-1003,Detox Near Me - Geo,Admissions,substance abuse treatment options,substance abuse treatment options,Phrase,https://harborridge.example.test/admissions,WA,32.16,0,Google Ads,System-Observed
TOUCH-000341,,2026-05-12T07:16:28,Paid Search,Google Ads,CMP-1001,Behavioral Health - Brand,Admissions,inpatient mental health treatment,inpatient mental health treatment,Phrase,https://harborridge.example.test/admissions,FL,37.26,0,Google Ads,System-Observed
TOUCH-000342,,2026-05-03T19:22:53,Paid Search,Google Ads,CMP-1003,Detox Near Me - Geo,Admissions,family intervention help,family intervention help,Phrase,https://harborridge.example.test/admissions,NY,41.9,0,Google Ads,System-Observed
TOUCH-000343,,2026-05-06T16:49:29,Paid Search,Google Ads,CMP-1004,Residential Treatment - Geo,Detox Programs,inpatient mental health treatment,inpatient mental health treatment,Exact,https://harborridge.example.test/admissions,UT,21.13,0,Google Ads,System-Observed
TOUCH-000344,,2026-05-18T16:59:33,Paid Search,Google Ads,CMP-1003,Detox Near Me - Geo,Admissions,family intervention help,family intervention help,Broad,https://harborridge.example.test/admissions,CA,38.88,0,Google Ads,System-Observed
TOUCH-000345,,2026-05-17T10:35:58,Paid Search,Google Ads,CMP-1003,Detox Near Me - Geo,Admissions,detox center near me,detox center near me,Exact,https://harborridge.example.test/admissions,AZ,28.75,0,Google Ads,System-Observed
TOUCH-000346,,2026-05-01T19:51:19,Paid Search,Google Ads,CMP-1003,Detox Near Me - Geo,Residential Programs,behavioral health treatment near me,behavioral health treatment near me,Phrase,https://harborridge.example.test/admissions,AZ,17.54,0,Google Ads,System-Observed
TOUCH-000347,,2026-05-08T07:45:24,Paid Search,Google Ads,CMP-1001,Behavioral Health - Brand,Residential Programs,substance abuse treatment options,substance abuse treatment options,Exact,https://harborridge.example.test/admissions,UT,25.95,0,Google Ads,System-Observed
TOUCH-000348,,2026-05-24T17:18:42,Paid Search,Google Ads,CMP-1002,Behavioral Health - Non-Brand,Detox Programs,family intervention help,family intervention help,Phrase,https://harborridge.example.test/admissions,TX,33.89,0,Google Ads,System-Observed
TOUCH-000349,,2026-05-18T14:16:28,Paid Search,Google Ads,CMP-1005,Family Crisis - Non-Brand,Residential Programs,inpatient mental health treatment,inpatient mental health treatment,Exact,https://harborridge.example.test/admissions,CO,16.79,0,Google Ads,System-Observed
TOUCH-000350,,2026-05-12T12:02:45,Paid Search,Google Ads,CMP-1001,Behavioral Health - Brand,Residential Programs,family intervention help,family intervention help,Broad,https://harborridge.example.test/admissions,FL,14.33,0,Google Ads,System-Observed
TOUCH-000351,,2026-05-29T14:56:06,Paid Search,Google Ads,CMP-1001,Behavioral Health - Brand,Family Support,residential treatment center,residential treatment center,Broad,https://harborridge.example.test/admissions,WA,24.08,0,Google Ads,System-Observed
TOUCH-000352,,2026-05-07T10:04:08,Paid Search,Google Ads,CMP-1002,Behavioral Health - Non-Brand,Residential Programs,family intervention help,family intervention help,Phrase,https://harborridge.example.test/admissions,WA,15.43,0,Google Ads,System-Observed
TOUCH-000353,,2026-05-20T08:59:00,Paid Search,Google Ads,CMP-1001,Behavioral Health - Brand,Residential Programs,residential treatment center,residential treatment center,Phrase,https://harborridge.example.test/admissions,TX,18.16,0,Google Ads,System-Observed
TOUCH-000354,,2026-05-15T11:01:04,Paid Search,Google Ads,CMP-1002,Behavioral Health - Non-Brand,Admissions,residential treatment center,residential treatment center,Broad,https://harborridge.example.test/admissions,NY,35.1,0,Google Ads,System-Observed
TOUCH-000355,,2026-05-14T11:12:23,Paid Search,Google Ads,CMP-1002,Behavioral Health - Non-Brand,Admissions,substance abuse treatment options,substance abuse treatment options,Broad,https://harborridge.example.test/admissions,UT,30.86,0,Google Ads,System-Observed
TOUCH-000356,,2026-05-27T11:10:31,Paid Search,Google Ads,CMP-1003,Detox Near Me - Geo,Residential Programs,residential treatment center,residential treatment center,Phrase,https://harborridge.example.test/admissions,CO,23.86,0,Google Ads,System-Observed
TOUCH-000357,,2026-05-11T12:48:03,Paid Search,Google Ads,CMP-1002,Behavioral Health - Non-Brand,Admissions,detox center near me,detox center near me,Broad,https://harborridge.example.test/admissions,CA,35.46,0,Google Ads,System-Observed
TOUCH-000358,,2026-05-29T09:17:26,Paid Search,Google Ads,CMP-1001,Behavioral Health - Brand,Residential Programs,behavioral health treatment near me,behavioral health treatment near me,Exact,https://harborridge.example.test/admissions,NV,22.28,0,Google Ads,System-Observed
TOUCH-000359,,2026-05-26T17:37:51,Paid Search,Google Ads,CMP-1005,Family Crisis - Non-Brand,Detox Programs,residential treatment center,residential treatment center,Phrase,https://harborridge.example.test/admissions,CA,36.96,0,Google Ads,System-Observed
TOUCH-000360,,2026-05-28T14:17:26,Paid Search,Google Ads,CMP-1002,Behavioral Health - Non-Brand,Family Support,residential treatment center,residential treatment center,Broad,https://harborridge.example.test/admissions,CA,23.15,0,Google Ads,System-Observed
TOUCH-000361,,2026-05-21T10:11:25,Paid Search,Google Ads,CMP-1001,Behavioral Health - Brand,Residential Programs,inpatient mental health treatment,inpatient mental health treatment,Phrase,https://harborridge.example.test/admissions,TX,33.17,0,Google Ads,System-Observed
TOUCH-000362,,2026-05-07T20:15:27,Paid Search,Google Ads,CMP-1002,Behavioral Health - Non-Brand,Admissions,inpatient mental health treatment,inpatient mental health treatment,Broad,https://harborridge.example.test/admissions,WA,41.2,0,Google Ads,System-Observed
TOUCH-000363,,2026-05-09T10:26:26,Paid Search,Google Ads,CMP-1005,Family Crisis - Non-Brand,Admissions,behavioral health treatment near me,behavioral health treatment near me,Phrase,https://harborridge.example.test/admissions,CO,33.15,0,Google Ads,System-Observed
TOUCH-000364,,2026-05-12T08:14:34,Paid Search,Google Ads,CMP-1005,Family Crisis - Non-Brand,Detox Programs,inpatient mental health treatment,inpatient mental health treatment,Phrase,https://harborridge.example.test/admissions,UT,24.02,0,Google Ads,System-Observed
TOUCH-000365,,2026-05-09T13:06:10,Paid Search,Google Ads,CMP-1002,Behavioral Health - Non-Brand,Detox Programs,family intervention help,family intervention help,Broad,https://harborridge.example.test/admissions,WA,22.83,0,Google Ads,System-Observed
TOUCH-000366,,2026-05-15T15:29:05,Paid Search,Google Ads,CMP-1002,Behavioral Health - Non-Brand,Family Support,family intervention help,family intervention help,Exact,https://harborridge.example.test/admissions,UT,35.98,0,Google Ads,System-Observed
TOUCH-000367,,2026-05-07T18:53:58,Paid Search,Google Ads,CMP-1004,Residential Treatment - Geo,Family Support,inpatient mental health treatment,inpatient mental health treatment,Exact,https://harborridge.example.test/admissions,UT,32.17,0,Google Ads,System-Observed
TOUCH-000368,,2026-05-23T07:40:30,Paid Search,Google Ads,CMP-1004,Residential Treatment - Geo,Admissions,residential treatment center,residential treatment center,Broad,https://harborridge.example.test/admissions,OR,21.13,0,Google Ads,System-Observed
TOUCH-000369,,2026-05-05T13:13:43,Paid Search,Google Ads,CMP-1004,Residential Treatment - Geo,Detox Programs,substance abuse treatment options,substance abuse treatment options,Phrase,https://harborridge.example.test/admissions,CO,28.68,0,Google Ads,System-Observed
TOUCH-000370,,2026-05-19T07:09:35,Paid Search,Google Ads,CMP-1001,Behavioral Health - Brand,Residential Programs,inpatient mental health treatment,inpatient mental health treatment,Broad,https://harborridge.example.test/admissions,NY,18.71,0,Google Ads,System-Observed
TOUCH-000371,,2026-05-02T15:11:34,Paid Search,Google Ads,CMP-1002,Behavioral Health - Non-Brand,Admissions,substance abuse treatment options,substance abuse treatment options,Exact,https://harborridge.example.test/admissions,AZ,29.37,0,Google Ads,System-Observed
TOUCH-000372,,2026-05-23T11:41:15,Paid Search,Google Ads,CMP-1004,Residential Treatment - Geo,Admissions,inpatient mental health treatment,inpatient mental health treatment,Phrase,https://harborridge.example.test/admissions,FL,19.8,0,Google Ads,System-Observed
TOUCH-000373,,2026-05-07T15:23:10,Paid Search,Google Ads,CMP-1005,Family Crisis - Non-Brand,Family Support,behavioral health treatment near me,behavioral health treatment near me,Exact,https://harborridge.example.test/admissions,FL,20.13,0,Google Ads,System-Observed
TOUCH-000374,,2026-05-27T09:26:28,Paid Search,Google Ads,CMP-1004,Residential Treatment - Geo,Detox Programs,inpatient mental health treatment,inpatient mental health treatment,Phrase,https://harborridge.example.test/admissions,OR,35.9,0,Google Ads,System-Observed
TOUCH-000375,,2026-05-22T19:26:11,Paid Search,Google Ads,CMP-1001,Behavioral Health - Brand,Residential Programs,substance abuse treatment options,substance abuse treatment options,Broad,https://harborridge.example.test/admissions,CA,31.87,0,Google Ads,System-Observed
TOUCH-000376,,2026-05-11T16:56:58,Paid Search,Google Ads,CMP-1004,Residential Treatment - Geo,Detox Programs,residential treatment center,residential treatment center,Broad,https://harborridge.example.test/admissions,AZ,42.22,0,Google Ads,System-Observed
TOUCH-000377,,2026-05-05T16:11:14,Paid Search,Google Ads,CMP-1003,Detox Near Me - Geo,Residential Programs,residential treatment center,residential treatment center,Broad,https://harborridge.example.test/admissions,FL,35.0,0,Google Ads,System-Observed
TOUCH-000378,,2026-05-28T15:54:12,Paid Search,Google Ads,CMP-1001,Behavioral Health - Brand,Detox Programs,inpatient mental health treatment,inpatient mental health treatment,Broad,https://harborridge.example.test/admissions,CO,38.1,0,Google Ads,System-Observed
TOUCH-000379,,2026-05-14T07:28:30,Paid Search,Google Ads,CMP-1002,Behavioral Health - Non-Brand,Detox Programs,inpatient mental health treatment,inpatient mental health treatment,Broad,https://harborridge.example.test/admissions,WA,29.48,0,Google Ads,System-Observed
TOUCH-000380,,2026-05-21T17:58:51,Paid Search,Google Ads,CMP-1004,Residential Treatment - Geo,Detox Programs,family intervention help,family intervention help,Exact,https://harborridge.example.test/admissions,CO,26.18,0,Google Ads,System-Observed
TOUCH-000381,,2026-05-25T08:51:39,Paid Search,Google Ads,CMP-1002,Behavioral Health - Non-Brand,Family Support,substance abuse treatment options,substance abuse treatment options,Broad,https://harborridge.example.test/admissions,UT,21.39,0,Google Ads,System-Observed
TOUCH-000382,,2026-05-09T12:49:30,Paid Search,Google Ads,CMP-1004,Residential Treatment - Geo,Detox Programs,behavioral health treatment near me,behavioral health treatment near me,Broad,https://harborridge.example.test/admissions,CA,40.09,0,Google Ads,System-Observed
TOUCH-000383,,2026-05-09T17:50:05,Paid Search,Google Ads,CMP-1004,Residential Treatment - Geo,Family Support,detox center near me,detox center near me,Broad,https://harborridge.example.test/admissions,CA,35.01,0,Google Ads,System-Observed
TOUCH-000384,,2026-05-29T17:39:04,Paid Search,Google Ads,CMP-1001,Behavioral Health - Brand,Family Support,family intervention help,family intervention help,Broad,https://harborridge.example.test/admissions,CO,41.98,0,Google Ads,System-Observed
TOUCH-000385,,2026-05-21T13:51:31,Paid Search,Google Ads,CMP-1002,Behavioral Health - Non-Brand,Residential Programs,substance abuse treatment options,substance abuse treatment options,Exact,https://harborridge.example.test/admissions,AZ,34.5,0,Google Ads,System-Observed
TOUCH-000386,,2026-05-29T14:22:28,Paid Search,Google Ads,CMP-1002,Behavioral Health - Non-Brand,Admissions,family intervention help,family intervention help,Exact,https://harborridge.example.test/admissions,WA,28.23,0,Google Ads,System-Observed
TOUCH-000387,,2026-05-30T19:21:50,Paid Search,Google Ads,CMP-1003,Detox Near Me - Geo,Residential Programs,residential treatment center,residential treatment center,Broad,https://harborridge.example.test/admissions,NY,21.06,0,Google Ads,System-Observed
TOUCH-000388,,2026-05-25T14:29:40,Paid Search,Google Ads,CMP-1001,Behavioral Health - Brand,Family Support,detox center near me,detox center near me,Broad,https://harborridge.example.test/admissions,NY,14.98,0,Google Ads,System-Observed
TOUCH-000389,,2026-05-22T14:38:53,Paid Search,Google Ads,CMP-1002,Behavioral Health - Non-Brand,Admissions,behavioral health treatment near me,behavioral health treatment near me,Phrase,https://harborridge.example.test/admissions,UT,18.25,0,Google Ads,System-Observed
TOUCH-000390,,2026-05-30T09:41:52,Paid Search,Google Ads,CMP-1001,Behavioral Health - Brand,Admissions,behavioral health treatment near me,behavioral health treatment near me,Broad,https://harborridge.example.test/admissions,FL,15.35,0,Google Ads,System-Observed
TOUCH-000391,,2026-05-08T07:32:31,Paid Search,Google Ads,CMP-1001,Behavioral Health - Brand,Family Support,detox center near me,detox center near me,Phrase,https://harborridge.example.test/admissions,UT,41.47,0,Google Ads,System-Observed
TOUCH-000392,,2026-05-08T08:03:48,Paid Search,Google Ads,CMP-1005,Family Crisis - Non-Brand,Residential Programs,inpatient mental health treatment,inpatient mental health treatment,Phrase,https://harborridge.example.test/admissions,CO,25.54,0,Google Ads,System-Observed
TOUCH-000393,,2026-05-30T16:36:50,Paid Search,Google Ads,CMP-1001,Behavioral Health - Brand,Detox Programs,behavioral health treatment near me,behavioral health treatment near me,Exact,https://harborridge.example.test/admissions,OR,38.78,0,Google Ads,System-Observed
TOUCH-000394,,2026-05-16T15:53:22,Paid Search,Google Ads,CMP-1003,Detox Near Me - Geo,Detox Programs,residential treatment center,residential treatment center,Exact,https://harborridge.example.test/admissions,NY,21.7,0,Google Ads,System-Observed
TOUCH-000395,,2026-05-03T07:26:57,Paid Search,Google Ads,CMP-1005,Family Crisis - Non-Brand,Family Support,behavioral health treatment near me,behavioral health treatment near me,Phrase,https://harborridge.example.test/admissions,CO,36.84,0,Google Ads,System-Observed
TOUCH-000396,,2026-05-11T08:27:28,Paid Search,Google Ads,CMP-1005,Family Crisis - Non-Brand,Admissions,residential treatment center,residential treatment center,Broad,https://harborridge.example.test/admissions,CO,27.75,0,Google Ads,System-Observed
TOUCH-000397,,2026-05-21T12:00:57,Paid Search,Google Ads,CMP-1001,Behavioral Health - Brand,Admissions,family intervention help,family intervention help,Phrase,https://harborridge.example.test/admissions,WA,21.89,0,Google Ads,System-Observed
TOUCH-000398,,2026-05-10T07:49:43,Paid Search,Google Ads,CMP-1002,Behavioral Health - Non-Brand,Family Support,behavioral health treatment near me,behavioral health treatment near me,Phrase,https://harborridge.example.test/admissions,CA,38.01,0,Google Ads,System-Observed
TOUCH-000399,,2026-05-03T17:28:42,Paid Search,Google Ads,CMP-1003,Detox Near Me - Geo,Detox Programs,family intervention help,family intervention help,Broad,https://harborridge.example.test/admissions,NY,30.43,0,Google Ads,System-Observed
TOUCH-000400,,2026-05-01T08:17:33,Paid Search,Google Ads,CMP-1001,Behavioral Health - Brand,Family Support,detox center near me,detox center near me,Broad,https://harborridge.example.test/admissions,FL,28.73,0,Google Ads,System-Observed
TOUCH-000401,,2026-05-23T11:06:30,Paid Search,Google Ads,CMP-1004,Residential Treatment - Geo,Residential Programs,behavioral health treatment near me,behavioral health treatment near me,Exact,https://harborridge.example.test/admissions,NV,38.7,0,Google Ads,System-Observed
TOUCH-000402,,2026-05-30T16:46:28,Paid Search,Google Ads,CMP-1002,Behavioral Health - Non-Brand,Admissions,residential treatment center,residential treatment center,Broad,https://harborridge.example.test/admissions,TX,38.23,0,Google Ads,System-Observed
TOUCH-000403,,2026-05-20T15:23:17,Paid Search,Google Ads,CMP-1005,Family Crisis - Non-Brand,Admissions,detox center near me,detox center near me,Phrase,https://harborridge.example.test/admissions,NV,42.44,0,Google Ads,System-Observed
TOUCH-000404,,2026-05-26T12:00:30,Paid Search,Google Ads,CMP-1005,Family Crisis - Non-Brand,Residential Programs,substance abuse treatment options,substance abuse treatment options,Exact,https://harborridge.example.test/admissions,AZ,26.9,0,Google Ads,System-Observed
TOUCH-000405,,2026-05-17T16:20:48,Paid Search,Google Ads,CMP-1004,Residential Treatment - Geo,Detox Programs,behavioral health treatment near me,behavioral health treatment near me,Broad,https://harborridge.example.test/admissions,UT,18.76,0,Google Ads,System-Observed
TOUCH-000406,,2026-05-13T16:27:09,Paid Search,Google Ads,CMP-1002,Behavioral Health - Non-Brand,Family Support,detox center near me,detox center near me,Exact,https://harborridge.example.test/admissions,NY,16.02,0,Google Ads,System-Observed
TOUCH-000407,,2026-05-19T07:05:32,Paid Search,Google Ads,CMP-1005,Family Crisis - Non-Brand,Residential Programs,family intervention help,family intervention help,Phrase,https://harborridge.example.test/admissions,CA,29.81,0,Google Ads,System-Observed
TOUCH-000408,,2026-05-19T15:02:04,Paid Search,Microsoft Ads,CMP-2002,Residential Treatment - Geo (Bing),Family Support,inpatient mental health treatment,inpatient mental health treatment,Broad,https://harborridge.example.test/admissions,FL,12.6,0,Microsoft Ads,System-Observed
TOUCH-000409,,2026-05-24T18:21:42,Paid Search,Microsoft Ads,CMP-2001,Behavioral Health - Brand (Bing),Family Support,residential treatment center,residential treatment center,Phrase,https://harborridge.example.test/admissions,UT,14.29,0,Microsoft Ads,System-Observed
TOUCH-000410,,2026-05-13T18:33:32,Paid Search,Microsoft Ads,CMP-2002,Residential Treatment - Geo (Bing),Family Support,behavioral health treatment near me,behavioral health treatment near me,Exact,https://harborridge.example.test/admissions,NY,14.67,0,Microsoft Ads,System-Observed
TOUCH-000411,,2026-05-20T17:34:27,Paid Search,Microsoft Ads,CMP-2001,Behavioral Health - Brand (Bing),Residential Programs,inpatient mental health treatment,inpatient mental health treatment,Broad,https://harborridge.example.test/admissions,FL,30.41,0,Microsoft Ads,System-Observed
TOUCH-000412,,2026-05-18T09:48:37,Paid Search,Microsoft Ads,CMP-2002,Residential Treatment - Geo (Bing),Family Support,detox center near me,detox center near me,Broad,https://harborridge.example.test/admissions,OR,12.34,0,Microsoft Ads,System-Observed
TOUCH-000413,,2026-05-26T10:50:50,Paid Search,Microsoft Ads,CMP-2001,Behavioral Health - Brand (Bing),Residential Programs,inpatient mental health treatment,inpatient mental health treatment,Broad,https://harborridge.example.test/admissions,FL,27.87,0,Microsoft Ads,System-Observed
TOUCH-000414,,2026-05-22T13:13:59,Paid Search,Microsoft Ads,CMP-2002,Residential Treatment - Geo (Bing),Residential Programs,substance abuse treatment options,substance abuse treatment options,Phrase,https://harborridge.example.test/admissions,CO,19.23,0,Microsoft Ads,System-Observed
TOUCH-000415,,2026-05-29T18:43:34,Paid Search,Microsoft Ads,CMP-2002,Residential Treatment - Geo (Bing),Family Support,substance abuse treatment options,substance abuse treatment options,Phrase,https://harborridge.example.test/admissions,NV,9.43,0,Microsoft Ads,System-Observed
TOUCH-000416,,2026-05-25T07:33:44,Paid Search,Microsoft Ads,CMP-2001,Behavioral Health - Brand (Bing),Detox Programs,family intervention help,family intervention help,Exact,https://harborridge.example.test/admissions,UT,9.71,0,Microsoft Ads,System-Observed
TOUCH-000417,,2026-05-02T08:36:01,Paid Search,Microsoft Ads,CMP-2002,Residential Treatment - Geo (Bing),Detox Programs,family intervention help,family intervention help,Broad,https://harborridge.example.test/admissions,CO,11.1,0,Microsoft Ads,System-Observed
TOUCH-000418,,2026-05-23T19:48:09,Paid Search,Microsoft Ads,CMP-2001,Behavioral Health - Brand (Bing),Family Support,detox center near me,detox center near me,Phrase,https://harborridge.example.test/admissions,AZ,31.01,0,Microsoft Ads,System-Observed
TOUCH-000419,,2026-05-30T11:39:38,Paid Search,Microsoft Ads,CMP-2002,Residential Treatment - Geo (Bing),Detox Programs,family intervention help,family intervention help,Broad,https://harborridge.example.test/admissions,OR,31.92,0,Microsoft Ads,System-Observed
TOUCH-000420,,2026-05-03T19:42:04,Paid Search,Microsoft Ads,CMP-2002,Residential Treatment - Geo (Bing),Detox Programs,residential treatment center,residential treatment center,Exact,https://harborridge.example.test/admissions,OR,12.61,0,Microsoft Ads,System-Observed
TOUCH-000421,,2026-05-08T07:33:33,Paid Search,Microsoft Ads,CMP-2002,Residential Treatment - Geo (Bing),Admissions,behavioral health treatment near me,behavioral health treatment near me,Phrase,https://harborridge.example.test/admissions,NV,11.38,0,Microsoft Ads,System-Observed
TOUCH-000422,,2026-05-22T10:54:32,Paid Search,Microsoft Ads,CMP-2001,Behavioral Health - Brand (Bing),Admissions,residential treatment center,residential treatment center,Phrase,https://harborridge.example.test/admissions,CO,23.84,0,Microsoft Ads,System-Observed
TOUCH-000423,,2026-05-15T09:16:22,Paid Search,Microsoft Ads,CMP-2001,Behavioral Health - Brand (Bing),Family Support,detox center near me,detox center near me,Broad,https://harborridge.example.test/admissions,CO,10.9,0,Microsoft Ads,System-Observed
TOUCH-000424,,2026-05-28T08:05:56,Paid Search,Microsoft Ads,CMP-2001,Behavioral Health - Brand (Bing),Family Support,substance abuse treatment options,substance abuse treatment options,Exact,https://harborridge.example.test/admissions,NV,15.98,0,Microsoft Ads,System-Observed
TOUCH-000425,,2026-05-23T08:09:42,Paid Search,Microsoft Ads,CMP-2001,Behavioral Health - Brand (Bing),Family Support,substance abuse treatment options,substance abuse treatment options,Broad,https://harborridge.example.test/admissions,OR,28.49,0,Microsoft Ads,System-Observed
TOUCH-000426,,2026-05-11T12:51:56,Paid Social,Meta,CMP-3002,Recovery Journey - Lookalike,Community Awareness,,,,https://harborridge.example.test/family-support,OR,14.33,0,Meta,System-Observed
TOUCH-000427,,2026-05-03T08:52:57,Paid Social,Meta,CMP-3003,Local Community Awareness,Family Support,,,,https://harborridge.example.test/family-support,UT,3.33,0,Meta,System-Observed
TOUCH-000428,,2026-05-26T14:30:27,Paid Social,Meta,CMP-3001,Family Support Awareness,Community Awareness,,,,https://harborridge.example.test/family-support,AZ,13.15,0,Meta,System-Observed
TOUCH-000429,,2026-05-11T17:08:41,Paid Social,Meta,CMP-3003,Local Community Awareness,Family Support,,,,https://harborridge.example.test/family-support,NY,6.47,0,Meta,System-Observed
TOUCH-000430,,2026-05-23T14:52:14,Paid Social,Meta,CMP-3002,Recovery Journey - Lookalike,Community Awareness,,,,https://harborridge.example.test/family-support,TX,12.27,0,Meta,System-Observed
TOUCH-000431,,2026-05-24T09:29:00,Paid Social,Meta,CMP-3003,Local Community Awareness,Family Support,,,,https://harborridge.example.test/family-support,CA,8.37,0,Meta,System-Observed
TOUCH-000432,,2026-05-18T09:54:53,Paid Social,Meta,CMP-3003,Local Community Awareness,Community Awareness,,,,https://harborridge.example.test/family-support,TX,13.05,0,Meta,System-Observed
TOUCH-000433,,2026-05-16T18:26:21,Paid Social,Meta,CMP-3002,Recovery Journey - Lookalike,Community Awareness,,,,https://harborridge.example.test/family-support,UT,8.01,0,Meta,System-Observed
TOUCH-000434,,2026-05-27T16:36:48,Paid Social,Meta,CMP-3001,Family Support Awareness,Community Awareness,,,,https://harborridge.example.test/family-support,CA,3.26,0,Meta,System-Observed
TOUCH-000435,,2026-05-31T17:11:12,Paid Social,Meta,CMP-3003,Local Community Awareness,Family Support,,,,https://harborridge.example.test/family-support,WA,7.8,0,Meta,System-Observed
TOUCH-000436,,2026-05-01T14:47:29,Paid Social,Meta,CMP-3001,Family Support Awareness,Community Awareness,,,,https://harborridge.example.test/family-support,TX,10.94,0,Meta,System-Observed
TOUCH-000437,,2026-05-20T15:40:42,Paid Social,Meta,CMP-3002,Recovery Journey - Lookalike,Family Support,,,,https://harborridge.example.test/family-support,WA,11.63,0,Meta,System-Observed
TOUCH-000438,,2026-05-13T20:59:06,Paid Social,Meta,CMP-3003,Local Community Awareness,Community Awareness,,,,https://harborridge.example.test/family-support,NY,7.24,0,Meta,System-Observed
TOUCH-000439,,2026-05-11T07:27:18,Paid Social,Meta,CMP-3001,Family Support Awareness,Community Awareness,,,,https://harborridge.example.test/family-support,OR,4.57,0,Meta,System-Observed
TOUCH-000440,,2026-05-27T17:08:21,Paid Social,Meta,CMP-3003,Local Community Awareness,Community Awareness,,,,https://harborridge.example.test/family-support,WA,11.71,0,Meta,System-Observed
TOUCH-000441,,2026-05-07T08:20:12,Paid Social,Meta,CMP-3003,Local Community Awareness,Family Support,,,,https://harborridge.example.test/family-support,CO,5.88,0,Meta,System-Observed
TOUCH-000442,,2026-05-08T08:57:55,Paid Social,Meta,CMP-3003,Local Community Awareness,Family Support,,,,https://harborridge.example.test/family-support,FL,5.81,0,Meta,System-Observed
TOUCH-000443,,2026-05-03T08:37:41,Paid Social,Meta,CMP-3001,Family Support Awareness,Family Support,,,,https://harborridge.example.test/family-support,AZ,6.27,0,Meta,System-Observed
TOUCH-000444,,2026-05-23T17:09:12,Paid Social,Meta,CMP-3001,Family Support Awareness,Community Awareness,,,,https://harborridge.example.test/family-support,OR,8.56,0,Meta,System-Observed
TOUCH-000445,,2026-05-15T13:18:43,Paid Social,Meta,CMP-3002,Recovery Journey - Lookalike,Family Support,,,,https://harborridge.example.test/family-support,OR,13.74,0,Meta,System-Observed
TOUCH-000446,,2026-05-29T15:16:40,Paid Social,Meta,CMP-3002,Recovery Journey - Lookalike,Community Awareness,,,,https://harborridge.example.test/family-support,WA,6.14,0,Meta,System-Observed
TOUCH-000447,,2026-05-01T10:56:32,Paid Social,Meta,CMP-3002,Recovery Journey - Lookalike,Family Support,,,,https://harborridge.example.test/family-support,TX,13.51,0,Meta,System-Observed
TOUCH-000448,,2026-05-07T19:28:24,Paid Social,Meta,CMP-3002,Recovery Journey - Lookalike,Community Awareness,,,,https://harborridge.example.test/family-support,CA,9.62,0,Meta,System-Observed
TOUCH-000449,,2026-05-21T16:06:19,Paid Social,Meta,CMP-3001,Family Support Awareness,Community Awareness,,,,https://harborridge.example.test/family-support,FL,9.01,0,Meta,System-Observed
TOUCH-000450,,2026-05-28T11:45:43,Paid Social,Meta,CMP-3003,Local Community Awareness,Community Awareness,,,,https://harborridge.example.test/family-support,UT,14.98,0,Meta,System-Observed
TOUCH-000451,,2026-05-24T12:31:18,Paid Social,Meta,CMP-3001,Family Support Awareness,Family Support,,,,https://harborridge.example.test/family-support,UT,12.45,0,Meta,System-Observed
TOUCH-000452,,2026-05-16T07:49:14,Paid Social,Meta,CMP-3002,Recovery Journey - Lookalike,Family Support,,,,https://harborridge.example.test/family-support,OR,5.06,0,Meta,System-Observed
TOUCH-000453,,2026-05-08T08:12:34,Paid Social,Meta,CMP-3002,Recovery Journey - Lookalike,Community Awareness,,,,https://harborridge.example.test/family-support,CA,5.22,0,Meta,System-Observed
TOUCH-000454,,2026-05-19T17:56:07,Paid Social,Meta,CMP-3001,Family Support Awareness,Family Support,,,,https://harborridge.example.test/family-support,NV,14.38,0,Meta,System-Observed
TOUCH-000455,,2026-05-29T09:12:28,Paid Social,Meta,CMP-3003,Local Community Awareness,Family Support,,,,https://harborridge.example.test/family-support,FL,10.7,0,Meta,System-Observed
TOUCH-000456,,2026-05-04T18:03:30,Paid Social,Meta,CMP-3001,Family Support Awareness,Community Awareness,,,,https://harborridge.example.test/family-support,FL,13.86,0,Meta,System-Observed
TOUCH-000457,,2026-05-15T13:28:43,Paid Social,Meta,CMP-3001,Family Support Awareness,Community Awareness,,,,https://harborridge.example.test/family-support,FL,3.77,0,Meta,System-Observed
TOUCH-000458,,2026-05-25T12:22:34,Paid Social,Meta,CMP-3002,Recovery Journey - Lookalike,Community Awareness,,,,https://harborridge.example.test/family-support,FL,12.74,0,Meta,System-Observed
TOUCH-000459,,2026-05-19T20:14:32,Paid Social,Meta,CMP-3002,Recovery Journey - Lookalike,Family Support,,,,https://harborridge.example.test/family-support,WA,6.25,0,Meta,System-Observed
TOUCH-000460,,2026-05-14T11:53:04,Paid Social,Meta,CMP-3003,Local Community Awareness,Family Support,,,,https://harborridge.example.test/family-support,UT,4.86,0,Meta,System-Observed
TOUCH-000461,,2026-05-13T11:28:42,Paid Social,Meta,CMP-3003,Local Community Awareness,Family Support,,,,https://harborridge.example.test/family-support,NY,6.44,0,Meta,System-Observed
TOUCH-000462,,2026-05-26T11:03:35,Paid Social,Meta,CMP-3002,Recovery Journey - Lookalike,Family Support,,,,https://harborridge.example.test/family-support,WA,14.34,0,Meta,System-Observed
TOUCH-000463,,2026-05-07T09:55:50,Paid Social,Meta,CMP-3002,Recovery Journey - Lookalike,Family Support,,,,https://harborridge.example.test/family-support,TX,7.21,0,Meta,System-Observed
TOUCH-000464,,2026-05-08T09:22:19,Paid Social,Meta,CMP-3003,Local Community Awareness,Family Support,,,,https://harborridge.example.test/family-support,TX,3.91,0,Meta,System-Observed
TOUCH-000465,,2026-05-25T07:18:57,Paid Social,Meta,CMP-3001,Family Support Awareness,Community Awareness,,,,https://harborridge.example.test/family-support,NV,8.13,0,Meta,System-Observed
TOUCH-000466,,2026-05-06T13:48:12,Paid Social,Meta,CMP-3001,Family Support Awareness,Community Awareness,,,,https://harborridge.example.test/family-support,AZ,11.42,0,Meta,System-Observed
TOUCH-000467,,2026-05-27T18:17:05,Paid Social,Meta,CMP-3001,Family Support Awareness,Community Awareness,,,,https://harborridge.example.test/family-support,AZ,10.48,0,Meta,System-Observed
TOUCH-000468,,2026-05-28T09:52:14,Paid Social,Meta,CMP-3001,Family Support Awareness,Family Support,,,,https://harborridge.example.test/family-support,NV,14.01,0,Meta,System-Observed
TOUCH-000469,,2026-05-09T09:00:33,Paid Social,Meta,CMP-3001,Family Support Awareness,Community Awareness,,,,https://harborridge.example.test/family-support,TX,11.59,0,Meta,System-Observed
TOUCH-000470,,2026-05-06T15:01:06,Paid Social,Meta,CMP-3002,Recovery Journey - Lookalike,Family Support,,,,https://harborridge.example.test/family-support,OR,7.71,0,Meta,System-Observed
TOUCH-000471,,2026-05-24T15:50:44,Organic,Google Organic,,,,,,,https://harborridge.example.test/treatment-programs,FL,,0,Google Analytics,System-Observed
TOUCH-000472,,2026-05-23T17:02:32,Organic,Google Organic,,,,,,,https://harborridge.example.test/treatment-programs,NY,,0,Google Analytics,System-Observed
TOUCH-000473,,2026-05-20T17:53:58,Organic,Google Organic,,,,,,,https://harborridge.example.test/treatment-programs,UT,,0,Google Analytics,System-Observed
TOUCH-000474,,2026-05-19T14:28:03,Organic,Google Organic,,,,,,,https://harborridge.example.test/treatment-programs,UT,,0,Google Analytics,System-Observed
TOUCH-000475,,2026-05-21T18:07:03,Organic,Google Organic,,,,,,,https://harborridge.example.test/treatment-programs,UT,,0,Google Analytics,System-Observed
TOUCH-000476,,2026-05-30T15:05:51,Organic,Google Organic,,,,,,,https://harborridge.example.test/treatment-programs,CO,,0,Google Analytics,System-Observed
TOUCH-000477,,2026-05-23T13:00:49,Organic,Google Organic,,,,,,,https://harborridge.example.test/treatment-programs,TX,,0,Google Analytics,System-Observed
TOUCH-000478,,2026-05-02T17:25:23,Organic,Google Organic,,,,,,,https://harborridge.example.test/treatment-programs,FL,,0,Google Analytics,System-Observed
TOUCH-000479,,2026-05-03T19:06:09,Organic,Google Organic,,,,,,,https://harborridge.example.test/treatment-programs,CO,,0,Google Analytics,System-Observed
TOUCH-000480,,2026-05-06T18:37:03,Organic,Google Organic,,,,,,,https://harborridge.example.test/treatment-programs,FL,,0,Google Analytics,System-Observed
TOUCH-000481,,2026-05-24T18:38:46,Organic,Google Organic,,,,,,,https://harborridge.example.test/treatment-programs,OR,,0,Google Analytics,System-Observed
TOUCH-000482,,2026-05-05T17:47:18,Organic,Google Organic,,,,,,,https://harborridge.example.test/treatment-programs,OR,,0,Google Analytics,System-Observed
TOUCH-000483,,2026-05-28T09:41:22,Organic,Google Organic,,,,,,,https://harborridge.example.test/treatment-programs,UT,,0,Google Analytics,System-Observed
TOUCH-000484,,2026-05-09T20:41:08,Organic,Google Organic,,,,,,,https://harborridge.example.test/treatment-programs,NY,,0,Google Analytics,System-Observed
TOUCH-000485,,2026-05-23T09:56:11,Organic,Google Organic,,,,,,,https://harborridge.example.test/treatment-programs,CA,,0,Google Analytics,System-Observed
TOUCH-000486,,2026-05-24T10:06:15,Organic,Google Organic,,,,,,,https://harborridge.example.test/treatment-programs,NY,,0,Google Analytics,System-Observed
TOUCH-000487,,2026-05-03T13:58:28,Organic,Google Organic,,,,,,,https://harborridge.example.test/treatment-programs,CO,,0,Google Analytics,System-Observed
TOUCH-000488,,2026-05-19T14:16:15,Organic,Google Organic,,,,,,,https://harborridge.example.test/treatment-programs,TX,,0,Google Analytics,System-Observed
TOUCH-000489,,2026-05-11T16:45:36,Organic,Google Organic,,,,,,,https://harborridge.example.test/treatment-programs,OR,,0,Google Analytics,System-Observed
TOUCH-000490,,2026-05-05T20:06:05,Organic,Google Organic,,,,,,,https://harborridge.example.test/treatment-programs,CO,,0,Google Analytics,System-Observed
TOUCH-000491,,2026-05-04T16:41:32,Organic,Google Organic,,,,,,,https://harborridge.example.test/treatment-programs,FL,,0,Google Analytics,System-Observed
TOUCH-000492,,2026-05-04T18:44:57,Organic,Google Organic,,,,,,,https://harborridge.example.test/treatment-programs,CO,,0,Google Analytics,System-Observed
TOUCH-000493,,2026-05-12T20:21:42,Organic,Google Organic,,,,,,,https://harborridge.example.test/treatment-programs,CA,,0,Google Analytics,System-Observed
TOUCH-000494,,2026-05-26T12:51:31,Organic,Google Organic,,,,,,,https://harborridge.example.test/treatment-programs,NY,,0,Google Analytics,System-Observed
TOUCH-000495,,2026-05-28T17:51:17,Organic,Google Organic,,,,,,,https://harborridge.example.test/treatment-programs,NV,,0,Google Analytics,System-Observed
TOUCH-000496,,2026-05-04T14:22:51,Organic,Google Organic,,,,,,,https://harborridge.example.test/treatment-programs,FL,,0,Google Analytics,System-Observed
TOUCH-000497,,2026-05-24T11:49:08,Organic,Google Organic,,,,,,,https://harborridge.example.test/treatment-programs,FL,,0,Google Analytics,System-Observed
TOUCH-000498,,2026-05-30T11:46:56,Organic,Google Organic,,,,,,,https://harborridge.example.test/treatment-programs,WA,,0,Google Analytics,System-Observed
TOUCH-000499,,2026-05-08T14:40:46,Organic,Google Organic,,,,,,,https://harborridge.example.test/treatment-programs,OR,,0,Google Analytics,System-Observed
TOUCH-000500,,2026-05-01T14:52:31,Organic,Google Organic,,,,,,,https://harborridge.example.test/treatment-programs,CO,,0,Google Analytics,System-Observed
TOUCH-000501,,2026-05-17T17:05:02,Organic,Google Organic,,,,,,,https://harborridge.example.test/treatment-programs,UT,,0,Google Analytics,System-Observed
TOUCH-000502,,2026-05-27T14:20:00,Organic,Google Organic,,,,,,,https://harborridge.example.test/treatment-programs,FL,,0,Google Analytics,System-Observed
TOUCH-000503,,2026-05-22T07:40:26,Organic,Google Organic,,,,,,,https://harborridge.example.test/treatment-programs,WA,,0,Google Analytics,System-Observed
TOUCH-000504,,2026-05-27T15:37:38,Organic,Google Organic,,,,,,,https://harborridge.example.test/treatment-programs,AZ,,0,Google Analytics,System-Observed
TOUCH-000505,,2026-05-10T08:27:18,Organic,Google Organic,,,,,,,https://harborridge.example.test/treatment-programs,NY,,0,Google Analytics,System-Observed
TOUCH-000506,,2026-05-31T09:50:30,Organic,Google Organic,,,,,,,https://harborridge.example.test/treatment-programs,NV,,0,Google Analytics,System-Observed
TOUCH-000507,,2026-05-27T10:35:09,Organic,Google Organic,,,,,,,https://harborridge.example.test/treatment-programs,CO,,0,Google Analytics,System-Observed
TOUCH-000508,,2026-05-07T12:18:05,Organic,Google Organic,,,,,,,https://harborridge.example.test/treatment-programs,TX,,0,Google Analytics,System-Observed
TOUCH-000509,,2026-05-05T08:05:07,Organic,Google Organic,,,,,,,https://harborridge.example.test/treatment-programs,WA,,0,Google Analytics,System-Observed
TOUCH-000510,,2026-05-02T20:56:42,Organic,Google Organic,,,,,,,https://harborridge.example.test/treatment-programs,CO,,0,Google Analytics,System-Observed
TOUCH-000511,,2026-05-23T19:56:49,Organic,Google Organic,,,,,,,https://harborridge.example.test/treatment-programs,UT,,0,Google Analytics,System-Observed
TOUCH-000512,,2026-05-06T15:10:12,Organic,Google Organic,,,,,,,https://harborridge.example.test/treatment-programs,WA,,0,Google Analytics,System-Observed
TOUCH-000513,,2026-05-31T18:25:52,Organic,Google Organic,,,,,,,https://harborridge.example.test/treatment-programs,TX,,0,Google Analytics,System-Observed
TOUCH-000514,,2026-05-14T09:16:05,Organic,Google Organic,,,,,,,https://harborridge.example.test/treatment-programs,UT,,0,Google Analytics,System-Observed
TOUCH-000515,,2026-05-26T20:44:44,Organic,Google Organic,,,,,,,https://harborridge.example.test/treatment-programs,AZ,,0,Google Analytics,System-Observed
TOUCH-000516,,2026-05-27T17:52:20,Organic,Google Organic,,,,,,,https://harborridge.example.test/treatment-programs,NY,,0,Google Analytics,System-Observed
TOUCH-000517,,2026-05-18T07:04:01,Organic,Google Organic,,,,,,,https://harborridge.example.test/treatment-programs,TX,,0,Google Analytics,System-Observed
TOUCH-000518,,2026-05-28T15:50:25,Organic,Google Organic,,,,,,,https://harborridge.example.test/treatment-programs,WA,,0,Google Analytics,System-Observed
TOUCH-000519,,2026-05-30T09:11:38,Organic,Google Organic,,,,,,,https://harborridge.example.test/treatment-programs,NY,,0,Google Analytics,System-Observed
TOUCH-000520,,2026-05-03T13:00:46,Organic,Google Organic,,,,,,,https://harborridge.example.test/treatment-programs,CO,,0,Google Analytics,System-Observed
TOUCH-000521,,2026-05-20T08:29:39,Organic,Google Organic,,,,,,,https://harborridge.example.test/treatment-programs,NY,,0,Google Analytics,System-Observed
TOUCH-000522,,2026-05-10T12:37:50,Organic,Google Organic,,,,,,,https://harborridge.example.test/treatment-programs,UT,,0,Google Analytics,System-Observed
TOUCH-000523,,2026-05-28T20:43:58,Organic,Google Organic,,,,,,,https://harborridge.example.test/treatment-programs,FL,,0,Google Analytics,System-Observed
TOUCH-000524,,2026-05-04T14:08:17,Organic,Google Organic,,,,,,,https://harborridge.example.test/treatment-programs,UT,,0,Google Analytics,System-Observed
TOUCH-000525,,2026-05-27T17:07:10,Organic,Google Organic,,,,,,,https://harborridge.example.test/treatment-programs,NV,,0,Google Analytics,System-Observed
TOUCH-000526,,2026-05-10T13:29:44,Organic,Google Organic,,,,,,,https://harborridge.example.test/treatment-programs,UT,,0,Google Analytics,System-Observed
TOUCH-000527,,2026-05-15T17:38:43,Organic,Google Organic,,,,,,,https://harborridge.example.test/treatment-programs,TX,,0,Google Analytics,System-Observed
TOUCH-000528,,2026-05-10T17:32:44,Organic,Google Organic,,,,,,,https://harborridge.example.test/treatment-programs,TX,,0,Google Analytics,System-Observed
TOUCH-000529,,2026-05-31T12:03:32,Organic,Google Organic,,,,,,,https://harborridge.example.test/treatment-programs,UT,,0,Google Analytics,System-Observed
TOUCH-000530,,2026-05-14T07:32:28,Organic,Google Organic,,,,,,,https://harborridge.example.test/treatment-programs,AZ,,0,Google Analytics,System-Observed
TOUCH-000531,,2026-05-31T09:13:58,Organic,Google Organic,,,,,,,https://harborridge.example.test/treatment-programs,AZ,,0,Google Analytics,System-Observed
TOUCH-000532,,2026-05-27T14:31:02,Organic,Google Organic,,,,,,,https://harborridge.example.test/treatment-programs,CO,,0,Google Analytics,System-Observed
TOUCH-000533,,2026-05-07T12:34:22,Organic,Google Organic,,,,,,,https://harborridge.example.test/treatment-programs,WA,,0,Google Analytics,System-Observed
TOUCH-000534,,2026-05-31T07:41:44,Organic,Google Organic,,,,,,,https://harborridge.example.test/treatment-programs,TX,,0,Google Analytics,System-Observed
TOUCH-000535,,2026-05-20T16:49:38,Organic,Google Organic,,,,,,,https://harborridge.example.test/treatment-programs,OR,,0,Google Analytics,System-Observed
TOUCH-000536,,2026-05-25T20:25:55,Organic,Google Organic,,,,,,,https://harborridge.example.test/treatment-programs,OR,,0,Google Analytics,System-Observed
TOUCH-000537,,2026-05-03T11:17:50,Organic,Google Organic,,,,,,,https://harborridge.example.test/treatment-programs,FL,,0,Google Analytics,System-Observed
TOUCH-000538,,2026-05-15T08:16:55,Organic,Google Organic,,,,,,,https://harborridge.example.test/treatment-programs,OR,,0,Google Analytics,System-Observed
TOUCH-000539,INQ-000222,2026-06-09T07:23:04,Organic,Google Organic,,,,,,,https://harborridge.example.test/treatment-programs,FL,,1,Google Organic,System-Observed
TOUCH-000540,INQ-000224,2026-06-18T09:20:10,Paid Search,Google Ads,CMP-1005,Family Crisis - Non-Brand,Detox Programs,family intervention help,family intervention help,Phrase,https://harborridge.example.test/admissions,NV,14.67,1,Google Ads,System-Observed
TOUCH-000541,INQ-000225,2026-06-24T08:27:12,Paid Search,Google Ads,CMP-1005,Family Crisis - Non-Brand,Detox Programs,inpatient mental health treatment,inpatient mental health treatment,Exact,https://harborridge.example.test/admissions,NY,33.33,1,Google Ads,System-Observed
TOUCH-000542,INQ-000226,2026-06-14T08:31:38,Paid Search,Google Ads,CMP-1004,Residential Treatment - Geo,Family Support,inpatient mental health treatment,inpatient mental health treatment,Phrase,https://harborridge.example.test/admissions,FL,16.09,1,Google Ads,System-Observed
TOUCH-000543,INQ-000227,2026-06-03T16:56:26,Local,GBP,,,,,,,https://harborridge.example.test/contact,OR,,1,GBP,System-Observed
TOUCH-000544,INQ-000228,2026-06-05T19:13:47,Organic,Google Organic,,,,,,,https://harborridge.example.test/treatment-programs,CO,,1,Google Organic,System-Observed
TOUCH-000545,INQ-000229,2026-06-02T14:49:24,Paid Search,Google Ads,CMP-1001,Behavioral Health - Brand,Detox Programs,residential treatment center,residential treatment center,Exact,https://harborridge.example.test/admissions,CO,34.0,1,Google Ads,System-Observed
TOUCH-000546,INQ-000230,2026-06-16T10:21:50,Local,GBP,,,,,,,https://harborridge.example.test/contact,OR,,1,GBP,System-Observed
TOUCH-000547,INQ-000232,2026-06-16T17:47:22,Organic,Google Organic,,,,,,,https://harborridge.example.test/treatment-programs,OR,,1,Google Organic,System-Observed
TOUCH-000548,INQ-000233,2026-06-20T06:46:01,Paid Search,Microsoft Ads,CMP-2001,Behavioral Health - Brand (Bing),Detox Programs,inpatient mental health treatment,inpatient mental health treatment,Exact,https://harborridge.example.test/admissions,CA,21.55,1,Microsoft Ads,System-Observed
TOUCH-000549,INQ-000234,2026-06-17T20:04:39,Paid Search,Google Ads,CMP-1001,Behavioral Health - Brand,Residential Programs,residential treatment center,residential treatment center,Broad,https://harborridge.example.test/admissions,UT,32.36,1,Google Ads,System-Observed
TOUCH-000550,INQ-000235,2026-06-06T10:51:28,Paid Social,Meta,CMP-3002,Recovery Journey - Lookalike,Community Awareness,,,,https://harborridge.example.test/family-support,WA,5.25,1,Meta,System-Observed
TOUCH-000551,INQ-000236,2026-06-02T20:39:28,Direct,,,,,,,,https://harborridge.example.test/,NV,,1,Direct / Analytics,System-Observed
TOUCH-000552,INQ-000237,2026-06-14T11:06:25,Paid Search,Microsoft Ads,CMP-2001,Behavioral Health - Brand (Bing),Residential Programs,family intervention help,family intervention help,Phrase,https://harborridge.example.test/admissions,OR,10.23,1,Microsoft Ads,System-Observed
TOUCH-000553,INQ-000238,2026-06-08T10:21:42,Organic,Google Organic,,,,,,,https://harborridge.example.test/treatment-programs,FL,,1,Google Organic,System-Observed
TOUCH-000554,INQ-000239,2026-06-08T13:37:03,Local,GBP,,,,,,,https://harborridge.example.test/contact,FL,,1,GBP,System-Observed
TOUCH-000555,INQ-000241,2026-06-19T06:36:43,Paid Search,Google Ads,CMP-1002,Behavioral Health - Non-Brand,Residential Programs,inpatient mental health treatment,inpatient mental health treatment,Exact,https://harborridge.example.test/admissions,WA,31.44,1,Google Ads,System-Observed
TOUCH-000556,INQ-000242,2026-06-26T08:49:07,Organic,Google Organic,,,,,,,https://harborridge.example.test/treatment-programs,OR,,1,Google Organic,System-Observed
TOUCH-000557,INQ-000243,2026-06-18T19:43:46,Organic,Google Organic,,,,,,,https://harborridge.example.test/treatment-programs,TX,,1,Google Organic,System-Observed
TOUCH-000558,INQ-000244,2026-06-01T18:46:55,Paid Search,Google Ads,CMP-1004,Residential Treatment - Geo,Detox Programs,detox center near me,detox center near me,Phrase,https://harborridge.example.test/admissions,WA,31.78,1,Google Ads,System-Observed
TOUCH-000559,INQ-000245,2026-06-18T18:09:18,Paid Search,Google Ads,CMP-1002,Behavioral Health - Non-Brand,Family Support,behavioral health treatment near me,behavioral health treatment near me,Broad,https://harborridge.example.test/admissions,TX,35.1,1,Google Ads,System-Observed
TOUCH-000560,INQ-000246,2026-06-10T08:08:56,Organic,Google Organic,,,,,,,https://harborridge.example.test/treatment-programs,CA,,1,Google Organic,System-Observed
TOUCH-000561,INQ-000247,2026-06-21T13:37:43,Paid Search,Google Ads,CMP-1005,Family Crisis - Non-Brand,Detox Programs,detox center near me,detox center near me,Phrase,https://harborridge.example.test/admissions,FL,35.79,1,Google Ads,System-Observed
TOUCH-000562,INQ-000248,2026-06-11T13:30:33,Paid Search,Google Ads,CMP-1002,Behavioral Health - Non-Brand,Family Support,residential treatment center,residential treatment center,Broad,https://harborridge.example.test/admissions,NV,37.28,1,Google Ads,System-Observed
TOUCH-000563,INQ-000249,2026-06-02T14:30:09,Local,GBP,,,,,,,https://harborridge.example.test/contact,NV,,1,GBP,System-Observed
TOUCH-000564,INQ-000252,2026-06-03T10:48:44,Paid Search,Google Ads,CMP-1004,Residential Treatment - Geo,Admissions,residential treatment center,residential treatment center,Broad,https://harborridge.example.test/admissions,AZ,18.65,1,Google Ads,System-Observed
TOUCH-000565,INQ-000253,2026-06-21T10:03:35,Paid Search,Microsoft Ads,CMP-2002,Residential Treatment - Geo (Bing),Residential Programs,substance abuse treatment options,substance abuse treatment options,Phrase,https://harborridge.example.test/admissions,TX,15.29,1,Microsoft Ads,System-Observed
TOUCH-000566,INQ-000260,2026-06-06T07:06:15,Organic,Google Organic,,,,,,,https://harborridge.example.test/treatment-programs,NV,,1,Google Organic,System-Observed
TOUCH-000567,INQ-000261,2026-06-26T08:38:25,Local,GBP,,,,,,,https://harborridge.example.test/contact,CA,,1,GBP,System-Observed
TOUCH-000568,INQ-000262,2026-06-02T15:29:36,Local,GBP,,,,,,,https://harborridge.example.test/contact,OR,,1,GBP,System-Observed
TOUCH-000569,INQ-000263,2026-06-15T11:41:50,Direct,,,,,,,,https://harborridge.example.test/,NY,,1,Direct / Analytics,System-Observed
TOUCH-000570,INQ-000264,2026-06-06T14:35:00,Paid Search,Google Ads,CMP-1004,Residential Treatment - Geo,Detox Programs,substance abuse treatment options,substance abuse treatment options,Exact,https://harborridge.example.test/admissions,AZ,21.56,1,Google Ads,System-Observed
TOUCH-000571,INQ-000265,2026-06-19T07:24:55,Paid Social,Meta,CMP-3002,Recovery Journey - Lookalike,Family Support,,,,https://harborridge.example.test/family-support,CO,3.44,1,Meta,System-Observed
TOUCH-000572,INQ-000266,2026-06-04T16:04:30,Paid Search,Google Ads,CMP-1003,Detox Near Me - Geo,Residential Programs,family intervention help,family intervention help,Phrase,https://harborridge.example.test/admissions,OR,36.21,1,Google Ads,System-Observed
TOUCH-000573,INQ-000267,2026-06-08T09:48:44,Organic,Google Organic,,,,,,,https://harborridge.example.test/treatment-programs,FL,,1,Google Organic,System-Observed
TOUCH-000574,INQ-000268,2026-06-25T09:36:11,Paid Search,Google Ads,CMP-1002,Behavioral Health - Non-Brand,Admissions,detox center near me,detox center near me,Broad,https://harborridge.example.test/admissions,OR,37.86,1,Google Ads,System-Observed
TOUCH-000575,INQ-000269,2026-06-23T11:39:15,Paid Search,Google Ads,CMP-1005,Family Crisis - Non-Brand,Family Support,detox center near me,detox center near me,Exact,https://harborridge.example.test/admissions,FL,40.43,1,Google Ads,System-Observed
TOUCH-000576,INQ-000270,2026-06-08T08:14:27,Paid Search,Google Ads,CMP-1005,Family Crisis - Non-Brand,Detox Programs,inpatient mental health treatment,inpatient mental health treatment,Exact,https://harborridge.example.test/admissions,NY,35.74,1,Google Ads,System-Observed
TOUCH-000577,INQ-000271,2026-06-22T08:43:44,Paid Search,Google Ads,CMP-1005,Family Crisis - Non-Brand,Detox Programs,family intervention help,family intervention help,Broad,https://harborridge.example.test/admissions,NV,40.9,1,Google Ads,System-Observed
TOUCH-000578,INQ-000272,2026-06-18T11:46:30,Local,GBP,,,,,,,https://harborridge.example.test/contact,TX,,1,GBP,System-Observed
TOUCH-000579,INQ-000273,2026-06-02T08:24:05,Direct,,,,,,,,https://harborridge.example.test/,NV,,1,Direct / Analytics,System-Observed
TOUCH-000580,INQ-000277,2026-06-08T16:27:47,Paid Search,Google Ads,CMP-1001,Behavioral Health - Brand,Residential Programs,behavioral health treatment near me,behavioral health treatment near me,Broad,https://harborridge.example.test/admissions,AZ,29.19,1,Google Ads,System-Observed
TOUCH-000581,INQ-000278,2026-06-17T15:28:59,Paid Search,Google Ads,CMP-1003,Detox Near Me - Geo,Admissions,family intervention help,family intervention help,Exact,https://harborridge.example.test/admissions,CA,15.96,1,Google Ads,System-Observed
TOUCH-000582,INQ-000279,2026-06-12T13:48:45,Local,GBP,,,,,,,https://harborridge.example.test/contact,CO,,1,GBP,System-Observed
TOUCH-000583,INQ-000282,2026-06-01T11:42:22,Paid Search,Google Ads,CMP-1002,Behavioral Health - Non-Brand,Admissions,detox center near me,detox center near me,Exact,https://harborridge.example.test/admissions,WA,18.18,1,Google Ads,System-Observed
TOUCH-000584,INQ-000283,2026-06-24T08:12:00,Local,GBP,,,,,,,https://harborridge.example.test/contact,NV,,1,GBP,System-Observed
TOUCH-000585,INQ-000284,2026-06-20T08:50:16,Paid Search,Google Ads,CMP-1002,Behavioral Health - Non-Brand,Admissions,behavioral health treatment near me,behavioral health treatment near me,Exact,https://harborridge.example.test/admissions,NV,18.95,1,Google Ads,System-Observed
TOUCH-000586,INQ-000287,2026-06-25T06:47:56,Local,GBP,,,,,,,https://harborridge.example.test/contact,CA,,1,GBP,System-Observed
TOUCH-000587,INQ-000288,2026-06-26T16:06:25,Paid Search,Google Ads,CMP-1005,Family Crisis - Non-Brand,Family Support,behavioral health treatment near me,behavioral health treatment near me,Exact,https://harborridge.example.test/admissions,NV,16.65,1,Google Ads,System-Observed
TOUCH-000588,INQ-000289,2026-06-05T15:26:50,Organic,Google Organic,,,,,,,https://harborridge.example.test/treatment-programs,NV,,1,Google Organic,System-Observed
TOUCH-000589,INQ-000290,2026-06-21T10:46:22,Organic,Google Organic,,,,,,,https://harborridge.example.test/treatment-programs,UT,,1,Google Organic,System-Observed
TOUCH-000590,INQ-000292,2026-06-23T09:17:20,Organic,Google Organic,,,,,,,https://harborridge.example.test/treatment-programs,CA,,1,Google Organic,System-Observed
TOUCH-000591,INQ-000295,2026-06-04T09:55:35,Local,GBP,,,,,,,https://harborridge.example.test/contact,NY,,1,GBP,System-Observed
TOUCH-000592,INQ-000296,2026-06-04T08:04:46,Organic,Google Organic,,,,,,,https://harborridge.example.test/treatment-programs,WA,,1,Google Organic,System-Observed
TOUCH-000593,INQ-000299,2026-06-01T15:32:03,Local,GBP,,,,,,,https://harborridge.example.test/contact,FL,,1,GBP,System-Observed
TOUCH-000594,INQ-000300,2026-06-22T07:19:17,Paid Search,Google Ads,CMP-1002,Behavioral Health - Non-Brand,Family Support,inpatient mental health treatment,inpatient mental health treatment,Exact,https://harborridge.example.test/admissions,AZ,37.15,1,Google Ads,System-Observed
TOUCH-000595,INQ-000301,2026-06-07T09:15:33,Direct,,,,,,,,https://harborridge.example.test/,NV,,1,Direct / Analytics,System-Observed
TOUCH-000596,INQ-000303,2026-06-01T11:38:48,Direct,,,,,,,,https://harborridge.example.test/,CA,,1,Direct / Analytics,System-Observed
TOUCH-000597,INQ-000304,2026-06-02T12:28:05,Organic,Google Organic,,,,,,,https://harborridge.example.test/treatment-programs,AZ,,1,Google Organic,System-Observed
TOUCH-000598,INQ-000306,2026-06-21T14:53:38,Paid Search,Google Ads,CMP-1004,Residential Treatment - Geo,Admissions,detox center near me,detox center near me,Phrase,https://harborridge.example.test/admissions,CA,15.95,1,Google Ads,System-Observed
TOUCH-000599,INQ-000308,2026-06-14T14:12:10,Local,GBP,,,,,,,https://harborridge.example.test/contact,CA,,1,GBP,System-Observed
TOUCH-000600,INQ-000310,2026-06-13T09:38:51,Paid Search,Google Ads,CMP-1002,Behavioral Health - Non-Brand,Admissions,detox center near me,detox center near me,Broad,https://harborridge.example.test/admissions,CO,35.27,1,Google Ads,System-Observed
TOUCH-000601,INQ-000311,2026-06-25T19:50:49,Direct,,,,,,,,https://harborridge.example.test/,NV,,1,Direct / Analytics,System-Observed
TOUCH-000602,INQ-000312,2026-06-10T09:14:19,Organic,Google Organic,,,,,,,https://harborridge.example.test/treatment-programs,FL,,1,Google Organic,System-Observed
TOUCH-000603,INQ-000314,2026-06-10T20:26:10,Paid Social,Meta,CMP-3002,Recovery Journey - Lookalike,Community Awareness,,,,https://harborridge.example.test/family-support,CA,6.02,1,Meta,System-Observed
TOUCH-000604,INQ-000316,2026-06-25T16:09:36,Paid Search,Google Ads,CMP-1003,Detox Near Me - Geo,Detox Programs,family intervention help,family intervention help,Exact,https://harborridge.example.test/admissions,FL,26.9,1,Google Ads,System-Observed
TOUCH-000605,INQ-000319,2026-06-16T15:58:20,Paid Search,Google Ads,CMP-1002,Behavioral Health - Non-Brand,Residential Programs,family intervention help,family intervention help,Broad,https://harborridge.example.test/admissions,NV,38.27,1,Google Ads,System-Observed
TOUCH-000606,INQ-000322,2026-06-09T10:16:27,Paid Search,Google Ads,CMP-1004,Residential Treatment - Geo,Detox Programs,residential treatment center,residential treatment center,Broad,https://harborridge.example.test/admissions,NY,18.52,1,Google Ads,System-Observed
TOUCH-000607,INQ-000323,2026-06-09T19:50:00,Paid Search,Google Ads,CMP-1005,Family Crisis - Non-Brand,Detox Programs,behavioral health treatment near me,behavioral health treatment near me,Broad,https://harborridge.example.test/admissions,UT,17.27,1,Google Ads,System-Observed
TOUCH-000608,INQ-000325,2026-06-13T15:21:11,Paid Search,Google Ads,CMP-1002,Behavioral Health - Non-Brand,Detox Programs,behavioral health treatment near me,behavioral health treatment near me,Phrase,https://harborridge.example.test/admissions,TX,36.38,1,Google Ads,System-Observed
TOUCH-000609,INQ-000326,2026-06-15T15:51:14,Paid Search,Google Ads,CMP-1002,Behavioral Health - Non-Brand,Admissions,family intervention help,family intervention help,Phrase,https://harborridge.example.test/admissions,CA,27.74,1,Google Ads,System-Observed
TOUCH-000610,INQ-000327,2026-06-23T18:13:00,Organic,Google Organic,,,,,,,https://harborridge.example.test/treatment-programs,FL,,1,Google Organic,System-Observed
TOUCH-000611,INQ-000330,2026-06-13T14:14:54,Paid Search,Microsoft Ads,CMP-2001,Behavioral Health - Brand (Bing),Admissions,substance abuse treatment options,substance abuse treatment options,Broad,https://harborridge.example.test/admissions,UT,23.78,1,Microsoft Ads,System-Observed
TOUCH-000612,INQ-000331,2026-06-21T15:57:22,Paid Search,Google Ads,CMP-1004,Residential Treatment - Geo,Admissions,detox center near me,detox center near me,Exact,https://harborridge.example.test/admissions,TX,21.87,1,Google Ads,System-Observed
TOUCH-000613,INQ-000332,2026-06-26T18:15:40,Paid Search,Google Ads,CMP-1001,Behavioral Health - Brand,Admissions,detox center near me,detox center near me,Exact,https://harborridge.example.test/admissions,CA,36.4,1,Google Ads,System-Observed
TOUCH-000614,INQ-000333,2026-06-04T10:26:02,Local,GBP,,,,,,,https://harborridge.example.test/contact,OR,,1,GBP,System-Observed
TOUCH-000615,INQ-000335,2026-06-06T20:22:19,Local,GBP,,,,,,,https://harborridge.example.test/contact,NY,,1,GBP,System-Observed
TOUCH-000616,INQ-000336,2026-06-05T09:27:15,Organic,Google Organic,,,,,,,https://harborridge.example.test/treatment-programs,CO,,1,Google Organic,System-Observed
TOUCH-000617,INQ-000338,2026-06-01T20:46:25,Direct,,,,,,,,https://harborridge.example.test/,AZ,,1,Direct / Analytics,System-Observed
TOUCH-000618,INQ-000339,2026-06-11T07:59:41,Paid Search,Google Ads,CMP-1001,Behavioral Health - Brand,Detox Programs,inpatient mental health treatment,inpatient mental health treatment,Broad,https://harborridge.example.test/admissions,AZ,20.88,1,Google Ads,System-Observed
TOUCH-000619,INQ-000340,2026-06-19T11:34:45,Paid Search,Google Ads,CMP-1004,Residential Treatment - Geo,Admissions,family intervention help,family intervention help,Phrase,https://harborridge.example.test/admissions,UT,21.5,1,Google Ads,System-Observed
TOUCH-000620,INQ-000341,2026-06-07T15:01:51,Paid Search,Google Ads,CMP-1001,Behavioral Health - Brand,Detox Programs,behavioral health treatment near me,behavioral health treatment near me,Exact,https://harborridge.example.test/admissions,TX,28.37,1,Google Ads,System-Observed
TOUCH-000621,INQ-000342,2026-06-02T11:23:50,Paid Search,Google Ads,CMP-1005,Family Crisis - Non-Brand,Family Support,inpatient mental health treatment,inpatient mental health treatment,Phrase,https://harborridge.example.test/admissions,CA,41.21,1,Google Ads,System-Observed
TOUCH-000622,INQ-000343,2026-06-04T07:26:37,Local,GBP,,,,,,,https://harborridge.example.test/contact,UT,,1,GBP,System-Observed
TOUCH-000623,INQ-000345,2026-06-06T08:41:32,Organic,Google Organic,,,,,,,https://harborridge.example.test/treatment-programs,OR,,1,Google Organic,System-Observed
TOUCH-000624,INQ-000346,2026-06-10T12:12:38,Paid Search,Google Ads,CMP-1003,Detox Near Me - Geo,Detox Programs,substance abuse treatment options,substance abuse treatment options,Broad,https://harborridge.example.test/admissions,AZ,27.64,1,Google Ads,System-Observed
TOUCH-000625,INQ-000347,2026-06-14T09:49:43,Organic,Google Organic,,,,,,,https://harborridge.example.test/treatment-programs,OR,,1,Google Organic,System-Observed
TOUCH-000626,INQ-000348,2026-06-04T08:00:47,Organic,Google Organic,,,,,,,https://harborridge.example.test/treatment-programs,AZ,,1,Google Organic,System-Observed
TOUCH-000627,INQ-000349,2026-06-20T10:57:09,Local,GBP,,,,,,,https://harborridge.example.test/contact,NV,,1,GBP,System-Observed
TOUCH-000628,INQ-000351,2026-06-18T16:04:12,Direct,,,,,,,,https://harborridge.example.test/,NY,,1,Direct / Analytics,System-Observed
TOUCH-000629,INQ-000352,2026-06-07T06:52:24,Paid Search,Google Ads,CMP-1002,Behavioral Health - Non-Brand,Family Support,residential treatment center,residential treatment center,Phrase,https://harborridge.example.test/admissions,TX,25.82,1,Google Ads,System-Observed
TOUCH-000630,INQ-000353,2026-06-25T12:51:17,Paid Search,Google Ads,CMP-1005,Family Crisis - Non-Brand,Admissions,family intervention help,family intervention help,Exact,https://harborridge.example.test/admissions,AZ,36.27,1,Google Ads,System-Observed
TOUCH-000631,INQ-000354,2026-06-14T13:57:14,Direct,,,,,,,,https://harborridge.example.test/,NV,,1,Direct / Analytics,System-Observed
TOUCH-000632,INQ-000355,2026-06-05T12:03:35,Paid Search,Google Ads,CMP-1001,Behavioral Health - Brand,Residential Programs,family intervention help,family intervention help,Phrase,https://harborridge.example.test/admissions,NY,39.04,1,Google Ads,System-Observed
TOUCH-000633,INQ-000356,2026-06-23T18:00:43,Paid Search,Google Ads,CMP-1005,Family Crisis - Non-Brand,Family Support,substance abuse treatment options,substance abuse treatment options,Phrase,https://harborridge.example.test/admissions,NV,28.12,1,Google Ads,System-Observed
TOUCH-000634,INQ-000357,2026-06-05T05:51:15,Organic,Google Organic,,,,,,,https://harborridge.example.test/treatment-programs,WA,,1,Google Organic,System-Observed
TOUCH-000635,INQ-000358,2026-06-06T14:50:20,Organic,Google Organic,,,,,,,https://harborridge.example.test/treatment-programs,WA,,1,Google Organic,System-Observed
TOUCH-000636,INQ-000361,2026-06-12T11:51:05,Paid Social,Meta,CMP-3002,Recovery Journey - Lookalike,Community Awareness,,,,https://harborridge.example.test/family-support,NV,12.31,1,Meta,System-Observed
TOUCH-000637,INQ-000362,2026-06-04T08:11:50,Organic,Google Organic,,,,,,,https://harborridge.example.test/treatment-programs,UT,,1,Google Organic,System-Observed
TOUCH-000638,INQ-000363,2026-06-15T06:05:51,Organic,Google Organic,,,,,,,https://harborridge.example.test/treatment-programs,FL,,1,Google Organic,System-Observed
TOUCH-000639,INQ-000364,2026-06-08T19:40:27,Paid Search,Google Ads,CMP-1005,Family Crisis - Non-Brand,Detox Programs,substance abuse treatment options,substance abuse treatment options,Phrase,https://harborridge.example.test/admissions,OR,28.85,1,Google Ads,System-Observed
TOUCH-000640,INQ-000366,2026-06-17T11:00:52,Paid Search,Google Ads,CMP-1002,Behavioral Health - Non-Brand,Admissions,substance abuse treatment options,substance abuse treatment options,Exact,https://harborridge.example.test/admissions,UT,23.06,1,Google Ads,System-Observed
TOUCH-000641,INQ-000367,2026-06-01T11:18:54,Local,GBP,,,,,,,https://harborridge.example.test/contact,CA,,1,GBP,System-Observed
TOUCH-000642,INQ-000368,2026-06-04T08:18:11,Organic,Google Organic,,,,,,,https://harborridge.example.test/treatment-programs,OR,,1,Google Organic,System-Observed
TOUCH-000643,INQ-000369,2026-06-25T09:30:59,Organic,Google Organic,,,,,,,https://harborridge.example.test/treatment-programs,NY,,1,Google Organic,System-Observed
TOUCH-000644,INQ-000370,2026-06-07T08:00:39,Organic,Google Organic,,,,,,,https://harborridge.example.test/treatment-programs,AZ,,1,Google Organic,System-Observed
TOUCH-000645,INQ-000371,2026-06-22T07:23:36,Direct,,,,,,,,https://harborridge.example.test/,NV,,1,Direct / Analytics,System-Observed
TOUCH-000646,INQ-000372,2026-06-22T11:51:17,Paid Search,Google Ads,CMP-1005,Family Crisis - Non-Brand,Detox Programs,detox center near me,detox center near me,Broad,https://harborridge.example.test/admissions,NY,22.99,1,Google Ads,System-Observed
TOUCH-000647,INQ-000373,2026-06-24T09:46:18,Direct,,,,,,,,https://harborridge.example.test/,TX,,1,Direct / Analytics,System-Observed
TOUCH-000648,INQ-000374,2026-06-20T09:44:55,Organic,Google Organic,,,,,,,https://harborridge.example.test/treatment-programs,FL,,1,Google Organic,System-Observed
TOUCH-000649,INQ-000375,2026-06-26T08:12:04,Organic,Google Organic,,,,,,,https://harborridge.example.test/treatment-programs,NV,,1,Google Organic,System-Observed
TOUCH-000650,INQ-000378,2026-06-24T08:05:15,Paid Search,Microsoft Ads,CMP-2002,Residential Treatment - Geo (Bing),Residential Programs,residential treatment center,residential treatment center,Exact,https://harborridge.example.test/admissions,UT,19.71,1,Microsoft Ads,System-Observed
TOUCH-000651,INQ-000380,2026-06-21T16:00:32,Organic,Google Organic,,,,,,,https://harborridge.example.test/treatment-programs,FL,,1,Google Organic,System-Observed
TOUCH-000652,INQ-000382,2026-06-13T11:56:01,Paid Search,Google Ads,CMP-1003,Detox Near Me - Geo,Detox Programs,inpatient mental health treatment,inpatient mental health treatment,Broad,https://harborridge.example.test/admissions,AZ,38.41,1,Google Ads,System-Observed
TOUCH-000653,INQ-000383,2026-06-24T09:34:25,Paid Search,Google Ads,CMP-1001,Behavioral Health - Brand,Admissions,behavioral health treatment near me,behavioral health treatment near me,Broad,https://harborridge.example.test/admissions,WA,20.37,1,Google Ads,System-Observed
TOUCH-000654,INQ-000385,2026-06-25T15:35:36,Paid Search,Google Ads,CMP-1004,Residential Treatment - Geo,Detox Programs,family intervention help,family intervention help,Exact,https://harborridge.example.test/admissions,OR,14.22,1,Google Ads,System-Observed
TOUCH-000655,INQ-000386,2026-06-20T18:22:14,Paid Social,Meta,CMP-3001,Family Support Awareness,Family Support,,,,https://harborridge.example.test/family-support,NV,4.33,1,Meta,System-Observed
TOUCH-000656,INQ-000388,2026-06-08T12:16:40,Organic,Google Organic,,,,,,,https://harborridge.example.test/treatment-programs,TX,,1,Google Organic,System-Observed
TOUCH-000657,INQ-000389,2026-06-01T08:05:16,Paid Search,Google Ads,CMP-1004,Residential Treatment - Geo,Residential Programs,substance abuse treatment options,substance abuse treatment options,Exact,https://harborridge.example.test/admissions,CA,42.74,1,Google Ads,System-Observed
TOUCH-000658,INQ-000390,2026-06-06T11:02:03,Paid Search,Google Ads,CMP-1004,Residential Treatment - Geo,Residential Programs,residential treatment center,residential treatment center,Broad,https://harborridge.example.test/admissions,OR,38.97,1,Google Ads,System-Observed
TOUCH-000659,INQ-000393,2026-06-09T16:30:36,Organic,Google Organic,,,,,,,https://harborridge.example.test/treatment-programs,WA,,1,Google Organic,System-Observed
TOUCH-000660,INQ-000394,2026-06-22T17:01:34,Paid Search,Microsoft Ads,CMP-2001,Behavioral Health - Brand (Bing),Admissions,substance abuse treatment options,substance abuse treatment options,Broad,https://harborridge.example.test/admissions,NV,31.36,1,Microsoft Ads,System-Observed
TOUCH-000661,INQ-000395,2026-06-26T07:51:36,Direct,,,,,,,,https://harborridge.example.test/,FL,,1,Direct / Analytics,System-Observed
TOUCH-000662,INQ-000396,2026-06-13T13:51:14,Direct,,,,,,,,https://harborridge.example.test/,CA,,1,Direct / Analytics,System-Observed
TOUCH-000663,INQ-000398,2026-06-08T11:30:12,Paid Search,Google Ads,CMP-1005,Family Crisis - Non-Brand,Family Support,family intervention help,family intervention help,Broad,https://harborridge.example.test/admissions,OR,27.16,1,Google Ads,System-Observed
TOUCH-000664,INQ-000400,2026-06-15T15:33:13,Paid Social,Meta,CMP-3002,Recovery Journey - Lookalike,Community Awareness,,,,https://harborridge.example.test/family-support,NV,4.03,1,Meta,System-Observed
TOUCH-000665,INQ-000401,2026-06-06T11:50:53,Paid Search,Google Ads,CMP-1003,Detox Near Me - Geo,Residential Programs,substance abuse treatment options,substance abuse treatment options,Phrase,https://harborridge.example.test/admissions,AZ,16.15,1,Google Ads,System-Observed
TOUCH-000666,INQ-000402,2026-06-13T15:03:55,Paid Search,Google Ads,CMP-1001,Behavioral Health - Brand,Family Support,substance abuse treatment options,substance abuse treatment options,Exact,https://harborridge.example.test/admissions,CA,17.78,1,Google Ads,System-Observed
TOUCH-000667,INQ-000403,2026-06-05T08:31:57,Direct,,,,,,,,https://harborridge.example.test/,NY,,1,Direct / Analytics,System-Observed
TOUCH-000668,INQ-000404,2026-06-17T18:34:07,Paid Search,Google Ads,CMP-1004,Residential Treatment - Geo,Family Support,residential treatment center,residential treatment center,Phrase,https://harborridge.example.test/admissions,TX,41.68,1,Google Ads,System-Observed
TOUCH-000669,INQ-000405,2026-06-10T08:10:51,Paid Search,Google Ads,CMP-1001,Behavioral Health - Brand,Admissions,behavioral health treatment near me,behavioral health treatment near me,Phrase,https://harborridge.example.test/admissions,OR,44.53,1,Google Ads,System-Observed
TOUCH-000670,INQ-000406,2026-06-08T16:25:29,Organic,Google Organic,,,,,,,https://harborridge.example.test/treatment-programs,TX,,1,Google Organic,System-Observed
TOUCH-000671,INQ-000407,2026-06-05T15:18:47,Local,GBP,,,,,,,https://harborridge.example.test/contact,UT,,1,GBP,System-Observed
TOUCH-000672,INQ-000408,2026-06-22T08:51:21,Paid Social,Meta,CMP-3002,Recovery Journey - Lookalike,Community Awareness,,,,https://harborridge.example.test/family-support,CA,4.56,1,Meta,System-Observed
TOUCH-000673,INQ-000411,2026-06-20T14:55:45,Local,GBP,,,,,,,https://harborridge.example.test/contact,NY,,1,GBP,System-Observed
TOUCH-000674,INQ-000412,2026-06-13T13:45:23,Organic,Google Organic,,,,,,,https://harborridge.example.test/treatment-programs,NY,,1,Google Organic,System-Observed
TOUCH-000675,INQ-000413,2026-06-02T17:58:37,Paid Social,Meta,CMP-3002,Recovery Journey - Lookalike,Family Support,,,,https://harborridge.example.test/family-support,CO,8.21,1,Meta,System-Observed
TOUCH-000676,INQ-000414,2026-06-12T16:18:29,Paid Search,Google Ads,CMP-1001,Behavioral Health - Brand,Admissions,detox center near me,detox center near me,Exact,https://harborridge.example.test/admissions,OR,34.14,1,Google Ads,System-Observed
TOUCH-000677,INQ-000415,2026-06-16T06:21:09,Organic,Google Organic,,,,,,,https://harborridge.example.test/treatment-programs,NV,,1,Google Organic,System-Observed
TOUCH-000678,INQ-000416,2026-06-02T09:07:57,Paid Search,Google Ads,CMP-1004,Residential Treatment - Geo,Residential Programs,behavioral health treatment near me,behavioral health treatment near me,Broad,https://harborridge.example.test/admissions,AZ,26.67,1,Google Ads,System-Observed
TOUCH-000679,INQ-000418,2026-06-21T07:57:12,Paid Search,Google Ads,CMP-1002,Behavioral Health - Non-Brand,Admissions,family intervention help,family intervention help,Exact,https://harborridge.example.test/admissions,NV,17.0,1,Google Ads,System-Observed
TOUCH-000680,,2026-06-06T19:29:21,Paid Search,Google Ads,CMP-1005,Family Crisis - Non-Brand,Detox Programs,detox center near me,detox center near me,Broad,https://harborridge.example.test/admissions,FL,41.02,0,Google Ads,System-Observed
TOUCH-000681,,2026-06-03T07:05:20,Paid Search,Google Ads,CMP-1002,Behavioral Health - Non-Brand,Detox Programs,detox center near me,detox center near me,Broad,https://harborridge.example.test/admissions,NV,27.58,0,Google Ads,System-Observed
TOUCH-000682,,2026-06-16T18:44:33,Paid Search,Google Ads,CMP-1002,Behavioral Health - Non-Brand,Family Support,inpatient mental health treatment,inpatient mental health treatment,Broad,https://harborridge.example.test/admissions,AZ,24.11,0,Google Ads,System-Observed
TOUCH-000683,,2026-06-19T20:24:40,Paid Search,Google Ads,CMP-1002,Behavioral Health - Non-Brand,Admissions,residential treatment center,residential treatment center,Broad,https://harborridge.example.test/admissions,FL,40.27,0,Google Ads,System-Observed
TOUCH-000684,,2026-06-23T17:05:27,Paid Search,Google Ads,CMP-1001,Behavioral Health - Brand,Detox Programs,inpatient mental health treatment,inpatient mental health treatment,Broad,https://harborridge.example.test/admissions,NV,38.44,0,Google Ads,System-Observed
TOUCH-000685,,2026-06-10T17:30:49,Paid Search,Google Ads,CMP-1003,Detox Near Me - Geo,Family Support,substance abuse treatment options,substance abuse treatment options,Phrase,https://harborridge.example.test/admissions,AZ,25.77,0,Google Ads,System-Observed
TOUCH-000686,,2026-06-08T07:23:34,Paid Search,Google Ads,CMP-1001,Behavioral Health - Brand,Family Support,residential treatment center,residential treatment center,Phrase,https://harborridge.example.test/admissions,UT,16.71,0,Google Ads,System-Observed
TOUCH-000687,,2026-06-26T15:36:29,Paid Search,Google Ads,CMP-1002,Behavioral Health - Non-Brand,Detox Programs,residential treatment center,residential treatment center,Exact,https://harborridge.example.test/admissions,CA,16.42,0,Google Ads,System-Observed
TOUCH-000688,,2026-06-10T11:34:03,Paid Search,Google Ads,CMP-1001,Behavioral Health - Brand,Family Support,family intervention help,family intervention help,Exact,https://harborridge.example.test/admissions,CO,41.7,0,Google Ads,System-Observed
TOUCH-000689,,2026-06-07T12:16:16,Paid Search,Google Ads,CMP-1001,Behavioral Health - Brand,Residential Programs,substance abuse treatment options,substance abuse treatment options,Broad,https://harborridge.example.test/admissions,AZ,39.07,0,Google Ads,System-Observed
TOUCH-000690,,2026-06-07T07:58:48,Paid Search,Google Ads,CMP-1003,Detox Near Me - Geo,Family Support,substance abuse treatment options,substance abuse treatment options,Broad,https://harborridge.example.test/admissions,TX,28.76,0,Google Ads,System-Observed
TOUCH-000691,,2026-06-15T19:51:45,Paid Search,Google Ads,CMP-1005,Family Crisis - Non-Brand,Admissions,family intervention help,family intervention help,Exact,https://harborridge.example.test/admissions,AZ,42.53,0,Google Ads,System-Observed
TOUCH-000692,,2026-06-12T17:51:20,Paid Search,Google Ads,CMP-1005,Family Crisis - Non-Brand,Detox Programs,detox center near me,detox center near me,Broad,https://harborridge.example.test/admissions,FL,23.57,0,Google Ads,System-Observed
TOUCH-000693,,2026-06-24T18:47:46,Paid Search,Google Ads,CMP-1005,Family Crisis - Non-Brand,Admissions,behavioral health treatment near me,behavioral health treatment near me,Exact,https://harborridge.example.test/admissions,NV,34.97,0,Google Ads,System-Observed
TOUCH-000694,,2026-06-06T13:31:20,Paid Search,Google Ads,CMP-1003,Detox Near Me - Geo,Family Support,residential treatment center,residential treatment center,Phrase,https://harborridge.example.test/admissions,UT,20.92,0,Google Ads,System-Observed
TOUCH-000695,,2026-06-21T07:29:24,Paid Search,Google Ads,CMP-1002,Behavioral Health - Non-Brand,Detox Programs,detox center near me,detox center near me,Exact,https://harborridge.example.test/admissions,NV,21.84,0,Google Ads,System-Observed
TOUCH-000696,,2026-06-21T20:00:35,Paid Search,Google Ads,CMP-1002,Behavioral Health - Non-Brand,Family Support,family intervention help,family intervention help,Exact,https://harborridge.example.test/admissions,UT,27.49,0,Google Ads,System-Observed
TOUCH-000697,,2026-06-22T08:14:32,Paid Search,Google Ads,CMP-1004,Residential Treatment - Geo,Residential Programs,detox center near me,detox center near me,Exact,https://harborridge.example.test/admissions,CO,42.21,0,Google Ads,System-Observed
TOUCH-000698,,2026-06-20T16:26:07,Paid Search,Google Ads,CMP-1005,Family Crisis - Non-Brand,Residential Programs,behavioral health treatment near me,behavioral health treatment near me,Broad,https://harborridge.example.test/admissions,FL,39.47,0,Google Ads,System-Observed
TOUCH-000699,,2026-06-19T18:19:01,Paid Search,Google Ads,CMP-1003,Detox Near Me - Geo,Detox Programs,inpatient mental health treatment,inpatient mental health treatment,Exact,https://harborridge.example.test/admissions,WA,17.88,0,Google Ads,System-Observed
TOUCH-000700,,2026-06-09T13:53:19,Paid Search,Google Ads,CMP-1002,Behavioral Health - Non-Brand,Detox Programs,behavioral health treatment near me,behavioral health treatment near me,Phrase,https://harborridge.example.test/admissions,WA,38.67,0,Google Ads,System-Observed
TOUCH-000701,,2026-06-03T15:34:13,Paid Search,Google Ads,CMP-1002,Behavioral Health - Non-Brand,Detox Programs,substance abuse treatment options,substance abuse treatment options,Broad,https://harborridge.example.test/admissions,CA,38.59,0,Google Ads,System-Observed
TOUCH-000702,,2026-06-13T16:01:58,Paid Search,Google Ads,CMP-1001,Behavioral Health - Brand,Family Support,substance abuse treatment options,substance abuse treatment options,Broad,https://harborridge.example.test/admissions,WA,23.03,0,Google Ads,System-Observed
TOUCH-000703,,2026-06-20T13:27:53,Paid Search,Google Ads,CMP-1004,Residential Treatment - Geo,Admissions,substance abuse treatment options,substance abuse treatment options,Broad,https://harborridge.example.test/admissions,AZ,28.6,0,Google Ads,System-Observed
TOUCH-000704,,2026-06-04T19:56:21,Paid Search,Google Ads,CMP-1001,Behavioral Health - Brand,Admissions,residential treatment center,residential treatment center,Broad,https://harborridge.example.test/admissions,NY,40.22,0,Google Ads,System-Observed
TOUCH-000705,,2026-06-05T12:25:21,Paid Search,Google Ads,CMP-1002,Behavioral Health - Non-Brand,Residential Programs,family intervention help,family intervention help,Phrase,https://harborridge.example.test/admissions,CO,30.1,0,Google Ads,System-Observed
TOUCH-000706,,2026-06-10T12:28:05,Paid Search,Google Ads,CMP-1003,Detox Near Me - Geo,Family Support,behavioral health treatment near me,behavioral health treatment near me,Exact,https://harborridge.example.test/admissions,TX,19.1,0,Google Ads,System-Observed
TOUCH-000707,,2026-06-17T13:48:31,Paid Search,Google Ads,CMP-1004,Residential Treatment - Geo,Family Support,substance abuse treatment options,substance abuse treatment options,Exact,https://harborridge.example.test/admissions,NV,25.77,0,Google Ads,System-Observed
TOUCH-000708,,2026-06-01T20:07:40,Paid Search,Google Ads,CMP-1005,Family Crisis - Non-Brand,Admissions,detox center near me,detox center near me,Phrase,https://harborridge.example.test/admissions,TX,30.86,0,Google Ads,System-Observed
TOUCH-000709,,2026-06-25T19:13:04,Paid Search,Google Ads,CMP-1003,Detox Near Me - Geo,Residential Programs,residential treatment center,residential treatment center,Phrase,https://harborridge.example.test/admissions,FL,14.33,0,Google Ads,System-Observed
TOUCH-000710,,2026-06-24T19:15:15,Paid Search,Google Ads,CMP-1003,Detox Near Me - Geo,Family Support,substance abuse treatment options,substance abuse treatment options,Phrase,https://harborridge.example.test/admissions,CA,42.69,0,Google Ads,System-Observed
TOUCH-000711,,2026-06-10T13:07:02,Paid Search,Google Ads,CMP-1001,Behavioral Health - Brand,Family Support,detox center near me,detox center near me,Broad,https://harborridge.example.test/admissions,NV,29.75,0,Google Ads,System-Observed
TOUCH-000712,,2026-06-21T18:03:20,Paid Search,Google Ads,CMP-1002,Behavioral Health - Non-Brand,Family Support,behavioral health treatment near me,behavioral health treatment near me,Phrase,https://harborridge.example.test/admissions,TX,26.19,0,Google Ads,System-Observed
TOUCH-000713,,2026-06-28T15:31:43,Paid Search,Google Ads,CMP-1005,Family Crisis - Non-Brand,Residential Programs,substance abuse treatment options,substance abuse treatment options,Exact,https://harborridge.example.test/admissions,TX,35.83,0,Google Ads,System-Observed
TOUCH-000714,,2026-06-19T16:04:23,Paid Search,Google Ads,CMP-1002,Behavioral Health - Non-Brand,Family Support,family intervention help,family intervention help,Broad,https://harborridge.example.test/admissions,NY,34.2,0,Google Ads,System-Observed
TOUCH-000715,,2026-06-20T12:08:13,Paid Search,Google Ads,CMP-1005,Family Crisis - Non-Brand,Family Support,residential treatment center,residential treatment center,Broad,https://harborridge.example.test/admissions,WA,35.12,0,Google Ads,System-Observed
TOUCH-000716,,2026-06-09T12:26:16,Paid Search,Google Ads,CMP-1003,Detox Near Me - Geo,Family Support,inpatient mental health treatment,inpatient mental health treatment,Broad,https://harborridge.example.test/admissions,AZ,38.7,0,Google Ads,System-Observed
TOUCH-000717,,2026-06-08T07:38:01,Paid Search,Google Ads,CMP-1001,Behavioral Health - Brand,Detox Programs,behavioral health treatment near me,behavioral health treatment near me,Phrase,https://harborridge.example.test/admissions,WA,43.46,0,Google Ads,System-Observed
TOUCH-000718,,2026-06-12T18:39:13,Paid Search,Google Ads,CMP-1003,Detox Near Me - Geo,Admissions,inpatient mental health treatment,inpatient mental health treatment,Phrase,https://harborridge.example.test/admissions,CA,30.9,0,Google Ads,System-Observed
TOUCH-000719,,2026-06-20T20:40:20,Paid Search,Google Ads,CMP-1002,Behavioral Health - Non-Brand,Family Support,detox center near me,detox center near me,Broad,https://harborridge.example.test/admissions,AZ,24.39,0,Google Ads,System-Observed
TOUCH-000720,,2026-06-10T11:39:05,Paid Search,Google Ads,CMP-1001,Behavioral Health - Brand,Detox Programs,residential treatment center,residential treatment center,Phrase,https://harborridge.example.test/admissions,UT,30.62,0,Google Ads,System-Observed
TOUCH-000721,,2026-06-29T09:09:33,Paid Search,Google Ads,CMP-1003,Detox Near Me - Geo,Admissions,substance abuse treatment options,substance abuse treatment options,Exact,https://harborridge.example.test/admissions,NY,22.32,0,Google Ads,System-Observed
TOUCH-000722,,2026-06-01T20:12:32,Paid Search,Google Ads,CMP-1005,Family Crisis - Non-Brand,Family Support,inpatient mental health treatment,inpatient mental health treatment,Phrase,https://harborridge.example.test/admissions,CA,16.35,0,Google Ads,System-Observed
TOUCH-000723,,2026-06-17T07:18:31,Paid Search,Google Ads,CMP-1003,Detox Near Me - Geo,Admissions,inpatient mental health treatment,inpatient mental health treatment,Broad,https://harborridge.example.test/admissions,CA,37.36,0,Google Ads,System-Observed
TOUCH-000724,,2026-06-11T08:22:50,Paid Search,Google Ads,CMP-1004,Residential Treatment - Geo,Family Support,detox center near me,detox center near me,Exact,https://harborridge.example.test/admissions,FL,35.03,0,Google Ads,System-Observed
TOUCH-000725,,2026-06-29T10:38:14,Paid Search,Google Ads,CMP-1001,Behavioral Health - Brand,Detox Programs,inpatient mental health treatment,inpatient mental health treatment,Broad,https://harborridge.example.test/admissions,WA,23.8,0,Google Ads,System-Observed
TOUCH-000726,,2026-06-20T18:23:38,Paid Search,Google Ads,CMP-1001,Behavioral Health - Brand,Residential Programs,behavioral health treatment near me,behavioral health treatment near me,Broad,https://harborridge.example.test/admissions,CA,25.4,0,Google Ads,System-Observed
TOUCH-000727,,2026-06-04T11:53:16,Paid Search,Google Ads,CMP-1001,Behavioral Health - Brand,Family Support,detox center near me,detox center near me,Phrase,https://harborridge.example.test/admissions,FL,16.2,0,Google Ads,System-Observed
TOUCH-000728,,2026-06-25T20:35:58,Paid Search,Google Ads,CMP-1002,Behavioral Health - Non-Brand,Detox Programs,behavioral health treatment near me,behavioral health treatment near me,Exact,https://harborridge.example.test/admissions,WA,25.96,0,Google Ads,System-Observed
TOUCH-000729,,2026-06-05T12:35:25,Paid Search,Google Ads,CMP-1005,Family Crisis - Non-Brand,Admissions,behavioral health treatment near me,behavioral health treatment near me,Exact,https://harborridge.example.test/admissions,TX,42.16,0,Google Ads,System-Observed
TOUCH-000730,,2026-06-28T14:40:53,Paid Search,Google Ads,CMP-1003,Detox Near Me - Geo,Family Support,inpatient mental health treatment,inpatient mental health treatment,Exact,https://harborridge.example.test/admissions,TX,28.95,0,Google Ads,System-Observed
TOUCH-000731,,2026-06-02T08:33:02,Paid Search,Google Ads,CMP-1002,Behavioral Health - Non-Brand,Detox Programs,residential treatment center,residential treatment center,Phrase,https://harborridge.example.test/admissions,CA,20.64,0,Google Ads,System-Observed
TOUCH-000732,,2026-06-17T07:55:40,Paid Search,Google Ads,CMP-1005,Family Crisis - Non-Brand,Family Support,behavioral health treatment near me,behavioral health treatment near me,Phrase,https://harborridge.example.test/admissions,NV,25.3,0,Google Ads,System-Observed
TOUCH-000733,,2026-06-14T16:30:33,Paid Search,Google Ads,CMP-1001,Behavioral Health - Brand,Admissions,residential treatment center,residential treatment center,Phrase,https://harborridge.example.test/admissions,OR,21.0,0,Google Ads,System-Observed
TOUCH-000734,,2026-06-28T16:37:21,Paid Search,Google Ads,CMP-1004,Residential Treatment - Geo,Residential Programs,substance abuse treatment options,substance abuse treatment options,Broad,https://harborridge.example.test/admissions,CA,17.43,0,Google Ads,System-Observed
TOUCH-000735,,2026-06-11T19:23:27,Paid Search,Google Ads,CMP-1001,Behavioral Health - Brand,Family Support,residential treatment center,residential treatment center,Exact,https://harborridge.example.test/admissions,NV,21.81,0,Google Ads,System-Observed
TOUCH-000736,,2026-06-07T12:07:16,Paid Search,Google Ads,CMP-1001,Behavioral Health - Brand,Detox Programs,inpatient mental health treatment,inpatient mental health treatment,Exact,https://harborridge.example.test/admissions,NY,16.46,0,Google Ads,System-Observed
TOUCH-000737,,2026-06-30T11:35:36,Paid Search,Google Ads,CMP-1001,Behavioral Health - Brand,Residential Programs,inpatient mental health treatment,inpatient mental health treatment,Exact,https://harborridge.example.test/admissions,FL,15.83,0,Google Ads,System-Observed
TOUCH-000738,,2026-06-18T17:19:55,Paid Search,Google Ads,CMP-1005,Family Crisis - Non-Brand,Family Support,family intervention help,family intervention help,Broad,https://harborridge.example.test/admissions,WA,43.16,0,Google Ads,System-Observed
TOUCH-000739,,2026-06-18T08:42:47,Paid Search,Google Ads,CMP-1003,Detox Near Me - Geo,Admissions,residential treatment center,residential treatment center,Exact,https://harborridge.example.test/admissions,WA,35.7,0,Google Ads,System-Observed
TOUCH-000740,,2026-06-22T07:27:36,Paid Search,Google Ads,CMP-1004,Residential Treatment - Geo,Residential Programs,detox center near me,detox center near me,Phrase,https://harborridge.example.test/admissions,UT,21.39,0,Google Ads,System-Observed
TOUCH-000741,,2026-06-05T19:31:26,Paid Search,Google Ads,CMP-1005,Family Crisis - Non-Brand,Admissions,detox center near me,detox center near me,Exact,https://harborridge.example.test/admissions,CA,39.22,0,Google Ads,System-Observed
TOUCH-000742,,2026-06-06T18:16:24,Paid Search,Google Ads,CMP-1003,Detox Near Me - Geo,Family Support,substance abuse treatment options,substance abuse treatment options,Exact,https://harborridge.example.test/admissions,TX,20.56,0,Google Ads,System-Observed
TOUCH-000743,,2026-06-15T18:16:07,Paid Search,Google Ads,CMP-1001,Behavioral Health - Brand,Residential Programs,behavioral health treatment near me,behavioral health treatment near me,Phrase,https://harborridge.example.test/admissions,FL,19.49,0,Google Ads,System-Observed
TOUCH-000744,,2026-06-22T10:42:11,Paid Search,Google Ads,CMP-1005,Family Crisis - Non-Brand,Admissions,behavioral health treatment near me,behavioral health treatment near me,Broad,https://harborridge.example.test/admissions,CO,35.54,0,Google Ads,System-Observed
TOUCH-000745,,2026-06-24T17:02:55,Paid Search,Google Ads,CMP-1003,Detox Near Me - Geo,Family Support,detox center near me,detox center near me,Broad,https://harborridge.example.test/admissions,FL,38.72,0,Google Ads,System-Observed
TOUCH-000746,,2026-06-23T09:04:34,Paid Search,Google Ads,CMP-1004,Residential Treatment - Geo,Family Support,family intervention help,family intervention help,Exact,https://harborridge.example.test/admissions,OR,22.44,0,Google Ads,System-Observed
TOUCH-000747,,2026-06-12T17:58:49,Paid Search,Google Ads,CMP-1003,Detox Near Me - Geo,Admissions,substance abuse treatment options,substance abuse treatment options,Phrase,https://harborridge.example.test/admissions,UT,33.06,0,Google Ads,System-Observed
TOUCH-000748,,2026-06-24T14:10:35,Paid Search,Google Ads,CMP-1004,Residential Treatment - Geo,Residential Programs,inpatient mental health treatment,inpatient mental health treatment,Broad,https://harborridge.example.test/admissions,FL,43.59,0,Google Ads,System-Observed
TOUCH-000749,,2026-06-02T12:39:47,Paid Search,Google Ads,CMP-1003,Detox Near Me - Geo,Family Support,substance abuse treatment options,substance abuse treatment options,Broad,https://harborridge.example.test/admissions,OR,18.21,0,Google Ads,System-Observed
TOUCH-000750,,2026-06-14T16:05:53,Paid Search,Google Ads,CMP-1002,Behavioral Health - Non-Brand,Family Support,detox center near me,detox center near me,Broad,https://harborridge.example.test/admissions,CA,31.78,0,Google Ads,System-Observed
TOUCH-000751,,2026-06-14T09:21:34,Paid Search,Google Ads,CMP-1002,Behavioral Health - Non-Brand,Detox Programs,inpatient mental health treatment,inpatient mental health treatment,Phrase,https://harborridge.example.test/admissions,TX,26.57,0,Google Ads,System-Observed
TOUCH-000752,,2026-06-30T20:42:12,Paid Search,Google Ads,CMP-1001,Behavioral Health - Brand,Detox Programs,residential treatment center,residential treatment center,Phrase,https://harborridge.example.test/admissions,UT,22.4,0,Google Ads,System-Observed
TOUCH-000753,,2026-06-09T11:16:32,Paid Search,Google Ads,CMP-1001,Behavioral Health - Brand,Detox Programs,detox center near me,detox center near me,Broad,https://harborridge.example.test/admissions,UT,36.94,0,Google Ads,System-Observed
TOUCH-000754,,2026-06-07T10:00:13,Paid Search,Google Ads,CMP-1001,Behavioral Health - Brand,Family Support,behavioral health treatment near me,behavioral health treatment near me,Broad,https://harborridge.example.test/admissions,NV,29.92,0,Google Ads,System-Observed
TOUCH-000755,,2026-06-11T07:50:14,Paid Search,Google Ads,CMP-1005,Family Crisis - Non-Brand,Detox Programs,substance abuse treatment options,substance abuse treatment options,Phrase,https://harborridge.example.test/admissions,NY,40.71,0,Google Ads,System-Observed
TOUCH-000756,,2026-06-09T20:59:53,Paid Search,Google Ads,CMP-1005,Family Crisis - Non-Brand,Detox Programs,behavioral health treatment near me,behavioral health treatment near me,Exact,https://harborridge.example.test/admissions,FL,31.36,0,Google Ads,System-Observed
TOUCH-000757,,2026-06-29T20:21:59,Paid Search,Google Ads,CMP-1002,Behavioral Health - Non-Brand,Admissions,behavioral health treatment near me,behavioral health treatment near me,Broad,https://harborridge.example.test/admissions,TX,21.77,0,Google Ads,System-Observed
TOUCH-000758,,2026-06-23T12:44:38,Paid Search,Google Ads,CMP-1002,Behavioral Health - Non-Brand,Residential Programs,detox center near me,detox center near me,Exact,https://harborridge.example.test/admissions,OR,25.5,0,Google Ads,System-Observed
TOUCH-000759,,2026-06-16T15:13:00,Paid Search,Google Ads,CMP-1002,Behavioral Health - Non-Brand,Residential Programs,family intervention help,family intervention help,Exact,https://harborridge.example.test/admissions,NV,17.77,0,Google Ads,System-Observed
TOUCH-000760,,2026-06-06T19:44:23,Paid Search,Google Ads,CMP-1002,Behavioral Health - Non-Brand,Family Support,family intervention help,family intervention help,Broad,https://harborridge.example.test/admissions,OR,17.6,0,Google Ads,System-Observed
TOUCH-000761,,2026-06-22T11:29:12,Paid Search,Google Ads,CMP-1003,Detox Near Me - Geo,Admissions,detox center near me,detox center near me,Phrase,https://harborridge.example.test/admissions,NV,17.28,0,Google Ads,System-Observed
TOUCH-000762,,2026-06-05T16:49:49,Paid Search,Google Ads,CMP-1002,Behavioral Health - Non-Brand,Residential Programs,behavioral health treatment near me,behavioral health treatment near me,Exact,https://harborridge.example.test/admissions,TX,44.16,0,Google Ads,System-Observed
TOUCH-000763,,2026-06-30T19:36:27,Paid Search,Google Ads,CMP-1003,Detox Near Me - Geo,Family Support,family intervention help,family intervention help,Exact,https://harborridge.example.test/admissions,AZ,42.68,0,Google Ads,System-Observed
TOUCH-000764,,2026-06-30T20:14:43,Paid Search,Google Ads,CMP-1005,Family Crisis - Non-Brand,Admissions,residential treatment center,residential treatment center,Phrase,https://harborridge.example.test/admissions,CO,34.55,0,Google Ads,System-Observed
TOUCH-000765,,2026-06-27T13:09:30,Paid Search,Google Ads,CMP-1003,Detox Near Me - Geo,Residential Programs,residential treatment center,residential treatment center,Broad,https://harborridge.example.test/admissions,TX,32.43,0,Google Ads,System-Observed
TOUCH-000766,,2026-06-06T17:52:57,Paid Search,Google Ads,CMP-1002,Behavioral Health - Non-Brand,Residential Programs,inpatient mental health treatment,inpatient mental health treatment,Broad,https://harborridge.example.test/admissions,OR,33.26,0,Google Ads,System-Observed
TOUCH-000767,,2026-06-02T14:57:20,Paid Search,Google Ads,CMP-1004,Residential Treatment - Geo,Admissions,behavioral health treatment near me,behavioral health treatment near me,Phrase,https://harborridge.example.test/admissions,UT,30.88,0,Google Ads,System-Observed
TOUCH-000768,,2026-06-25T14:17:22,Paid Search,Google Ads,CMP-1002,Behavioral Health - Non-Brand,Residential Programs,inpatient mental health treatment,inpatient mental health treatment,Broad,https://harborridge.example.test/admissions,CA,24.6,0,Google Ads,System-Observed
TOUCH-000769,,2026-06-23T08:40:16,Paid Search,Google Ads,CMP-1003,Detox Near Me - Geo,Detox Programs,detox center near me,detox center near me,Broad,https://harborridge.example.test/admissions,NV,39.1,0,Google Ads,System-Observed
TOUCH-000770,,2026-06-19T17:27:51,Paid Search,Google Ads,CMP-1002,Behavioral Health - Non-Brand,Detox Programs,inpatient mental health treatment,inpatient mental health treatment,Exact,https://harborridge.example.test/admissions,FL,22.37,0,Google Ads,System-Observed
TOUCH-000771,,2026-06-20T07:27:18,Paid Search,Google Ads,CMP-1001,Behavioral Health - Brand,Admissions,residential treatment center,residential treatment center,Exact,https://harborridge.example.test/admissions,FL,40.67,0,Google Ads,System-Observed
TOUCH-000772,,2026-06-13T15:49:14,Paid Search,Google Ads,CMP-1002,Behavioral Health - Non-Brand,Admissions,family intervention help,family intervention help,Phrase,https://harborridge.example.test/admissions,FL,22.11,0,Google Ads,System-Observed
TOUCH-000773,,2026-06-06T16:30:06,Paid Search,Google Ads,CMP-1002,Behavioral Health - Non-Brand,Family Support,residential treatment center,residential treatment center,Exact,https://harborridge.example.test/admissions,AZ,17.78,0,Google Ads,System-Observed
TOUCH-000774,,2026-06-03T07:34:37,Paid Search,Google Ads,CMP-1005,Family Crisis - Non-Brand,Residential Programs,inpatient mental health treatment,inpatient mental health treatment,Phrase,https://harborridge.example.test/admissions,FL,35.48,0,Google Ads,System-Observed
TOUCH-000775,,2026-06-24T09:22:48,Paid Search,Google Ads,CMP-1004,Residential Treatment - Geo,Residential Programs,behavioral health treatment near me,behavioral health treatment near me,Broad,https://harborridge.example.test/admissions,NY,19.59,0,Google Ads,System-Observed
TOUCH-000776,,2026-06-10T12:10:20,Paid Search,Google Ads,CMP-1003,Detox Near Me - Geo,Admissions,family intervention help,family intervention help,Phrase,https://harborridge.example.test/admissions,AZ,28.63,0,Google Ads,System-Observed
TOUCH-000777,,2026-06-19T12:07:35,Paid Search,Google Ads,CMP-1001,Behavioral Health - Brand,Detox Programs,behavioral health treatment near me,behavioral health treatment near me,Broad,https://harborridge.example.test/admissions,AZ,31.34,0,Google Ads,System-Observed
TOUCH-000778,,2026-06-21T07:51:17,Paid Search,Google Ads,CMP-1001,Behavioral Health - Brand,Detox Programs,substance abuse treatment options,substance abuse treatment options,Exact,https://harborridge.example.test/admissions,TX,26.49,0,Google Ads,System-Observed
TOUCH-000779,,2026-06-14T09:56:18,Paid Search,Google Ads,CMP-1001,Behavioral Health - Brand,Detox Programs,residential treatment center,residential treatment center,Phrase,https://harborridge.example.test/admissions,FL,27.35,0,Google Ads,System-Observed
TOUCH-000780,,2026-06-28T09:21:04,Paid Search,Google Ads,CMP-1001,Behavioral Health - Brand,Family Support,family intervention help,family intervention help,Broad,https://harborridge.example.test/admissions,UT,41.29,0,Google Ads,System-Observed
TOUCH-000781,,2026-06-05T20:54:57,Paid Search,Google Ads,CMP-1002,Behavioral Health - Non-Brand,Detox Programs,family intervention help,family intervention help,Exact,https://harborridge.example.test/admissions,OR,23.5,0,Google Ads,System-Observed
TOUCH-000782,,2026-06-20T14:16:37,Paid Search,Google Ads,CMP-1002,Behavioral Health - Non-Brand,Detox Programs,detox center near me,detox center near me,Broad,https://harborridge.example.test/admissions,NV,23.59,0,Google Ads,System-Observed
TOUCH-000783,,2026-06-07T16:14:40,Paid Search,Google Ads,CMP-1004,Residential Treatment - Geo,Admissions,substance abuse treatment options,substance abuse treatment options,Exact,https://harborridge.example.test/admissions,CA,39.41,0,Google Ads,System-Observed
TOUCH-000784,,2026-06-22T13:41:09,Paid Search,Google Ads,CMP-1003,Detox Near Me - Geo,Detox Programs,family intervention help,family intervention help,Phrase,https://harborridge.example.test/admissions,WA,15.74,0,Google Ads,System-Observed
TOUCH-000785,,2026-06-11T08:01:01,Paid Search,Google Ads,CMP-1004,Residential Treatment - Geo,Detox Programs,substance abuse treatment options,substance abuse treatment options,Broad,https://harborridge.example.test/admissions,NY,37.11,0,Google Ads,System-Observed
TOUCH-000786,,2026-06-25T18:36:18,Paid Search,Google Ads,CMP-1005,Family Crisis - Non-Brand,Admissions,substance abuse treatment options,substance abuse treatment options,Exact,https://harborridge.example.test/admissions,NV,33.19,0,Google Ads,System-Observed
TOUCH-000787,,2026-06-22T16:18:04,Paid Search,Google Ads,CMP-1005,Family Crisis - Non-Brand,Family Support,behavioral health treatment near me,behavioral health treatment near me,Exact,https://harborridge.example.test/admissions,TX,37.67,0,Google Ads,System-Observed
TOUCH-000788,,2026-06-01T16:21:43,Paid Search,Google Ads,CMP-1001,Behavioral Health - Brand,Family Support,behavioral health treatment near me,behavioral health treatment near me,Phrase,https://harborridge.example.test/admissions,AZ,26.82,0,Google Ads,System-Observed
TOUCH-000789,,2026-06-14T19:50:20,Paid Search,Google Ads,CMP-1005,Family Crisis - Non-Brand,Family Support,inpatient mental health treatment,inpatient mental health treatment,Broad,https://harborridge.example.test/admissions,TX,17.03,0,Google Ads,System-Observed
TOUCH-000790,,2026-06-19T18:28:17,Paid Search,Google Ads,CMP-1002,Behavioral Health - Non-Brand,Residential Programs,inpatient mental health treatment,inpatient mental health treatment,Exact,https://harborridge.example.test/admissions,TX,15.95,0,Google Ads,System-Observed
TOUCH-000791,,2026-06-30T14:36:52,Paid Search,Google Ads,CMP-1004,Residential Treatment - Geo,Family Support,detox center near me,detox center near me,Exact,https://harborridge.example.test/admissions,NV,18.04,0,Google Ads,System-Observed
TOUCH-000792,,2026-06-15T18:40:10,Paid Search,Google Ads,CMP-1003,Detox Near Me - Geo,Admissions,residential treatment center,residential treatment center,Broad,https://harborridge.example.test/admissions,AZ,40.54,0,Google Ads,System-Observed
TOUCH-000793,,2026-06-12T13:07:32,Paid Search,Google Ads,CMP-1002,Behavioral Health - Non-Brand,Admissions,detox center near me,detox center near me,Exact,https://harborridge.example.test/admissions,OR,22.23,0,Google Ads,System-Observed
TOUCH-000794,,2026-06-22T15:52:58,Paid Search,Google Ads,CMP-1003,Detox Near Me - Geo,Detox Programs,family intervention help,family intervention help,Exact,https://harborridge.example.test/admissions,AZ,37.65,0,Google Ads,System-Observed
TOUCH-000795,,2026-06-30T11:06:57,Paid Search,Google Ads,CMP-1004,Residential Treatment - Geo,Admissions,detox center near me,detox center near me,Exact,https://harborridge.example.test/admissions,CO,44.5,0,Google Ads,System-Observed
TOUCH-000796,,2026-06-22T12:45:41,Paid Search,Google Ads,CMP-1001,Behavioral Health - Brand,Detox Programs,substance abuse treatment options,substance abuse treatment options,Broad,https://harborridge.example.test/admissions,CA,37.96,0,Google Ads,System-Observed
TOUCH-000797,,2026-06-10T17:26:35,Paid Search,Google Ads,CMP-1001,Behavioral Health - Brand,Residential Programs,substance abuse treatment options,substance abuse treatment options,Exact,https://harborridge.example.test/admissions,FL,25.99,0,Google Ads,System-Observed
TOUCH-000798,,2026-06-15T19:29:29,Paid Search,Google Ads,CMP-1005,Family Crisis - Non-Brand,Detox Programs,behavioral health treatment near me,behavioral health treatment near me,Phrase,https://harborridge.example.test/admissions,AZ,33.33,0,Google Ads,System-Observed
TOUCH-000799,,2026-06-28T10:43:17,Paid Search,Google Ads,CMP-1002,Behavioral Health - Non-Brand,Admissions,residential treatment center,residential treatment center,Exact,https://harborridge.example.test/admissions,TX,20.48,0,Google Ads,System-Observed
TOUCH-000800,,2026-06-10T07:42:03,Paid Search,Google Ads,CMP-1002,Behavioral Health - Non-Brand,Residential Programs,detox center near me,detox center near me,Broad,https://harborridge.example.test/admissions,OR,34.55,0,Google Ads,System-Observed
TOUCH-000801,,2026-06-24T09:24:54,Paid Search,Google Ads,CMP-1005,Family Crisis - Non-Brand,Residential Programs,residential treatment center,residential treatment center,Phrase,https://harborridge.example.test/admissions,WA,27.07,0,Google Ads,System-Observed
TOUCH-000802,,2026-06-05T13:13:01,Paid Search,Google Ads,CMP-1004,Residential Treatment - Geo,Family Support,inpatient mental health treatment,inpatient mental health treatment,Exact,https://harborridge.example.test/admissions,CO,41.78,0,Google Ads,System-Observed
TOUCH-000803,,2026-06-02T11:25:50,Paid Search,Google Ads,CMP-1002,Behavioral Health - Non-Brand,Residential Programs,substance abuse treatment options,substance abuse treatment options,Phrase,https://harborridge.example.test/admissions,AZ,21.84,0,Google Ads,System-Observed
TOUCH-000804,,2026-06-23T12:48:53,Paid Search,Google Ads,CMP-1003,Detox Near Me - Geo,Family Support,behavioral health treatment near me,behavioral health treatment near me,Exact,https://harborridge.example.test/admissions,UT,36.57,0,Google Ads,System-Observed
TOUCH-000805,,2026-06-18T07:15:55,Paid Search,Google Ads,CMP-1001,Behavioral Health - Brand,Family Support,behavioral health treatment near me,behavioral health treatment near me,Broad,https://harborridge.example.test/admissions,NY,16.02,0,Google Ads,System-Observed
TOUCH-000806,,2026-06-18T17:39:54,Paid Search,Google Ads,CMP-1003,Detox Near Me - Geo,Detox Programs,substance abuse treatment options,substance abuse treatment options,Exact,https://harborridge.example.test/admissions,CA,44.19,0,Google Ads,System-Observed
TOUCH-000807,,2026-06-22T19:51:22,Paid Search,Google Ads,CMP-1003,Detox Near Me - Geo,Family Support,family intervention help,family intervention help,Phrase,https://harborridge.example.test/admissions,FL,44.13,0,Google Ads,System-Observed
TOUCH-000808,,2026-06-12T15:06:55,Paid Search,Google Ads,CMP-1002,Behavioral Health - Non-Brand,Detox Programs,behavioral health treatment near me,behavioral health treatment near me,Phrase,https://harborridge.example.test/admissions,CA,15.59,0,Google Ads,System-Observed
TOUCH-000809,,2026-06-03T19:19:50,Paid Search,Google Ads,CMP-1002,Behavioral Health - Non-Brand,Admissions,family intervention help,family intervention help,Broad,https://harborridge.example.test/admissions,NY,41.38,0,Google Ads,System-Observed
TOUCH-000810,,2026-06-16T12:11:14,Paid Search,Google Ads,CMP-1002,Behavioral Health - Non-Brand,Family Support,detox center near me,detox center near me,Exact,https://harborridge.example.test/admissions,NY,40.25,0,Google Ads,System-Observed
TOUCH-000811,,2026-06-25T08:34:35,Paid Search,Google Ads,CMP-1005,Family Crisis - Non-Brand,Residential Programs,residential treatment center,residential treatment center,Broad,https://harborridge.example.test/admissions,WA,36.27,0,Google Ads,System-Observed
TOUCH-000812,,2026-06-14T20:52:22,Paid Search,Google Ads,CMP-1005,Family Crisis - Non-Brand,Family Support,inpatient mental health treatment,inpatient mental health treatment,Phrase,https://harborridge.example.test/admissions,NY,23.91,0,Google Ads,System-Observed
TOUCH-000813,,2026-06-04T18:27:05,Paid Search,Google Ads,CMP-1004,Residential Treatment - Geo,Admissions,behavioral health treatment near me,behavioral health treatment near me,Exact,https://harborridge.example.test/admissions,CA,15.48,0,Google Ads,System-Observed
TOUCH-000814,,2026-06-10T14:48:25,Paid Search,Google Ads,CMP-1002,Behavioral Health - Non-Brand,Family Support,substance abuse treatment options,substance abuse treatment options,Phrase,https://harborridge.example.test/admissions,NV,43.1,0,Google Ads,System-Observed
TOUCH-000815,,2026-06-13T20:19:09,Paid Search,Google Ads,CMP-1001,Behavioral Health - Brand,Detox Programs,behavioral health treatment near me,behavioral health treatment near me,Exact,https://harborridge.example.test/admissions,AZ,30.43,0,Google Ads,System-Observed
TOUCH-000816,,2026-06-02T07:57:37,Paid Search,Google Ads,CMP-1002,Behavioral Health - Non-Brand,Detox Programs,substance abuse treatment options,substance abuse treatment options,Exact,https://harborridge.example.test/admissions,NV,37.27,0,Google Ads,System-Observed
TOUCH-000817,,2026-06-30T10:51:01,Paid Search,Google Ads,CMP-1003,Detox Near Me - Geo,Residential Programs,family intervention help,family intervention help,Broad,https://harborridge.example.test/admissions,AZ,21.47,0,Google Ads,System-Observed
TOUCH-000818,,2026-06-29T20:56:25,Paid Search,Google Ads,CMP-1002,Behavioral Health - Non-Brand,Admissions,residential treatment center,residential treatment center,Phrase,https://harborridge.example.test/admissions,UT,32.6,0,Google Ads,System-Observed
TOUCH-000819,,2026-06-07T18:53:29,Paid Search,Google Ads,CMP-1001,Behavioral Health - Brand,Admissions,detox center near me,detox center near me,Broad,https://harborridge.example.test/admissions,CO,14.76,0,Google Ads,System-Observed
TOUCH-000820,,2026-06-09T15:11:18,Paid Search,Google Ads,CMP-1003,Detox Near Me - Geo,Residential Programs,substance abuse treatment options,substance abuse treatment options,Broad,https://harborridge.example.test/admissions,TX,34.06,0,Google Ads,System-Observed
TOUCH-000821,,2026-06-22T19:04:08,Paid Search,Google Ads,CMP-1004,Residential Treatment - Geo,Detox Programs,substance abuse treatment options,substance abuse treatment options,Broad,https://harborridge.example.test/admissions,FL,15.5,0,Google Ads,System-Observed
TOUCH-000822,,2026-06-26T10:29:01,Paid Search,Google Ads,CMP-1001,Behavioral Health - Brand,Detox Programs,family intervention help,family intervention help,Phrase,https://harborridge.example.test/admissions,OR,42.39,0,Google Ads,System-Observed
TOUCH-000823,,2026-06-06T10:26:47,Paid Search,Google Ads,CMP-1002,Behavioral Health - Non-Brand,Admissions,behavioral health treatment near me,behavioral health treatment near me,Broad,https://harborridge.example.test/admissions,CO,20.23,0,Google Ads,System-Observed
TOUCH-000824,,2026-06-21T12:13:35,Paid Search,Google Ads,CMP-1004,Residential Treatment - Geo,Residential Programs,family intervention help,family intervention help,Exact,https://harborridge.example.test/admissions,NV,26.32,0,Google Ads,System-Observed
TOUCH-000825,,2026-06-09T08:25:18,Paid Search,Google Ads,CMP-1005,Family Crisis - Non-Brand,Residential Programs,inpatient mental health treatment,inpatient mental health treatment,Phrase,https://harborridge.example.test/admissions,CA,24.78,0,Google Ads,System-Observed
TOUCH-000826,,2026-06-27T14:00:21,Paid Search,Google Ads,CMP-1004,Residential Treatment - Geo,Detox Programs,residential treatment center,residential treatment center,Phrase,https://harborridge.example.test/admissions,AZ,33.8,0,Google Ads,System-Observed
TOUCH-000827,,2026-06-30T13:21:57,Paid Search,Google Ads,CMP-1002,Behavioral Health - Non-Brand,Residential Programs,inpatient mental health treatment,inpatient mental health treatment,Phrase,https://harborridge.example.test/admissions,WA,35.7,0,Google Ads,System-Observed
TOUCH-000828,,2026-06-10T17:30:44,Paid Search,Google Ads,CMP-1001,Behavioral Health - Brand,Detox Programs,inpatient mental health treatment,inpatient mental health treatment,Phrase,https://harborridge.example.test/admissions,CO,36.37,0,Google Ads,System-Observed
TOUCH-000829,,2026-06-19T13:49:02,Paid Search,Google Ads,CMP-1003,Detox Near Me - Geo,Admissions,detox center near me,detox center near me,Exact,https://harborridge.example.test/admissions,CO,24.6,0,Google Ads,System-Observed
TOUCH-000830,,2026-06-04T15:10:26,Paid Search,Google Ads,CMP-1003,Detox Near Me - Geo,Family Support,behavioral health treatment near me,behavioral health treatment near me,Broad,https://harborridge.example.test/admissions,CA,19.26,0,Google Ads,System-Observed
TOUCH-000831,,2026-06-12T18:53:04,Paid Search,Google Ads,CMP-1001,Behavioral Health - Brand,Detox Programs,behavioral health treatment near me,behavioral health treatment near me,Broad,https://harborridge.example.test/admissions,OR,32.31,0,Google Ads,System-Observed
TOUCH-000832,,2026-06-05T11:13:40,Paid Search,Google Ads,CMP-1003,Detox Near Me - Geo,Residential Programs,detox center near me,detox center near me,Exact,https://harborridge.example.test/admissions,AZ,37.35,0,Google Ads,System-Observed
TOUCH-000833,,2026-06-23T17:39:13,Paid Search,Google Ads,CMP-1003,Detox Near Me - Geo,Family Support,family intervention help,family intervention help,Phrase,https://harborridge.example.test/admissions,FL,27.24,0,Google Ads,System-Observed
TOUCH-000834,,2026-06-28T14:38:57,Paid Search,Google Ads,CMP-1002,Behavioral Health - Non-Brand,Family Support,substance abuse treatment options,substance abuse treatment options,Broad,https://harborridge.example.test/admissions,AZ,15.14,0,Google Ads,System-Observed
TOUCH-000835,,2026-06-09T16:10:55,Paid Search,Google Ads,CMP-1002,Behavioral Health - Non-Brand,Admissions,inpatient mental health treatment,inpatient mental health treatment,Broad,https://harborridge.example.test/admissions,OR,29.76,0,Google Ads,System-Observed
TOUCH-000836,,2026-06-15T07:18:25,Paid Search,Google Ads,CMP-1004,Residential Treatment - Geo,Detox Programs,substance abuse treatment options,substance abuse treatment options,Broad,https://harborridge.example.test/admissions,WA,21.62,0,Google Ads,System-Observed
TOUCH-000837,,2026-06-18T10:06:17,Paid Search,Google Ads,CMP-1005,Family Crisis - Non-Brand,Admissions,substance abuse treatment options,substance abuse treatment options,Broad,https://harborridge.example.test/admissions,CO,31.14,0,Google Ads,System-Observed
TOUCH-000838,,2026-06-02T08:07:04,Paid Search,Google Ads,CMP-1004,Residential Treatment - Geo,Residential Programs,substance abuse treatment options,substance abuse treatment options,Broad,https://harborridge.example.test/admissions,NV,18.18,0,Google Ads,System-Observed
TOUCH-000839,,2026-06-14T15:16:29,Paid Search,Google Ads,CMP-1003,Detox Near Me - Geo,Residential Programs,substance abuse treatment options,substance abuse treatment options,Broad,https://harborridge.example.test/admissions,NV,44.64,0,Google Ads,System-Observed
TOUCH-000840,,2026-06-24T08:47:16,Paid Search,Google Ads,CMP-1002,Behavioral Health - Non-Brand,Family Support,behavioral health treatment near me,behavioral health treatment near me,Exact,https://harborridge.example.test/admissions,CO,36.43,0,Google Ads,System-Observed
TOUCH-000841,,2026-06-05T20:57:24,Paid Search,Google Ads,CMP-1001,Behavioral Health - Brand,Family Support,behavioral health treatment near me,behavioral health treatment near me,Phrase,https://harborridge.example.test/admissions,TX,25.04,0,Google Ads,System-Observed
TOUCH-000842,,2026-06-09T19:16:10,Paid Search,Google Ads,CMP-1004,Residential Treatment - Geo,Residential Programs,substance abuse treatment options,substance abuse treatment options,Exact,https://harborridge.example.test/admissions,CA,22.38,0,Google Ads,System-Observed
TOUCH-000843,,2026-06-01T20:42:21,Paid Search,Google Ads,CMP-1004,Residential Treatment - Geo,Residential Programs,behavioral health treatment near me,behavioral health treatment near me,Phrase,https://harborridge.example.test/admissions,CO,15.33,0,Google Ads,System-Observed
TOUCH-000844,,2026-06-01T11:50:17,Paid Search,Google Ads,CMP-1001,Behavioral Health - Brand,Admissions,behavioral health treatment near me,behavioral health treatment near me,Exact,https://harborridge.example.test/admissions,NY,36.03,0,Google Ads,System-Observed
TOUCH-000845,,2026-06-29T08:14:37,Paid Search,Google Ads,CMP-1003,Detox Near Me - Geo,Detox Programs,inpatient mental health treatment,inpatient mental health treatment,Phrase,https://harborridge.example.test/admissions,CA,30.57,0,Google Ads,System-Observed
TOUCH-000846,,2026-06-27T18:40:53,Paid Search,Google Ads,CMP-1004,Residential Treatment - Geo,Detox Programs,detox center near me,detox center near me,Exact,https://harborridge.example.test/admissions,UT,37.24,0,Google Ads,System-Observed
TOUCH-000847,,2026-06-10T12:48:12,Paid Search,Google Ads,CMP-1003,Detox Near Me - Geo,Residential Programs,family intervention help,family intervention help,Broad,https://harborridge.example.test/admissions,OR,33.16,0,Google Ads,System-Observed
TOUCH-000848,,2026-06-09T09:39:59,Paid Search,Google Ads,CMP-1004,Residential Treatment - Geo,Admissions,substance abuse treatment options,substance abuse treatment options,Phrase,https://harborridge.example.test/admissions,NY,30.99,0,Google Ads,System-Observed
TOUCH-000849,,2026-06-15T13:44:19,Paid Search,Google Ads,CMP-1003,Detox Near Me - Geo,Detox Programs,behavioral health treatment near me,behavioral health treatment near me,Phrase,https://harborridge.example.test/admissions,NV,24.77,0,Google Ads,System-Observed
TOUCH-000850,,2026-06-22T11:02:36,Paid Search,Google Ads,CMP-1003,Detox Near Me - Geo,Detox Programs,family intervention help,family intervention help,Phrase,https://harborridge.example.test/admissions,OR,41.28,0,Google Ads,System-Observed
TOUCH-000851,,2026-06-13T15:52:28,Paid Search,Google Ads,CMP-1004,Residential Treatment - Geo,Detox Programs,detox center near me,detox center near me,Broad,https://harborridge.example.test/admissions,AZ,40.46,0,Google Ads,System-Observed
TOUCH-000852,,2026-06-12T11:26:10,Paid Search,Google Ads,CMP-1005,Family Crisis - Non-Brand,Detox Programs,family intervention help,family intervention help,Exact,https://harborridge.example.test/admissions,OR,24.19,0,Google Ads,System-Observed
TOUCH-000853,,2026-06-25T20:38:05,Paid Search,Google Ads,CMP-1003,Detox Near Me - Geo,Residential Programs,behavioral health treatment near me,behavioral health treatment near me,Exact,https://harborridge.example.test/admissions,NY,21.69,0,Google Ads,System-Observed
TOUCH-000854,,2026-06-20T07:26:04,Paid Search,Google Ads,CMP-1004,Residential Treatment - Geo,Family Support,residential treatment center,residential treatment center,Phrase,https://harborridge.example.test/admissions,AZ,39.68,0,Google Ads,System-Observed
TOUCH-000855,,2026-06-30T12:30:04,Paid Search,Google Ads,CMP-1001,Behavioral Health - Brand,Detox Programs,inpatient mental health treatment,inpatient mental health treatment,Broad,https://harborridge.example.test/admissions,FL,39.62,0,Google Ads,System-Observed
TOUCH-000856,,2026-06-13T15:01:17,Paid Search,Google Ads,CMP-1001,Behavioral Health - Brand,Residential Programs,behavioral health treatment near me,behavioral health treatment near me,Broad,https://harborridge.example.test/admissions,CO,18.76,0,Google Ads,System-Observed
TOUCH-000857,,2026-06-05T19:03:46,Paid Search,Google Ads,CMP-1001,Behavioral Health - Brand,Detox Programs,behavioral health treatment near me,behavioral health treatment near me,Exact,https://harborridge.example.test/admissions,NY,40.25,0,Google Ads,System-Observed
TOUCH-000858,,2026-06-04T16:50:44,Paid Search,Google Ads,CMP-1005,Family Crisis - Non-Brand,Admissions,substance abuse treatment options,substance abuse treatment options,Phrase,https://harborridge.example.test/admissions,AZ,27.07,0,Google Ads,System-Observed
TOUCH-000859,,2026-06-01T18:25:46,Paid Search,Google Ads,CMP-1002,Behavioral Health - Non-Brand,Family Support,detox center near me,detox center near me,Exact,https://harborridge.example.test/admissions,AZ,40.89,0,Google Ads,System-Observed
TOUCH-000860,,2026-06-14T13:55:02,Paid Search,Google Ads,CMP-1002,Behavioral Health - Non-Brand,Admissions,family intervention help,family intervention help,Broad,https://harborridge.example.test/admissions,UT,32.97,0,Google Ads,System-Observed
TOUCH-000861,,2026-06-21T09:06:43,Paid Search,Google Ads,CMP-1001,Behavioral Health - Brand,Admissions,inpatient mental health treatment,inpatient mental health treatment,Broad,https://harborridge.example.test/admissions,FL,34.09,0,Google Ads,System-Observed
TOUCH-000862,,2026-06-02T16:54:09,Paid Search,Google Ads,CMP-1005,Family Crisis - Non-Brand,Residential Programs,family intervention help,family intervention help,Broad,https://harborridge.example.test/admissions,UT,41.26,0,Google Ads,System-Observed
TOUCH-000863,,2026-06-18T14:07:56,Paid Search,Google Ads,CMP-1002,Behavioral Health - Non-Brand,Residential Programs,substance abuse treatment options,substance abuse treatment options,Phrase,https://harborridge.example.test/admissions,NY,19.74,0,Google Ads,System-Observed
TOUCH-000864,,2026-06-01T07:07:34,Paid Search,Google Ads,CMP-1003,Detox Near Me - Geo,Detox Programs,inpatient mental health treatment,inpatient mental health treatment,Broad,https://harborridge.example.test/admissions,WA,33.28,0,Google Ads,System-Observed
TOUCH-000865,,2026-06-29T10:10:26,Paid Search,Google Ads,CMP-1002,Behavioral Health - Non-Brand,Admissions,inpatient mental health treatment,inpatient mental health treatment,Broad,https://harborridge.example.test/admissions,OR,14.52,0,Google Ads,System-Observed
TOUCH-000866,,2026-06-09T15:43:41,Paid Search,Google Ads,CMP-1004,Residential Treatment - Geo,Detox Programs,inpatient mental health treatment,inpatient mental health treatment,Phrase,https://harborridge.example.test/admissions,CO,34.32,0,Google Ads,System-Observed
TOUCH-000867,,2026-06-27T13:41:50,Paid Search,Google Ads,CMP-1003,Detox Near Me - Geo,Detox Programs,inpatient mental health treatment,inpatient mental health treatment,Broad,https://harborridge.example.test/admissions,NV,25.66,0,Google Ads,System-Observed
TOUCH-000868,,2026-06-18T17:00:43,Paid Search,Google Ads,CMP-1005,Family Crisis - Non-Brand,Admissions,substance abuse treatment options,substance abuse treatment options,Broad,https://harborridge.example.test/admissions,NY,20.25,0,Google Ads,System-Observed
TOUCH-000869,,2026-06-18T17:15:14,Paid Search,Google Ads,CMP-1001,Behavioral Health - Brand,Detox Programs,inpatient mental health treatment,inpatient mental health treatment,Exact,https://harborridge.example.test/admissions,FL,29.04,0,Google Ads,System-Observed
TOUCH-000870,,2026-06-09T20:07:20,Paid Search,Google Ads,CMP-1001,Behavioral Health - Brand,Family Support,substance abuse treatment options,substance abuse treatment options,Phrase,https://harborridge.example.test/admissions,CO,43.5,0,Google Ads,System-Observed
TOUCH-000871,,2026-06-22T13:04:04,Paid Search,Google Ads,CMP-1005,Family Crisis - Non-Brand,Detox Programs,family intervention help,family intervention help,Exact,https://harborridge.example.test/admissions,CO,34.19,0,Google Ads,System-Observed
TOUCH-000872,,2026-06-16T12:01:18,Paid Search,Google Ads,CMP-1003,Detox Near Me - Geo,Admissions,residential treatment center,residential treatment center,Phrase,https://harborridge.example.test/admissions,OR,18.24,0,Google Ads,System-Observed
TOUCH-000873,,2026-06-08T17:58:23,Paid Search,Google Ads,CMP-1003,Detox Near Me - Geo,Residential Programs,family intervention help,family intervention help,Exact,https://harborridge.example.test/admissions,TX,25.0,0,Google Ads,System-Observed
TOUCH-000874,,2026-06-27T20:41:22,Paid Search,Google Ads,CMP-1003,Detox Near Me - Geo,Detox Programs,substance abuse treatment options,substance abuse treatment options,Broad,https://harborridge.example.test/admissions,NV,35.22,0,Google Ads,System-Observed
TOUCH-000875,,2026-06-27T15:46:43,Paid Search,Google Ads,CMP-1003,Detox Near Me - Geo,Detox Programs,substance abuse treatment options,substance abuse treatment options,Broad,https://harborridge.example.test/admissions,CA,20.9,0,Google Ads,System-Observed
TOUCH-000876,,2026-06-04T19:48:20,Paid Search,Google Ads,CMP-1003,Detox Near Me - Geo,Family Support,substance abuse treatment options,substance abuse treatment options,Phrase,https://harborridge.example.test/admissions,OR,27.4,0,Google Ads,System-Observed
TOUCH-000877,,2026-06-15T17:14:42,Paid Search,Google Ads,CMP-1005,Family Crisis - Non-Brand,Residential Programs,residential treatment center,residential treatment center,Broad,https://harborridge.example.test/admissions,UT,37.13,0,Google Ads,System-Observed
TOUCH-000878,,2026-06-28T16:44:21,Paid Search,Google Ads,CMP-1003,Detox Near Me - Geo,Admissions,substance abuse treatment options,substance abuse treatment options,Broad,https://harborridge.example.test/admissions,CO,37.42,0,Google Ads,System-Observed
TOUCH-000879,,2026-06-24T07:08:38,Paid Search,Google Ads,CMP-1002,Behavioral Health - Non-Brand,Admissions,detox center near me,detox center near me,Broad,https://harborridge.example.test/admissions,NV,15.85,0,Google Ads,System-Observed
TOUCH-000880,,2026-06-02T12:17:46,Paid Search,Google Ads,CMP-1003,Detox Near Me - Geo,Residential Programs,inpatient mental health treatment,inpatient mental health treatment,Phrase,https://harborridge.example.test/admissions,NV,29.42,0,Google Ads,System-Observed
TOUCH-000881,,2026-06-11T20:48:33,Paid Search,Google Ads,CMP-1001,Behavioral Health - Brand,Family Support,substance abuse treatment options,substance abuse treatment options,Broad,https://harborridge.example.test/admissions,TX,29.29,0,Google Ads,System-Observed
TOUCH-000882,,2026-06-09T16:23:21,Paid Search,Google Ads,CMP-1002,Behavioral Health - Non-Brand,Family Support,substance abuse treatment options,substance abuse treatment options,Phrase,https://harborridge.example.test/admissions,NY,17.67,0,Google Ads,System-Observed
TOUCH-000883,,2026-06-07T20:00:16,Paid Search,Google Ads,CMP-1003,Detox Near Me - Geo,Admissions,inpatient mental health treatment,inpatient mental health treatment,Phrase,https://harborridge.example.test/admissions,OR,23.07,0,Google Ads,System-Observed
TOUCH-000884,,2026-06-01T09:16:09,Paid Search,Google Ads,CMP-1004,Residential Treatment - Geo,Residential Programs,substance abuse treatment options,substance abuse treatment options,Exact,https://harborridge.example.test/admissions,CO,21.31,0,Google Ads,System-Observed
TOUCH-000885,,2026-06-19T19:36:05,Paid Search,Google Ads,CMP-1003,Detox Near Me - Geo,Family Support,substance abuse treatment options,substance abuse treatment options,Exact,https://harborridge.example.test/admissions,FL,31.63,0,Google Ads,System-Observed
TOUCH-000886,,2026-06-12T11:55:30,Paid Search,Google Ads,CMP-1002,Behavioral Health - Non-Brand,Admissions,substance abuse treatment options,substance abuse treatment options,Broad,https://harborridge.example.test/admissions,NV,31.63,0,Google Ads,System-Observed
TOUCH-000887,,2026-06-06T16:02:28,Paid Search,Google Ads,CMP-1005,Family Crisis - Non-Brand,Residential Programs,residential treatment center,residential treatment center,Broad,https://harborridge.example.test/admissions,CO,33.98,0,Google Ads,System-Observed
TOUCH-000888,,2026-06-18T17:34:20,Paid Search,Google Ads,CMP-1001,Behavioral Health - Brand,Residential Programs,detox center near me,detox center near me,Exact,https://harborridge.example.test/admissions,CO,32.4,0,Google Ads,System-Observed
TOUCH-000889,,2026-06-02T18:06:01,Paid Search,Google Ads,CMP-1001,Behavioral Health - Brand,Residential Programs,family intervention help,family intervention help,Exact,https://harborridge.example.test/admissions,NY,31.92,0,Google Ads,System-Observed
TOUCH-000890,,2026-06-05T14:55:52,Paid Search,Google Ads,CMP-1005,Family Crisis - Non-Brand,Residential Programs,residential treatment center,residential treatment center,Broad,https://harborridge.example.test/admissions,NY,17.39,0,Google Ads,System-Observed
TOUCH-000891,,2026-06-13T20:26:20,Paid Search,Google Ads,CMP-1002,Behavioral Health - Non-Brand,Detox Programs,substance abuse treatment options,substance abuse treatment options,Exact,https://harborridge.example.test/admissions,UT,32.71,0,Google Ads,System-Observed
TOUCH-000892,,2026-06-01T12:43:13,Paid Search,Google Ads,CMP-1002,Behavioral Health - Non-Brand,Detox Programs,behavioral health treatment near me,behavioral health treatment near me,Phrase,https://harborridge.example.test/admissions,CO,31.64,0,Google Ads,System-Observed
TOUCH-000893,,2026-06-22T10:05:35,Paid Search,Google Ads,CMP-1003,Detox Near Me - Geo,Family Support,substance abuse treatment options,substance abuse treatment options,Exact,https://harborridge.example.test/admissions,UT,26.11,0,Google Ads,System-Observed
TOUCH-000894,,2026-06-29T18:16:08,Paid Search,Google Ads,CMP-1003,Detox Near Me - Geo,Admissions,behavioral health treatment near me,behavioral health treatment near me,Phrase,https://harborridge.example.test/admissions,CO,39.39,0,Google Ads,System-Observed
TOUCH-000895,,2026-06-08T09:22:45,Paid Search,Google Ads,CMP-1004,Residential Treatment - Geo,Admissions,inpatient mental health treatment,inpatient mental health treatment,Exact,https://harborridge.example.test/admissions,NV,19.98,0,Google Ads,System-Observed
TOUCH-000896,,2026-06-03T20:04:47,Paid Search,Google Ads,CMP-1005,Family Crisis - Non-Brand,Family Support,detox center near me,detox center near me,Phrase,https://harborridge.example.test/admissions,CO,31.44,0,Google Ads,System-Observed
TOUCH-000897,,2026-06-14T12:38:06,Paid Search,Google Ads,CMP-1003,Detox Near Me - Geo,Admissions,substance abuse treatment options,substance abuse treatment options,Phrase,https://harborridge.example.test/admissions,OR,22.85,0,Google Ads,System-Observed
TOUCH-000898,,2026-06-03T17:24:00,Paid Search,Google Ads,CMP-1001,Behavioral Health - Brand,Detox Programs,inpatient mental health treatment,inpatient mental health treatment,Exact,https://harborridge.example.test/admissions,FL,44.46,0,Google Ads,System-Observed
TOUCH-000899,,2026-06-03T16:41:28,Paid Search,Google Ads,CMP-1004,Residential Treatment - Geo,Family Support,substance abuse treatment options,substance abuse treatment options,Broad,https://harborridge.example.test/admissions,WA,38.03,0,Google Ads,System-Observed
TOUCH-000900,,2026-06-30T20:02:33,Paid Search,Google Ads,CMP-1003,Detox Near Me - Geo,Detox Programs,inpatient mental health treatment,inpatient mental health treatment,Phrase,https://harborridge.example.test/admissions,NY,21.98,0,Google Ads,System-Observed
TOUCH-000901,,2026-06-13T10:13:05,Paid Search,Google Ads,CMP-1001,Behavioral Health - Brand,Family Support,detox center near me,detox center near me,Exact,https://harborridge.example.test/admissions,WA,44.97,0,Google Ads,System-Observed
TOUCH-000902,,2026-06-22T07:45:16,Paid Search,Google Ads,CMP-1004,Residential Treatment - Geo,Admissions,residential treatment center,residential treatment center,Exact,https://harborridge.example.test/admissions,WA,29.39,0,Google Ads,System-Observed
TOUCH-000903,,2026-06-24T13:08:03,Paid Search,Google Ads,CMP-1002,Behavioral Health - Non-Brand,Family Support,residential treatment center,residential treatment center,Phrase,https://harborridge.example.test/admissions,UT,40.57,0,Google Ads,System-Observed
TOUCH-000904,,2026-06-03T20:49:41,Paid Search,Google Ads,CMP-1001,Behavioral Health - Brand,Family Support,inpatient mental health treatment,inpatient mental health treatment,Exact,https://harborridge.example.test/admissions,WA,37.54,0,Google Ads,System-Observed
TOUCH-000905,,2026-06-25T09:36:46,Paid Search,Google Ads,CMP-1005,Family Crisis - Non-Brand,Admissions,substance abuse treatment options,substance abuse treatment options,Broad,https://harborridge.example.test/admissions,AZ,39.94,0,Google Ads,System-Observed
TOUCH-000906,,2026-06-17T19:02:38,Paid Search,Google Ads,CMP-1002,Behavioral Health - Non-Brand,Detox Programs,residential treatment center,residential treatment center,Broad,https://harborridge.example.test/admissions,NV,26.01,0,Google Ads,System-Observed
TOUCH-000907,,2026-06-24T14:01:38,Paid Search,Google Ads,CMP-1002,Behavioral Health - Non-Brand,Detox Programs,family intervention help,family intervention help,Phrase,https://harborridge.example.test/admissions,FL,29.89,0,Google Ads,System-Observed
TOUCH-000908,,2026-06-20T20:46:45,Paid Search,Google Ads,CMP-1005,Family Crisis - Non-Brand,Family Support,substance abuse treatment options,substance abuse treatment options,Broad,https://harborridge.example.test/admissions,AZ,23.68,0,Google Ads,System-Observed
TOUCH-000909,,2026-06-19T13:35:26,Paid Search,Google Ads,CMP-1005,Family Crisis - Non-Brand,Admissions,behavioral health treatment near me,behavioral health treatment near me,Phrase,https://harborridge.example.test/admissions,WA,34.17,0,Google Ads,System-Observed
TOUCH-000910,,2026-06-14T08:09:44,Paid Search,Google Ads,CMP-1004,Residential Treatment - Geo,Family Support,inpatient mental health treatment,inpatient mental health treatment,Exact,https://harborridge.example.test/admissions,NV,22.75,0,Google Ads,System-Observed
TOUCH-000911,,2026-06-26T17:53:22,Paid Search,Google Ads,CMP-1005,Family Crisis - Non-Brand,Detox Programs,residential treatment center,residential treatment center,Exact,https://harborridge.example.test/admissions,TX,20.41,0,Google Ads,System-Observed
TOUCH-000912,,2026-06-01T19:36:14,Paid Search,Microsoft Ads,CMP-2002,Residential Treatment - Geo (Bing),Detox Programs,family intervention help,family intervention help,Broad,https://harborridge.example.test/admissions,FL,26.93,0,Microsoft Ads,System-Observed
TOUCH-000913,,2026-06-17T11:55:08,Paid Search,Microsoft Ads,CMP-2002,Residential Treatment - Geo (Bing),Residential Programs,family intervention help,family intervention help,Phrase,https://harborridge.example.test/admissions,UT,9.08,0,Microsoft Ads,System-Observed
TOUCH-000914,,2026-06-05T14:02:59,Paid Search,Microsoft Ads,CMP-2001,Behavioral Health - Brand (Bing),Detox Programs,residential treatment center,residential treatment center,Broad,https://harborridge.example.test/admissions,AZ,17.55,0,Microsoft Ads,System-Observed
TOUCH-000915,,2026-06-13T09:34:53,Paid Search,Microsoft Ads,CMP-2001,Behavioral Health - Brand (Bing),Admissions,family intervention help,family intervention help,Broad,https://harborridge.example.test/admissions,OR,19.89,0,Microsoft Ads,System-Observed
TOUCH-000916,,2026-06-16T14:26:32,Paid Search,Microsoft Ads,CMP-2001,Behavioral Health - Brand (Bing),Residential Programs,substance abuse treatment options,substance abuse treatment options,Phrase,https://harborridge.example.test/admissions,CO,8.66,0,Microsoft Ads,System-Observed
TOUCH-000917,,2026-06-03T13:09:09,Paid Search,Microsoft Ads,CMP-2001,Behavioral Health - Brand (Bing),Family Support,inpatient mental health treatment,inpatient mental health treatment,Broad,https://harborridge.example.test/admissions,FL,26.2,0,Microsoft Ads,System-Observed
TOUCH-000918,,2026-06-04T12:48:51,Paid Search,Microsoft Ads,CMP-2001,Behavioral Health - Brand (Bing),Admissions,family intervention help,family intervention help,Broad,https://harborridge.example.test/admissions,TX,10.21,0,Microsoft Ads,System-Observed
TOUCH-000919,,2026-06-09T12:05:14,Paid Search,Microsoft Ads,CMP-2001,Behavioral Health - Brand (Bing),Detox Programs,family intervention help,family intervention help,Phrase,https://harborridge.example.test/admissions,CA,28.26,0,Microsoft Ads,System-Observed
TOUCH-000920,,2026-06-10T15:38:07,Paid Search,Microsoft Ads,CMP-2002,Residential Treatment - Geo (Bing),Residential Programs,substance abuse treatment options,substance abuse treatment options,Phrase,https://harborridge.example.test/admissions,FL,23.16,0,Microsoft Ads,System-Observed
TOUCH-000921,,2026-06-03T12:22:57,Paid Search,Microsoft Ads,CMP-2001,Behavioral Health - Brand (Bing),Admissions,substance abuse treatment options,substance abuse treatment options,Exact,https://harborridge.example.test/admissions,OR,31.26,0,Microsoft Ads,System-Observed
TOUCH-000922,,2026-06-12T14:54:49,Paid Search,Microsoft Ads,CMP-2002,Residential Treatment - Geo (Bing),Family Support,family intervention help,family intervention help,Broad,https://harborridge.example.test/admissions,FL,10.24,0,Microsoft Ads,System-Observed
TOUCH-000923,,2026-06-27T09:08:59,Paid Search,Microsoft Ads,CMP-2002,Residential Treatment - Geo (Bing),Admissions,substance abuse treatment options,substance abuse treatment options,Exact,https://harborridge.example.test/admissions,OR,17.93,0,Microsoft Ads,System-Observed
TOUCH-000924,,2026-06-11T12:28:35,Paid Search,Microsoft Ads,CMP-2002,Residential Treatment - Geo (Bing),Admissions,behavioral health treatment near me,behavioral health treatment near me,Broad,https://harborridge.example.test/admissions,AZ,18.37,0,Microsoft Ads,System-Observed
TOUCH-000925,,2026-06-05T20:26:34,Paid Search,Microsoft Ads,CMP-2001,Behavioral Health - Brand (Bing),Detox Programs,residential treatment center,residential treatment center,Phrase,https://harborridge.example.test/admissions,WA,31.03,0,Microsoft Ads,System-Observed
TOUCH-000926,,2026-06-21T17:43:01,Paid Search,Microsoft Ads,CMP-2001,Behavioral Health - Brand (Bing),Family Support,inpatient mental health treatment,inpatient mental health treatment,Broad,https://harborridge.example.test/admissions,CA,20.54,0,Microsoft Ads,System-Observed
TOUCH-000927,,2026-06-05T11:15:16,Paid Search,Microsoft Ads,CMP-2001,Behavioral Health - Brand (Bing),Admissions,substance abuse treatment options,substance abuse treatment options,Phrase,https://harborridge.example.test/admissions,CO,8.98,0,Microsoft Ads,System-Observed
TOUCH-000928,,2026-06-23T15:22:57,Paid Search,Microsoft Ads,CMP-2001,Behavioral Health - Brand (Bing),Admissions,inpatient mental health treatment,inpatient mental health treatment,Exact,https://harborridge.example.test/admissions,TX,28.68,0,Microsoft Ads,System-Observed
TOUCH-000929,,2026-06-03T08:46:08,Paid Search,Microsoft Ads,CMP-2001,Behavioral Health - Brand (Bing),Family Support,substance abuse treatment options,substance abuse treatment options,Exact,https://harborridge.example.test/admissions,CA,17.02,0,Microsoft Ads,System-Observed
TOUCH-000930,,2026-06-19T08:09:59,Paid Social,Meta,CMP-3002,Recovery Journey - Lookalike,Family Support,,,,https://harborridge.example.test/family-support,CA,4.37,0,Meta,System-Observed
TOUCH-000931,,2026-06-08T11:46:10,Paid Social,Meta,CMP-3001,Family Support Awareness,Family Support,,,,https://harborridge.example.test/family-support,FL,13.12,0,Meta,System-Observed
TOUCH-000932,,2026-06-11T11:05:24,Paid Social,Meta,CMP-3001,Family Support Awareness,Community Awareness,,,,https://harborridge.example.test/family-support,OR,5.97,0,Meta,System-Observed
TOUCH-000933,,2026-06-08T20:47:24,Paid Social,Meta,CMP-3001,Family Support Awareness,Family Support,,,,https://harborridge.example.test/family-support,AZ,5.05,0,Meta,System-Observed
TOUCH-000934,,2026-06-12T18:12:33,Paid Social,Meta,CMP-3003,Local Community Awareness,Community Awareness,,,,https://harborridge.example.test/family-support,OR,3.92,0,Meta,System-Observed
TOUCH-000935,,2026-06-13T15:50:50,Paid Social,Meta,CMP-3002,Recovery Journey - Lookalike,Community Awareness,,,,https://harborridge.example.test/family-support,NY,14.21,0,Meta,System-Observed
TOUCH-000936,,2026-06-23T09:14:17,Paid Social,Meta,CMP-3002,Recovery Journey - Lookalike,Community Awareness,,,,https://harborridge.example.test/family-support,CA,5.26,0,Meta,System-Observed
TOUCH-000937,,2026-06-10T19:06:29,Paid Social,Meta,CMP-3003,Local Community Awareness,Family Support,,,,https://harborridge.example.test/family-support,TX,12.98,0,Meta,System-Observed
TOUCH-000938,,2026-06-19T08:37:45,Paid Social,Meta,CMP-3003,Local Community Awareness,Family Support,,,,https://harborridge.example.test/family-support,UT,9.38,0,Meta,System-Observed
TOUCH-000939,,2026-06-28T10:48:02,Paid Social,Meta,CMP-3003,Local Community Awareness,Family Support,,,,https://harborridge.example.test/family-support,NV,6.23,0,Meta,System-Observed
TOUCH-000940,,2026-06-02T08:06:30,Paid Social,Meta,CMP-3001,Family Support Awareness,Family Support,,,,https://harborridge.example.test/family-support,WA,12.76,0,Meta,System-Observed
TOUCH-000941,,2026-06-02T07:52:30,Paid Social,Meta,CMP-3001,Family Support Awareness,Community Awareness,,,,https://harborridge.example.test/family-support,AZ,11.24,0,Meta,System-Observed
TOUCH-000942,,2026-06-02T15:07:07,Paid Social,Meta,CMP-3003,Local Community Awareness,Community Awareness,,,,https://harborridge.example.test/family-support,TX,12.78,0,Meta,System-Observed
TOUCH-000943,,2026-06-06T09:08:58,Paid Social,Meta,CMP-3001,Family Support Awareness,Family Support,,,,https://harborridge.example.test/family-support,CO,9.24,0,Meta,System-Observed
TOUCH-000944,,2026-06-13T11:06:19,Paid Social,Meta,CMP-3001,Family Support Awareness,Family Support,,,,https://harborridge.example.test/family-support,CA,14.97,0,Meta,System-Observed
TOUCH-000945,,2026-06-09T18:08:31,Paid Social,Meta,CMP-3002,Recovery Journey - Lookalike,Family Support,,,,https://harborridge.example.test/family-support,NV,9.17,0,Meta,System-Observed
TOUCH-000946,,2026-06-06T18:06:17,Paid Social,Meta,CMP-3001,Family Support Awareness,Community Awareness,,,,https://harborridge.example.test/family-support,CO,8.51,0,Meta,System-Observed
TOUCH-000947,,2026-06-05T07:38:41,Paid Social,Meta,CMP-3003,Local Community Awareness,Community Awareness,,,,https://harborridge.example.test/family-support,TX,14.04,0,Meta,System-Observed
TOUCH-000948,,2026-06-12T11:01:50,Paid Social,Meta,CMP-3002,Recovery Journey - Lookalike,Family Support,,,,https://harborridge.example.test/family-support,WA,6.5,0,Meta,System-Observed
TOUCH-000949,,2026-06-01T18:10:01,Paid Social,Meta,CMP-3002,Recovery Journey - Lookalike,Family Support,,,,https://harborridge.example.test/family-support,NV,8.75,0,Meta,System-Observed
TOUCH-000950,,2026-06-03T12:30:28,Paid Social,Meta,CMP-3002,Recovery Journey - Lookalike,Community Awareness,,,,https://harborridge.example.test/family-support,TX,11.85,0,Meta,System-Observed
TOUCH-000951,,2026-06-23T12:56:50,Paid Social,Meta,CMP-3003,Local Community Awareness,Family Support,,,,https://harborridge.example.test/family-support,FL,14.13,0,Meta,System-Observed
TOUCH-000952,,2026-06-30T11:56:38,Paid Social,Meta,CMP-3001,Family Support Awareness,Family Support,,,,https://harborridge.example.test/family-support,AZ,10.71,0,Meta,System-Observed
TOUCH-000953,,2026-06-14T11:13:29,Paid Social,Meta,CMP-3001,Family Support Awareness,Community Awareness,,,,https://harborridge.example.test/family-support,CO,8.44,0,Meta,System-Observed
TOUCH-000954,,2026-06-20T13:33:32,Paid Social,Meta,CMP-3001,Family Support Awareness,Family Support,,,,https://harborridge.example.test/family-support,TX,3.86,0,Meta,System-Observed
TOUCH-000955,,2026-06-09T09:34:38,Paid Social,Meta,CMP-3002,Recovery Journey - Lookalike,Family Support,,,,https://harborridge.example.test/family-support,TX,14.73,0,Meta,System-Observed
TOUCH-000956,,2026-06-24T13:59:43,Paid Social,Meta,CMP-3002,Recovery Journey - Lookalike,Family Support,,,,https://harborridge.example.test/family-support,UT,6.21,0,Meta,System-Observed
TOUCH-000957,,2026-06-12T19:00:45,Paid Social,Meta,CMP-3003,Local Community Awareness,Community Awareness,,,,https://harborridge.example.test/family-support,CO,7.82,0,Meta,System-Observed
TOUCH-000958,,2026-06-08T19:41:55,Paid Social,Meta,CMP-3001,Family Support Awareness,Family Support,,,,https://harborridge.example.test/family-support,UT,10.81,0,Meta,System-Observed
TOUCH-000959,,2026-06-04T08:33:52,Paid Social,Meta,CMP-3001,Family Support Awareness,Family Support,,,,https://harborridge.example.test/family-support,NV,7.32,0,Meta,System-Observed
TOUCH-000960,,2026-06-18T08:59:30,Paid Social,Meta,CMP-3003,Local Community Awareness,Family Support,,,,https://harborridge.example.test/family-support,TX,3.4,0,Meta,System-Observed
TOUCH-000961,,2026-06-19T12:40:10,Paid Social,Meta,CMP-3003,Local Community Awareness,Family Support,,,,https://harborridge.example.test/family-support,OR,13.35,0,Meta,System-Observed
TOUCH-000962,,2026-06-16T09:47:15,Paid Social,Meta,CMP-3002,Recovery Journey - Lookalike,Community Awareness,,,,https://harborridge.example.test/family-support,WA,8.83,0,Meta,System-Observed
TOUCH-000963,,2026-06-28T11:01:23,Paid Social,Meta,CMP-3002,Recovery Journey - Lookalike,Family Support,,,,https://harborridge.example.test/family-support,FL,3.79,0,Meta,System-Observed
TOUCH-000964,,2026-06-14T16:06:56,Paid Social,Meta,CMP-3002,Recovery Journey - Lookalike,Family Support,,,,https://harborridge.example.test/family-support,TX,4.0,0,Meta,System-Observed
TOUCH-000965,,2026-06-09T11:14:25,Paid Social,Meta,CMP-3001,Family Support Awareness,Family Support,,,,https://harborridge.example.test/family-support,AZ,10.74,0,Meta,System-Observed
TOUCH-000966,,2026-06-14T16:50:27,Paid Social,Meta,CMP-3003,Local Community Awareness,Family Support,,,,https://harborridge.example.test/family-support,AZ,6.84,0,Meta,System-Observed
TOUCH-000967,,2026-06-17T19:30:11,Paid Social,Meta,CMP-3003,Local Community Awareness,Family Support,,,,https://harborridge.example.test/family-support,AZ,3.53,0,Meta,System-Observed
TOUCH-000968,,2026-06-05T18:46:36,Paid Social,Meta,CMP-3001,Family Support Awareness,Community Awareness,,,,https://harborridge.example.test/family-support,TX,12.79,0,Meta,System-Observed
TOUCH-000969,,2026-06-14T20:20:12,Paid Social,Meta,CMP-3002,Recovery Journey - Lookalike,Family Support,,,,https://harborridge.example.test/family-support,OR,13.68,0,Meta,System-Observed
TOUCH-000970,,2026-06-08T10:02:11,Organic,Google Organic,,,,,,,https://harborridge.example.test/treatment-programs,FL,,0,Google Analytics,System-Observed
TOUCH-000971,,2026-06-18T09:46:15,Organic,Google Organic,,,,,,,https://harborridge.example.test/treatment-programs,UT,,0,Google Analytics,System-Observed
TOUCH-000972,,2026-06-26T13:37:40,Organic,Google Organic,,,,,,,https://harborridge.example.test/treatment-programs,NY,,0,Google Analytics,System-Observed
TOUCH-000973,,2026-06-07T19:54:30,Organic,Google Organic,,,,,,,https://harborridge.example.test/treatment-programs,TX,,0,Google Analytics,System-Observed
TOUCH-000974,,2026-06-07T15:38:46,Organic,Google Organic,,,,,,,https://harborridge.example.test/treatment-programs,TX,,0,Google Analytics,System-Observed
TOUCH-000975,,2026-06-02T07:50:11,Organic,Google Organic,,,,,,,https://harborridge.example.test/treatment-programs,FL,,0,Google Analytics,System-Observed
TOUCH-000976,,2026-06-22T17:42:17,Organic,Google Organic,,,,,,,https://harborridge.example.test/treatment-programs,CA,,0,Google Analytics,System-Observed
TOUCH-000977,,2026-06-14T15:10:02,Organic,Google Organic,,,,,,,https://harborridge.example.test/treatment-programs,UT,,0,Google Analytics,System-Observed
TOUCH-000978,,2026-06-06T18:43:56,Organic,Google Organic,,,,,,,https://harborridge.example.test/treatment-programs,OR,,0,Google Analytics,System-Observed
TOUCH-000979,,2026-06-15T07:43:14,Organic,Google Organic,,,,,,,https://harborridge.example.test/treatment-programs,OR,,0,Google Analytics,System-Observed
TOUCH-000980,,2026-06-28T18:37:49,Organic,Google Organic,,,,,,,https://harborridge.example.test/treatment-programs,NY,,0,Google Analytics,System-Observed
TOUCH-000981,,2026-06-10T18:37:18,Organic,Google Organic,,,,,,,https://harborridge.example.test/treatment-programs,TX,,0,Google Analytics,System-Observed
TOUCH-000982,,2026-06-18T09:33:07,Organic,Google Organic,,,,,,,https://harborridge.example.test/treatment-programs,NV,,0,Google Analytics,System-Observed
TOUCH-000983,,2026-06-19T08:18:46,Organic,Google Organic,,,,,,,https://harborridge.example.test/treatment-programs,WA,,0,Google Analytics,System-Observed
TOUCH-000984,,2026-06-21T14:17:32,Organic,Google Organic,,,,,,,https://harborridge.example.test/treatment-programs,CO,,0,Google Analytics,System-Observed
TOUCH-000985,,2026-06-23T11:02:39,Organic,Google Organic,,,,,,,https://harborridge.example.test/treatment-programs,UT,,0,Google Analytics,System-Observed
TOUCH-000986,,2026-06-24T09:39:03,Organic,Google Organic,,,,,,,https://harborridge.example.test/treatment-programs,NV,,0,Google Analytics,System-Observed
TOUCH-000987,,2026-06-13T18:42:36,Organic,Google Organic,,,,,,,https://harborridge.example.test/treatment-programs,NV,,0,Google Analytics,System-Observed
TOUCH-000988,,2026-06-04T07:41:01,Organic,Google Organic,,,,,,,https://harborridge.example.test/treatment-programs,CO,,0,Google Analytics,System-Observed
TOUCH-000989,,2026-06-20T10:09:56,Organic,Google Organic,,,,,,,https://harborridge.example.test/treatment-programs,CA,,0,Google Analytics,System-Observed
TOUCH-000990,,2026-06-22T10:58:00,Organic,Google Organic,,,,,,,https://harborridge.example.test/treatment-programs,CO,,0,Google Analytics,System-Observed
TOUCH-000991,,2026-06-23T10:54:23,Organic,Google Organic,,,,,,,https://harborridge.example.test/treatment-programs,CA,,0,Google Analytics,System-Observed
TOUCH-000992,,2026-06-04T09:54:26,Organic,Google Organic,,,,,,,https://harborridge.example.test/treatment-programs,CO,,0,Google Analytics,System-Observed
TOUCH-000993,,2026-06-17T10:21:16,Organic,Google Organic,,,,,,,https://harborridge.example.test/treatment-programs,FL,,0,Google Analytics,System-Observed
TOUCH-000994,,2026-06-15T08:52:57,Organic,Google Organic,,,,,,,https://harborridge.example.test/treatment-programs,CO,,0,Google Analytics,System-Observed
TOUCH-000995,,2026-06-08T20:10:41,Organic,Google Organic,,,,,,,https://harborridge.example.test/treatment-programs,NV,,0,Google Analytics,System-Observed
TOUCH-000996,,2026-06-12T19:22:44,Organic,Google Organic,,,,,,,https://harborridge.example.test/treatment-programs,OR,,0,Google Analytics,System-Observed
TOUCH-000997,,2026-06-16T19:10:25,Organic,Google Organic,,,,,,,https://harborridge.example.test/treatment-programs,TX,,0,Google Analytics,System-Observed
TOUCH-000998,,2026-06-13T19:16:13,Organic,Google Organic,,,,,,,https://harborridge.example.test/treatment-programs,FL,,0,Google Analytics,System-Observed
TOUCH-000999,,2026-06-18T18:18:21,Organic,Google Organic,,,,,,,https://harborridge.example.test/treatment-programs,CA,,0,Google Analytics,System-Observed
TOUCH-001000,,2026-06-02T14:03:05,Organic,Google Organic,,,,,,,https://harborridge.example.test/treatment-programs,CO,,0,Google Analytics,System-Observed
TOUCH-001001,,2026-06-03T07:37:37,Organic,Google Organic,,,,,,,https://harborridge.example.test/treatment-programs,NY,,0,Google Analytics,System-Observed
TOUCH-001002,,2026-06-23T19:11:01,Organic,Google Organic,,,,,,,https://harborridge.example.test/treatment-programs,NY,,0,Google Analytics,System-Observed
TOUCH-001003,,2026-06-20T11:31:53,Organic,Google Organic,,,,,,,https://harborridge.example.test/treatment-programs,NY,,0,Google Analytics,System-Observed
TOUCH-001004,,2026-06-12T15:39:46,Organic,Google Organic,,,,,,,https://harborridge.example.test/treatment-programs,FL,,0,Google Analytics,System-Observed
TOUCH-001005,,2026-06-19T13:55:14,Organic,Google Organic,,,,,,,https://harborridge.example.test/treatment-programs,CO,,0,Google Analytics,System-Observed
TOUCH-001006,,2026-06-18T07:37:23,Organic,Google Organic,,,,,,,https://harborridge.example.test/treatment-programs,UT,,0,Google Analytics,System-Observed
TOUCH-001007,,2026-06-15T15:11:15,Organic,Google Organic,,,,,,,https://harborridge.example.test/treatment-programs,CO,,0,Google Analytics,System-Observed
TOUCH-001008,,2026-06-15T11:26:52,Organic,Google Organic,,,,,,,https://harborridge.example.test/treatment-programs,AZ,,0,Google Analytics,System-Observed
TOUCH-001009,,2026-06-16T18:45:10,Organic,Google Organic,,,,,,,https://harborridge.example.test/treatment-programs,CA,,0,Google Analytics,System-Observed
TOUCH-001010,,2026-06-01T19:17:14,Organic,Google Organic,,,,,,,https://harborridge.example.test/treatment-programs,FL,,0,Google Analytics,System-Observed
TOUCH-001011,,2026-06-03T16:45:13,Organic,Google Organic,,,,,,,https://harborridge.example.test/treatment-programs,NY,,0,Google Analytics,System-Observed
TOUCH-001012,,2026-06-28T17:43:05,Organic,Google Organic,,,,,,,https://harborridge.example.test/treatment-programs,CO,,0,Google Analytics,System-Observed
TOUCH-001013,,2026-06-14T14:27:14,Organic,Google Organic,,,,,,,https://harborridge.example.test/treatment-programs,NY,,0,Google Analytics,System-Observed
TOUCH-001014,,2026-06-29T12:43:37,Organic,Google Organic,,,,,,,https://harborridge.example.test/treatment-programs,FL,,0,Google Analytics,System-Observed
TOUCH-001015,,2026-06-05T09:22:23,Organic,Google Organic,,,,,,,https://harborridge.example.test/treatment-programs,WA,,0,Google Analytics,System-Observed
TOUCH-001016,,2026-06-16T12:29:13,Organic,Google Organic,,,,,,,https://harborridge.example.test/treatment-programs,WA,,0,Google Analytics,System-Observed
TOUCH-001017,,2026-06-15T09:48:38,Organic,Google Organic,,,,,,,https://harborridge.example.test/treatment-programs,TX,,0,Google Analytics,System-Observed
TOUCH-001018,,2026-06-26T08:13:05,Organic,Google Organic,,,,,,,https://harborridge.example.test/treatment-programs,TX,,0,Google Analytics,System-Observed
TOUCH-001019,,2026-06-20T12:19:58,Organic,Google Organic,,,,,,,https://harborridge.example.test/treatment-programs,AZ,,0,Google Analytics,System-Observed
TOUCH-001020,,2026-06-27T09:20:11,Organic,Google Organic,,,,,,,https://harborridge.example.test/treatment-programs,OR,,0,Google Analytics,System-Observed
TOUCH-001021,,2026-06-07T20:24:19,Organic,Google Organic,,,,,,,https://harborridge.example.test/treatment-programs,NV,,0,Google Analytics,System-Observed
TOUCH-001022,,2026-06-26T10:05:36,Organic,Google Organic,,,,,,,https://harborridge.example.test/treatment-programs,NY,,0,Google Analytics,System-Observed
TOUCH-001023,,2026-06-24T19:00:09,Organic,Google Organic,,,,,,,https://harborridge.example.test/treatment-programs,TX,,0,Google Analytics,System-Observed
TOUCH-001024,,2026-06-24T08:46:13,Organic,Google Organic,,,,,,,https://harborridge.example.test/treatment-programs,TX,,0,Google Analytics,System-Observed
TOUCH-001025,,2026-06-25T10:28:49,Organic,Google Organic,,,,,,,https://harborridge.example.test/treatment-programs,NV,,0,Google Analytics,System-Observed
TOUCH-001026,,2026-06-27T11:18:43,Organic,Google Organic,,,,,,,https://harborridge.example.test/treatment-programs,NY,,0,Google Analytics,System-Observed
TOUCH-001027,,2026-06-20T16:20:57,Organic,Google Organic,,,,,,,https://harborridge.example.test/treatment-programs,FL,,0,Google Analytics,System-Observed
TOUCH-001028,,2026-06-01T15:01:16,Organic,Google Organic,,,,,,,https://harborridge.example.test/treatment-programs,TX,,0,Google Analytics,System-Observed
TOUCH-001029,,2026-06-11T20:02:37,Organic,Google Organic,,,,,,,https://harborridge.example.test/treatment-programs,UT,,0,Google Analytics,System-Observed
TOUCH-001030,,2026-06-29T19:33:35,Organic,Google Organic,,,,,,,https://harborridge.example.test/treatment-programs,WA,,0,Google Analytics,System-Observed
TOUCH-001031,,2026-06-02T07:38:54,Organic,Google Organic,,,,,,,https://harborridge.example.test/treatment-programs,OR,,0,Google Analytics,System-Observed
TOUCH-001032,,2026-06-23T09:40:22,Organic,Google Organic,,,,,,,https://harborridge.example.test/treatment-programs,UT,,0,Google Analytics,System-Observed
TOUCH-001033,,2026-06-26T18:34:49,Organic,Google Organic,,,,,,,https://harborridge.example.test/treatment-programs,NY,,0,Google Analytics,System-Observed
TOUCH-001034,,2026-06-27T11:35:14,Organic,Google Organic,,,,,,,https://harborridge.example.test/treatment-programs,OR,,0,Google Analytics,System-Observed
TOUCH-001035,,2026-06-28T19:05:11,Organic,Google Organic,,,,,,,https://harborridge.example.test/treatment-programs,NY,,0,Google Analytics,System-Observed
TOUCH-001036,,2026-06-20T11:41:33,Organic,Google Organic,,,,,,,https://harborridge.example.test/treatment-programs,NV,,0,Google Analytics,System-Observed
TOUCH-001037,,2026-06-17T09:20:27,Organic,Google Organic,,,,,,,https://harborridge.example.test/treatment-programs,NY,,0,Google Analytics,System-Observed
TOUCH-001038,,2026-06-14T09:05:09,Organic,Google Organic,,,,,,,https://harborridge.example.test/treatment-programs,TX,,0,Google Analytics,System-Observed
TOUCH-001039,,2026-06-24T07:08:44,Organic,Google Organic,,,,,,,https://harborridge.example.test/treatment-programs,OR,,0,Google Analytics,System-Observed
TOUCH-001040,INQ-000424,2026-07-12T14:51:06,Organic,Google Organic,,,,,,,https://harborridge.example.test/treatment-programs,WA,,1,Google Organic,System-Observed
TOUCH-001041,INQ-000425,2026-07-26T13:39:18,Paid Search,Google Ads,CMP-1004,Residential Treatment - Geo,Detox Programs,behavioral health treatment near me,behavioral health treatment near me,Exact,https://harborridge.example.test/admissions,NV,34.25,1,Google Ads,System-Observed
TOUCH-001042,INQ-000428,2026-07-13T06:54:43,Direct,,,,,,,,https://harborridge.example.test/,TX,,1,Direct / Analytics,System-Observed
TOUCH-001043,INQ-000430,2026-07-09T08:12:38,Paid Search,Google Ads,CMP-1003,Detox Near Me - Geo,Detox Programs,family intervention help,family intervention help,Phrase,https://harborridge.example.test/admissions,FL,29.42,1,Google Ads,System-Observed
TOUCH-001044,INQ-000432,2026-07-11T09:07:53,Paid Search,Google Ads,CMP-1003,Detox Near Me - Geo,Detox Programs,substance abuse treatment options,substance abuse treatment options,Broad,https://harborridge.example.test/admissions,CA,27.76,1,Google Ads,System-Observed
TOUCH-001045,INQ-000433,2026-07-08T14:06:23,Local,GBP,,,,,,,https://harborridge.example.test/contact,NV,,1,GBP,System-Observed
TOUCH-001046,INQ-000434,2026-07-11T19:36:47,Organic,Google Organic,,,,,,,https://harborridge.example.test/treatment-programs,OR,,1,Google Organic,System-Observed
TOUCH-001047,INQ-000435,2026-07-01T17:49:29,Paid Search,Google Ads,CMP-1003,Detox Near Me - Geo,Detox Programs,residential treatment center,residential treatment center,Exact,https://harborridge.example.test/admissions,CA,24.55,1,Google Ads,System-Observed
TOUCH-001048,INQ-000436,2026-07-05T07:12:06,Paid Search,Google Ads,CMP-1004,Residential Treatment - Geo,Admissions,residential treatment center,residential treatment center,Phrase,https://harborridge.example.test/admissions,NY,14.39,1,Google Ads,System-Observed
TOUCH-001049,INQ-000437,2026-07-02T17:46:12,Paid Search,Google Ads,CMP-1002,Behavioral Health - Non-Brand,Residential Programs,residential treatment center,residential treatment center,Exact,https://harborridge.example.test/admissions,WA,41.66,1,Google Ads,System-Observed
TOUCH-001050,INQ-000439,2026-07-03T09:02:52,Direct,,,,,,,,https://harborridge.example.test/,TX,,1,Direct / Analytics,System-Observed
TOUCH-001051,INQ-000441,2026-07-13T17:53:57,Paid Search,Microsoft Ads,CMP-2002,Residential Treatment - Geo (Bing),Admissions,substance abuse treatment options,substance abuse treatment options,Exact,https://harborridge.example.test/admissions,CO,28.73,1,Microsoft Ads,System-Observed
TOUCH-001052,INQ-000443,2026-07-23T05:45:51,Paid Search,Google Ads,CMP-1004,Residential Treatment - Geo,Family Support,family intervention help,family intervention help,Exact,https://harborridge.example.test/admissions,AZ,23.01,1,Google Ads,System-Observed
TOUCH-001053,INQ-000444,2026-07-18T08:39:05,Paid Search,Google Ads,CMP-1004,Residential Treatment - Geo,Residential Programs,inpatient mental health treatment,inpatient mental health treatment,Exact,https://harborridge.example.test/admissions,OR,21.94,1,Google Ads,System-Observed
TOUCH-001054,INQ-000445,2026-07-13T16:27:31,Organic,Google Organic,,,,,,,https://harborridge.example.test/treatment-programs,AZ,,1,Google Organic,System-Observed
TOUCH-001055,INQ-000446,2026-07-17T12:36:26,Local,GBP,,,,,,,https://harborridge.example.test/contact,AZ,,1,GBP,System-Observed
TOUCH-001056,INQ-000447,2026-07-08T19:23:27,Paid Social,Meta,CMP-3002,Recovery Journey - Lookalike,Community Awareness,,,,https://harborridge.example.test/family-support,AZ,9.98,1,Meta,System-Observed
TOUCH-001057,INQ-000448,2026-07-24T17:40:45,Paid Search,Google Ads,CMP-1004,Residential Treatment - Geo,Family Support,residential treatment center,residential treatment center,Exact,https://harborridge.example.test/admissions,CA,22.15,1,Google Ads,System-Observed
TOUCH-001058,INQ-000449,2026-07-16T18:20:43,Paid Search,Google Ads,CMP-1004,Residential Treatment - Geo,Detox Programs,inpatient mental health treatment,inpatient mental health treatment,Broad,https://harborridge.example.test/admissions,OR,36.15,1,Google Ads,System-Observed
TOUCH-001059,INQ-000452,2026-07-14T14:05:40,Paid Search,Google Ads,CMP-1001,Behavioral Health - Brand,Admissions,detox center near me,detox center near me,Exact,https://harborridge.example.test/admissions,AZ,18.31,1,Google Ads,System-Observed
TOUCH-001060,INQ-000454,2026-07-28T09:14:44,Paid Search,Google Ads,CMP-1002,Behavioral Health - Non-Brand,Admissions,inpatient mental health treatment,inpatient mental health treatment,Exact,https://harborridge.example.test/admissions,OR,29.76,1,Google Ads,System-Observed
TOUCH-001061,INQ-000455,2026-07-05T11:33:02,Organic,Google Organic,,,,,,,https://harborridge.example.test/treatment-programs,OR,,1,Google Organic,System-Observed
TOUCH-001062,INQ-000456,2026-07-15T20:46:45,Direct,,,,,,,,https://harborridge.example.test/,CO,,1,Direct / Analytics,System-Observed
TOUCH-001063,INQ-000457,2026-07-24T13:32:44,Paid Search,Google Ads,CMP-1001,Behavioral Health - Brand,Residential Programs,substance abuse treatment options,substance abuse treatment options,Exact,https://harborridge.example.test/admissions,TX,14.6,1,Google Ads,System-Observed
TOUCH-001064,INQ-000458,2026-07-01T16:34:12,Paid Search,Google Ads,CMP-1002,Behavioral Health - Non-Brand,Admissions,behavioral health treatment near me,behavioral health treatment near me,Broad,https://harborridge.example.test/admissions,WA,27.48,1,Google Ads,System-Observed
TOUCH-001065,INQ-000460,2026-07-26T08:59:03,Local,GBP,,,,,,,https://harborridge.example.test/contact,NY,,1,GBP,System-Observed
TOUCH-001066,INQ-000461,2026-07-17T13:50:08,Paid Search,Google Ads,CMP-1004,Residential Treatment - Geo,Detox Programs,family intervention help,family intervention help,Broad,https://harborridge.example.test/admissions,NY,24.41,1,Google Ads,System-Observed
TOUCH-001067,INQ-000462,2026-07-13T16:29:30,Organic,Google Organic,,,,,,,https://harborridge.example.test/treatment-programs,NY,,1,Google Organic,System-Observed
TOUCH-001068,INQ-000464,2026-07-12T07:12:02,Paid Search,Google Ads,CMP-1005,Family Crisis - Non-Brand,Residential Programs,substance abuse treatment options,substance abuse treatment options,Exact,https://harborridge.example.test/admissions,FL,42.58,1,Google Ads,System-Observed
TOUCH-001069,INQ-000465,2026-07-08T17:19:10,Local,GBP,,,,,,,https://harborridge.example.test/contact,CO,,1,GBP,System-Observed
TOUCH-001070,INQ-000466,2026-07-23T20:17:03,Paid Search,Google Ads,CMP-1005,Family Crisis - Non-Brand,Detox Programs,family intervention help,family intervention help,Phrase,https://harborridge.example.test/admissions,FL,34.36,1,Google Ads,System-Observed
TOUCH-001071,INQ-000467,2026-07-12T10:04:24,Paid Search,Google Ads,CMP-1002,Behavioral Health - Non-Brand,Family Support,behavioral health treatment near me,behavioral health treatment near me,Phrase,https://harborridge.example.test/admissions,OR,14.67,1,Google Ads,System-Observed
TOUCH-001072,INQ-000468,2026-07-03T12:35:30,Paid Search,Google Ads,CMP-1002,Behavioral Health - Non-Brand,Family Support,substance abuse treatment options,substance abuse treatment options,Exact,https://harborridge.example.test/admissions,NV,22.22,1,Google Ads,System-Observed
TOUCH-001073,INQ-000469,2026-07-09T10:09:32,Direct,,,,,,,,https://harborridge.example.test/,NY,,1,Direct / Analytics,System-Observed
TOUCH-001074,INQ-000471,2026-07-25T08:00:21,Paid Search,Google Ads,CMP-1001,Behavioral Health - Brand,Residential Programs,inpatient mental health treatment,inpatient mental health treatment,Phrase,https://harborridge.example.test/admissions,AZ,31.24,1,Google Ads,System-Observed
TOUCH-001075,INQ-000472,2026-07-23T12:40:12,Paid Search,Google Ads,CMP-1004,Residential Treatment - Geo,Admissions,family intervention help,family intervention help,Phrase,https://harborridge.example.test/admissions,NY,42.85,1,Google Ads,System-Observed
TOUCH-001076,INQ-000473,2026-07-19T13:58:28,Organic,Google Organic,,,,,,,https://harborridge.example.test/treatment-programs,FL,,1,Google Organic,System-Observed
TOUCH-001077,INQ-000474,2026-07-22T13:35:25,Organic,Google Organic,,,,,,,https://harborridge.example.test/treatment-programs,NV,,1,Google Organic,System-Observed
TOUCH-001078,INQ-000475,2026-07-05T18:40:37,Paid Search,Google Ads,CMP-1004,Residential Treatment - Geo,Admissions,inpatient mental health treatment,inpatient mental health treatment,Phrase,https://harborridge.example.test/admissions,CA,37.95,1,Google Ads,System-Observed
TOUCH-001079,INQ-000476,2026-07-09T09:02:12,Paid Search,Google Ads,CMP-1005,Family Crisis - Non-Brand,Residential Programs,behavioral health treatment near me,behavioral health treatment near me,Broad,https://harborridge.example.test/admissions,AZ,29.43,1,Google Ads,System-Observed
TOUCH-001080,INQ-000477,2026-07-16T07:09:37,Organic,Google Organic,,,,,,,https://harborridge.example.test/treatment-programs,CO,,1,Google Organic,System-Observed
TOUCH-001081,INQ-000479,2026-07-28T07:21:18,Direct,,,,,,,,https://harborridge.example.test/,NY,,1,Direct / Analytics,System-Observed
TOUCH-001082,INQ-000481,2026-07-06T12:39:47,Paid Search,Google Ads,CMP-1001,Behavioral Health - Brand,Family Support,detox center near me,detox center near me,Broad,https://harborridge.example.test/admissions,NV,16.31,1,Google Ads,System-Observed
TOUCH-001083,INQ-000482,2026-07-25T09:17:38,Organic,Google Organic,,,,,,,https://harborridge.example.test/treatment-programs,NV,,1,Google Organic,System-Observed
TOUCH-001084,INQ-000483,2026-07-01T09:09:31,Paid Search,Google Ads,CMP-1004,Residential Treatment - Geo,Detox Programs,substance abuse treatment options,substance abuse treatment options,Exact,https://harborridge.example.test/admissions,WA,44.09,1,Google Ads,System-Observed
TOUCH-001085,INQ-000484,2026-07-17T08:44:33,Organic,Google Organic,,,,,,,https://harborridge.example.test/treatment-programs,UT,,1,Google Organic,System-Observed
TOUCH-001086,INQ-000485,2026-07-25T08:35:22,Paid Search,Google Ads,CMP-1003,Detox Near Me - Geo,Family Support,residential treatment center,residential treatment center,Phrase,https://harborridge.example.test/admissions,FL,39.48,1,Google Ads,System-Observed
TOUCH-001087,INQ-000486,2026-07-06T11:25:04,Paid Search,Google Ads,CMP-1002,Behavioral Health - Non-Brand,Family Support,substance abuse treatment options,substance abuse treatment options,Exact,https://harborridge.example.test/admissions,TX,18.46,1,Google Ads,System-Observed
TOUCH-001088,INQ-000487,2026-07-21T13:02:51,Paid Search,Google Ads,CMP-1003,Detox Near Me - Geo,Admissions,inpatient mental health treatment,inpatient mental health treatment,Exact,https://harborridge.example.test/admissions,WA,23.18,1,Google Ads,System-Observed
TOUCH-001089,INQ-000488,2026-07-09T19:22:01,Paid Search,Google Ads,CMP-1002,Behavioral Health - Non-Brand,Admissions,family intervention help,family intervention help,Broad,https://harborridge.example.test/admissions,AZ,19.64,1,Google Ads,System-Observed
TOUCH-001090,INQ-000489,2026-07-28T08:35:08,Paid Social,Meta,CMP-3002,Recovery Journey - Lookalike,Community Awareness,,,,https://harborridge.example.test/family-support,WA,7.3,1,Meta,System-Observed
TOUCH-001091,INQ-000490,2026-07-25T18:18:17,Organic,Google Organic,,,,,,,https://harborridge.example.test/treatment-programs,NY,,1,Google Organic,System-Observed
TOUCH-001092,INQ-000492,2026-07-08T12:47:47,Local,GBP,,,,,,,https://harborridge.example.test/contact,NV,,1,GBP,System-Observed
TOUCH-001093,INQ-000496,2026-07-05T19:13:22,Organic,Google Organic,,,,,,,https://harborridge.example.test/treatment-programs,TX,,1,Google Organic,System-Observed
TOUCH-001094,INQ-000498,2026-07-05T11:41:41,Direct,,,,,,,,https://harborridge.example.test/,CA,,1,Direct / Analytics,System-Observed
TOUCH-001095,INQ-000501,2026-07-12T18:19:27,Local,GBP,,,,,,,https://harborridge.example.test/contact,CO,,1,GBP,System-Observed
TOUCH-001096,INQ-000505,2026-07-05T12:46:07,Paid Search,Google Ads,CMP-1001,Behavioral Health - Brand,Admissions,substance abuse treatment options,substance abuse treatment options,Exact,https://harborridge.example.test/admissions,CO,29.43,1,Google Ads,System-Observed
TOUCH-001097,INQ-000506,2026-07-13T14:42:50,Organic,Google Organic,,,,,,,https://harborridge.example.test/treatment-programs,NV,,1,Google Organic,System-Observed
TOUCH-001098,INQ-000509,2026-07-01T10:54:15,Local,GBP,,,,,,,https://harborridge.example.test/contact,TX,,1,GBP,System-Observed
TOUCH-001099,INQ-000510,2026-07-07T11:32:14,Organic,Google Organic,,,,,,,https://harborridge.example.test/treatment-programs,NY,,1,Google Organic,System-Observed
TOUCH-001100,INQ-000511,2026-07-14T13:11:38,Paid Search,Google Ads,CMP-1002,Behavioral Health - Non-Brand,Admissions,substance abuse treatment options,substance abuse treatment options,Broad,https://harborridge.example.test/admissions,AZ,16.45,1,Google Ads,System-Observed
TOUCH-001101,INQ-000513,2026-07-02T19:16:27,Local,GBP,,,,,,,https://harborridge.example.test/contact,NV,,1,GBP,System-Observed
TOUCH-001102,INQ-000515,2026-07-08T11:58:35,Local,GBP,,,,,,,https://harborridge.example.test/contact,TX,,1,GBP,System-Observed
TOUCH-001103,INQ-000518,2026-07-27T11:52:21,Organic,Google Organic,,,,,,,https://harborridge.example.test/treatment-programs,UT,,1,Google Organic,System-Observed
TOUCH-001104,INQ-000519,2026-07-01T12:49:41,Organic,Google Organic,,,,,,,https://harborridge.example.test/treatment-programs,WA,,1,Google Organic,System-Observed
TOUCH-001105,INQ-000521,2026-07-10T19:48:18,Paid Search,Google Ads,CMP-1005,Family Crisis - Non-Brand,Admissions,substance abuse treatment options,substance abuse treatment options,Exact,https://harborridge.example.test/admissions,NY,26.08,1,Google Ads,System-Observed
TOUCH-001106,INQ-000522,2026-07-27T18:55:12,Organic,Google Organic,,,,,,,https://harborridge.example.test/treatment-programs,TX,,1,Google Organic,System-Observed
TOUCH-001107,INQ-000523,2026-07-13T13:33:20,Paid Search,Google Ads,CMP-1003,Detox Near Me - Geo,Family Support,family intervention help,family intervention help,Exact,https://harborridge.example.test/admissions,CO,22.27,1,Google Ads,System-Observed
TOUCH-001108,INQ-000525,2026-07-03T13:17:53,Paid Search,Google Ads,CMP-1001,Behavioral Health - Brand,Detox Programs,inpatient mental health treatment,inpatient mental health treatment,Broad,https://harborridge.example.test/admissions,CA,25.9,1,Google Ads,System-Observed
TOUCH-001109,INQ-000527,2026-07-21T09:30:14,Paid Social,Meta,CMP-3002,Recovery Journey - Lookalike,Community Awareness,,,,https://harborridge.example.test/family-support,AZ,13.28,1,Meta,System-Observed
TOUCH-001110,INQ-000529,2026-07-02T06:49:30,Paid Social,Meta,CMP-3002,Recovery Journey - Lookalike,Community Awareness,,,,https://harborridge.example.test/family-support,FL,13.33,1,Meta,System-Observed
TOUCH-001111,INQ-000530,2026-07-19T09:43:43,Paid Search,Google Ads,CMP-1004,Residential Treatment - Geo,Family Support,inpatient mental health treatment,inpatient mental health treatment,Exact,https://harborridge.example.test/admissions,TX,34.0,1,Google Ads,System-Observed
TOUCH-001112,INQ-000531,2026-07-26T12:36:26,Direct,,,,,,,,https://harborridge.example.test/,OR,,1,Direct / Analytics,System-Observed
TOUCH-001113,INQ-000533,2026-07-04T18:57:10,Paid Search,Google Ads,CMP-1001,Behavioral Health - Brand,Residential Programs,family intervention help,family intervention help,Phrase,https://harborridge.example.test/admissions,WA,21.96,1,Google Ads,System-Observed
TOUCH-001114,INQ-000534,2026-07-09T18:12:58,Paid Search,Google Ads,CMP-1002,Behavioral Health - Non-Brand,Family Support,behavioral health treatment near me,behavioral health treatment near me,Broad,https://harborridge.example.test/admissions,TX,42.02,1,Google Ads,System-Observed
TOUCH-001115,INQ-000535,2026-07-15T16:46:43,Organic,Google Organic,,,,,,,https://harborridge.example.test/treatment-programs,AZ,,1,Google Organic,System-Observed
TOUCH-001116,INQ-000537,2026-07-12T09:05:31,Local,GBP,,,,,,,https://harborridge.example.test/contact,CA,,1,GBP,System-Observed
TOUCH-001117,INQ-000539,2026-07-01T15:46:00,Paid Search,Google Ads,CMP-1002,Behavioral Health - Non-Brand,Detox Programs,detox center near me,detox center near me,Exact,https://harborridge.example.test/admissions,NY,18.93,1,Google Ads,System-Observed
TOUCH-001118,INQ-000543,2026-07-03T16:35:06,Direct,,,,,,,,https://harborridge.example.test/,OR,,1,Direct / Analytics,System-Observed
TOUCH-001119,INQ-000545,2026-07-22T10:13:36,Paid Social,Meta,CMP-3002,Recovery Journey - Lookalike,Family Support,,,,https://harborridge.example.test/family-support,CO,3.62,1,Meta,System-Observed
TOUCH-001120,INQ-000546,2026-07-04T17:40:07,Direct,,,,,,,,https://harborridge.example.test/,FL,,1,Direct / Analytics,System-Observed
TOUCH-001121,INQ-000547,2026-07-15T11:44:07,Paid Social,Meta,CMP-3001,Family Support Awareness,Family Support,,,,https://harborridge.example.test/family-support,UT,8.49,1,Meta,System-Observed
TOUCH-001122,INQ-000553,2026-07-15T11:50:04,Organic,Google Organic,,,,,,,https://harborridge.example.test/treatment-programs,CA,,1,Google Organic,System-Observed
TOUCH-001123,INQ-000556,2026-07-19T16:12:45,Paid Search,Google Ads,CMP-1001,Behavioral Health - Brand,Residential Programs,inpatient mental health treatment,inpatient mental health treatment,Exact,https://harborridge.example.test/admissions,FL,40.3,1,Google Ads,System-Observed
TOUCH-001124,INQ-000557,2026-07-10T16:33:37,Paid Search,Google Ads,CMP-1001,Behavioral Health - Brand,Family Support,detox center near me,detox center near me,Exact,https://harborridge.example.test/admissions,UT,25.9,1,Google Ads,System-Observed
TOUCH-001125,INQ-000558,2026-07-25T10:27:24,Paid Search,Google Ads,CMP-1001,Behavioral Health - Brand,Family Support,behavioral health treatment near me,behavioral health treatment near me,Broad,https://harborridge.example.test/admissions,OR,33.86,1,Google Ads,System-Observed
TOUCH-001126,INQ-000559,2026-07-24T05:54:44,Organic,Google Organic,,,,,,,https://harborridge.example.test/treatment-programs,TX,,1,Google Organic,System-Observed
TOUCH-001127,INQ-000560,2026-07-03T19:05:37,Organic,Google Organic,,,,,,,https://harborridge.example.test/treatment-programs,OR,,1,Google Organic,System-Observed
TOUCH-001128,INQ-000563,2026-07-06T19:14:55,Paid Social,Meta,CMP-3003,Local Community Awareness,Community Awareness,,,,https://harborridge.example.test/family-support,TX,12.9,1,Meta,System-Observed
TOUCH-001129,INQ-000564,2026-07-17T14:23:41,Paid Search,Google Ads,CMP-1002,Behavioral Health - Non-Brand,Detox Programs,substance abuse treatment options,substance abuse treatment options,Phrase,https://harborridge.example.test/admissions,WA,14.86,1,Google Ads,System-Observed
TOUCH-001130,INQ-000567,2026-07-10T19:17:33,Organic,Google Organic,,,,,,,https://harborridge.example.test/treatment-programs,UT,,1,Google Organic,System-Observed
TOUCH-001131,INQ-000569,2026-07-05T17:59:56,Organic,Google Organic,,,,,,,https://harborridge.example.test/treatment-programs,FL,,1,Google Organic,System-Observed
TOUCH-001132,INQ-000570,2026-07-18T19:37:07,Paid Search,Google Ads,CMP-1005,Family Crisis - Non-Brand,Admissions,residential treatment center,residential treatment center,Broad,https://harborridge.example.test/admissions,OR,28.72,1,Google Ads,System-Observed
TOUCH-001133,INQ-000571,2026-07-16T07:34:18,Local,GBP,,,,,,,https://harborridge.example.test/contact,NV,,1,GBP,System-Observed
TOUCH-001134,INQ-000572,2026-07-01T16:03:27,Local,GBP,,,,,,,https://harborridge.example.test/contact,UT,,1,GBP,System-Observed
TOUCH-001135,INQ-000573,2026-07-19T12:17:01,Direct,,,,,,,,https://harborridge.example.test/,AZ,,1,Direct / Analytics,System-Observed
TOUCH-001136,INQ-000574,2026-07-14T18:56:54,Organic,Google Organic,,,,,,,https://harborridge.example.test/treatment-programs,AZ,,1,Google Organic,System-Observed
TOUCH-001137,INQ-000575,2026-07-10T12:01:58,Local,GBP,,,,,,,https://harborridge.example.test/contact,FL,,1,GBP,System-Observed
TOUCH-001138,INQ-000576,2026-07-17T12:09:30,Paid Search,Google Ads,CMP-1003,Detox Near Me - Geo,Residential Programs,detox center near me,detox center near me,Broad,https://harborridge.example.test/admissions,FL,44.73,1,Google Ads,System-Observed
TOUCH-001139,INQ-000578,2026-07-19T09:53:21,Paid Search,Google Ads,CMP-1001,Behavioral Health - Brand,Family Support,behavioral health treatment near me,behavioral health treatment near me,Broad,https://harborridge.example.test/admissions,CO,14.61,1,Google Ads,System-Observed
TOUCH-001140,INQ-000579,2026-07-03T11:34:59,Paid Search,Google Ads,CMP-1005,Family Crisis - Non-Brand,Residential Programs,detox center near me,detox center near me,Phrase,https://harborridge.example.test/admissions,CO,37.22,1,Google Ads,System-Observed
TOUCH-001141,INQ-000582,2026-07-23T15:51:35,Paid Search,Google Ads,CMP-1005,Family Crisis - Non-Brand,Detox Programs,inpatient mental health treatment,inpatient mental health treatment,Phrase,https://harborridge.example.test/admissions,FL,17.19,1,Google Ads,System-Observed
TOUCH-001142,INQ-000583,2026-07-13T15:07:34,Paid Search,Microsoft Ads,CMP-2001,Behavioral Health - Brand (Bing),Admissions,behavioral health treatment near me,behavioral health treatment near me,Broad,https://harborridge.example.test/admissions,OR,11.85,1,Microsoft Ads,System-Observed
TOUCH-001143,INQ-000585,2026-07-09T14:54:41,Direct,,,,,,,,https://harborridge.example.test/,FL,,1,Direct / Analytics,System-Observed
TOUCH-001144,INQ-000587,2026-07-28T16:14:16,Paid Search,Microsoft Ads,CMP-2001,Behavioral Health - Brand (Bing),Family Support,family intervention help,family intervention help,Broad,https://harborridge.example.test/admissions,CO,30.8,1,Microsoft Ads,System-Observed
TOUCH-001145,INQ-000589,2026-07-16T06:22:12,Paid Search,Google Ads,CMP-1002,Behavioral Health - Non-Brand,Detox Programs,inpatient mental health treatment,inpatient mental health treatment,Phrase,https://harborridge.example.test/admissions,UT,40.29,1,Google Ads,System-Observed
TOUCH-001146,INQ-000590,2026-07-12T08:06:17,Paid Social,Meta,CMP-3003,Local Community Awareness,Family Support,,,,https://harborridge.example.test/family-support,NY,8.66,1,Meta,System-Observed
TOUCH-001147,INQ-000591,2026-07-06T12:16:32,Paid Search,Google Ads,CMP-1004,Residential Treatment - Geo,Admissions,substance abuse treatment options,substance abuse treatment options,Phrase,https://harborridge.example.test/admissions,AZ,23.52,1,Google Ads,System-Observed
TOUCH-001148,INQ-000592,2026-07-07T11:24:24,Paid Search,Google Ads,CMP-1003,Detox Near Me - Geo,Residential Programs,behavioral health treatment near me,behavioral health treatment near me,Broad,https://harborridge.example.test/admissions,CA,15.38,1,Google Ads,System-Observed
TOUCH-001149,INQ-000593,2026-07-07T09:36:41,Paid Search,Google Ads,CMP-1005,Family Crisis - Non-Brand,Family Support,residential treatment center,residential treatment center,Phrase,https://harborridge.example.test/admissions,CO,29.29,1,Google Ads,System-Observed
TOUCH-001150,INQ-000595,2026-07-28T15:37:52,Direct,,,,,,,,https://harborridge.example.test/,OR,,1,Direct / Analytics,System-Observed
TOUCH-001151,INQ-000597,2026-07-10T14:08:30,Paid Search,Google Ads,CMP-1001,Behavioral Health - Brand,Family Support,behavioral health treatment near me,behavioral health treatment near me,Phrase,https://harborridge.example.test/admissions,NY,38.11,1,Google Ads,System-Observed
TOUCH-001152,INQ-000599,2026-07-20T18:12:11,Paid Social,Meta,CMP-3001,Family Support Awareness,Community Awareness,,,,https://harborridge.example.test/family-support,NY,4.18,1,Meta,System-Observed
TOUCH-001153,INQ-000600,2026-07-07T12:26:12,Paid Search,Google Ads,CMP-1005,Family Crisis - Non-Brand,Detox Programs,family intervention help,family intervention help,Phrase,https://harborridge.example.test/admissions,AZ,41.59,1,Google Ads,System-Observed
TOUCH-001154,INQ-000601,2026-07-16T09:17:06,Paid Search,Google Ads,CMP-1002,Behavioral Health - Non-Brand,Admissions,substance abuse treatment options,substance abuse treatment options,Broad,https://harborridge.example.test/admissions,AZ,15.12,1,Google Ads,System-Observed
TOUCH-001155,INQ-000603,2026-07-08T08:32:16,Paid Social,Meta,CMP-3003,Local Community Awareness,Family Support,,,,https://harborridge.example.test/family-support,FL,13.18,1,Meta,System-Observed
TOUCH-001156,INQ-000607,2026-07-11T15:10:16,Paid Search,Google Ads,CMP-1001,Behavioral Health - Brand,Residential Programs,detox center near me,detox center near me,Broad,https://harborridge.example.test/admissions,NY,35.04,1,Google Ads,System-Observed
TOUCH-001157,INQ-000609,2026-07-19T18:30:00,Organic,Google Organic,,,,,,,https://harborridge.example.test/treatment-programs,UT,,1,Google Organic,System-Observed
TOUCH-001158,INQ-000612,2026-07-16T09:51:04,Direct,,,,,,,,https://harborridge.example.test/,OR,,1,Direct / Analytics,System-Observed
TOUCH-001159,INQ-000614,2026-07-16T19:58:49,Paid Social,Meta,CMP-3001,Family Support Awareness,Community Awareness,,,,https://harborridge.example.test/family-support,TX,14.67,1,Meta,System-Observed
TOUCH-001160,INQ-000615,2026-07-08T09:13:17,Paid Search,Google Ads,CMP-1003,Detox Near Me - Geo,Admissions,substance abuse treatment options,substance abuse treatment options,Broad,https://harborridge.example.test/admissions,UT,43.27,1,Google Ads,System-Observed
TOUCH-001161,INQ-000617,2026-07-15T12:06:04,Paid Search,Google Ads,CMP-1005,Family Crisis - Non-Brand,Family Support,inpatient mental health treatment,inpatient mental health treatment,Phrase,https://harborridge.example.test/admissions,CA,14.8,1,Google Ads,System-Observed
TOUCH-001162,INQ-000618,2026-07-20T17:38:29,Direct,,,,,,,,https://harborridge.example.test/,NY,,1,Direct / Analytics,System-Observed
TOUCH-001163,INQ-000619,2026-07-12T11:29:55,Organic,Google Organic,,,,,,,https://harborridge.example.test/treatment-programs,OR,,1,Google Organic,System-Observed
TOUCH-001164,INQ-000620,2026-07-13T13:34:57,Paid Search,Google Ads,CMP-1004,Residential Treatment - Geo,Residential Programs,inpatient mental health treatment,inpatient mental health treatment,Phrase,https://harborridge.example.test/admissions,NV,15.76,1,Google Ads,System-Observed
TOUCH-001165,INQ-000621,2026-07-15T07:24:33,Organic,Google Organic,,,,,,,https://harborridge.example.test/treatment-programs,FL,,1,Google Organic,System-Observed
TOUCH-001166,INQ-000624,2026-07-23T12:09:26,Paid Social,Meta,CMP-3003,Local Community Awareness,Family Support,,,,https://harborridge.example.test/family-support,TX,12.32,1,Meta,System-Observed
TOUCH-001167,INQ-000626,2026-07-06T10:00:25,Direct,,,,,,,,https://harborridge.example.test/,WA,,1,Direct / Analytics,System-Observed
TOUCH-001168,INQ-000627,2026-07-15T13:48:55,Organic,Google Organic,,,,,,,https://harborridge.example.test/treatment-programs,FL,,1,Google Organic,System-Observed
TOUCH-001169,INQ-000628,2026-07-12T11:36:41,Paid Search,Google Ads,CMP-1005,Family Crisis - Non-Brand,Detox Programs,residential treatment center,residential treatment center,Exact,https://harborridge.example.test/admissions,TX,34.52,1,Google Ads,System-Observed
TOUCH-001170,INQ-000631,2026-07-24T15:37:33,Local,GBP,,,,,,,https://harborridge.example.test/contact,WA,,1,GBP,System-Observed
TOUCH-001171,INQ-000633,2026-07-08T17:52:14,Direct,,,,,,,,https://harborridge.example.test/,OR,,1,Direct / Analytics,System-Observed
TOUCH-001172,INQ-000634,2026-07-19T18:27:52,Paid Social,Meta,CMP-3001,Family Support Awareness,Community Awareness,,,,https://harborridge.example.test/family-support,CA,6.08,1,Meta,System-Observed
TOUCH-001173,INQ-000635,2026-07-12T17:51:22,Direct,,,,,,,,https://harborridge.example.test/,NV,,1,Direct / Analytics,System-Observed
TOUCH-001174,,2026-07-29T16:25:45,Paid Search,Google Ads,CMP-1001,Behavioral Health - Brand,Family Support,behavioral health treatment near me,behavioral health treatment near me,Exact,https://harborridge.example.test/admissions,FL,38.75,0,Google Ads,System-Observed
TOUCH-001175,,2026-07-13T10:12:29,Paid Search,Google Ads,CMP-1001,Behavioral Health - Brand,Family Support,substance abuse treatment options,substance abuse treatment options,Exact,https://harborridge.example.test/admissions,NV,29.43,0,Google Ads,System-Observed
TOUCH-001176,,2026-07-18T11:42:04,Paid Search,Google Ads,CMP-1002,Behavioral Health - Non-Brand,Admissions,substance abuse treatment options,substance abuse treatment options,Exact,https://harborridge.example.test/admissions,AZ,30.22,0,Google Ads,System-Observed
TOUCH-001177,,2026-07-21T13:54:13,Paid Search,Google Ads,CMP-1002,Behavioral Health - Non-Brand,Detox Programs,family intervention help,family intervention help,Broad,https://harborridge.example.test/admissions,CO,35.59,0,Google Ads,System-Observed
TOUCH-001178,,2026-07-11T07:20:16,Paid Search,Google Ads,CMP-1005,Family Crisis - Non-Brand,Residential Programs,substance abuse treatment options,substance abuse treatment options,Phrase,https://harborridge.example.test/admissions,FL,27.7,0,Google Ads,System-Observed
TOUCH-001179,,2026-07-27T11:41:41,Paid Search,Google Ads,CMP-1005,Family Crisis - Non-Brand,Detox Programs,detox center near me,detox center near me,Phrase,https://harborridge.example.test/admissions,FL,38.44,0,Google Ads,System-Observed
TOUCH-001180,,2026-07-11T15:31:04,Paid Search,Google Ads,CMP-1003,Detox Near Me - Geo,Family Support,family intervention help,family intervention help,Broad,https://harborridge.example.test/admissions,OR,17.02,0,Google Ads,System-Observed
TOUCH-001181,,2026-07-09T15:48:31,Paid Search,Google Ads,CMP-1004,Residential Treatment - Geo,Detox Programs,inpatient mental health treatment,inpatient mental health treatment,Phrase,https://harborridge.example.test/admissions,UT,22.5,0,Google Ads,System-Observed
TOUCH-001182,,2026-07-23T15:02:09,Paid Search,Google Ads,CMP-1005,Family Crisis - Non-Brand,Family Support,detox center near me,detox center near me,Broad,https://harborridge.example.test/admissions,CA,19.61,0,Google Ads,System-Observed
TOUCH-001183,,2026-07-12T11:58:57,Paid Search,Google Ads,CMP-1003,Detox Near Me - Geo,Detox Programs,detox center near me,detox center near me,Phrase,https://harborridge.example.test/admissions,FL,34.52,0,Google Ads,System-Observed
TOUCH-001184,,2026-07-07T12:41:52,Paid Search,Google Ads,CMP-1005,Family Crisis - Non-Brand,Family Support,inpatient mental health treatment,inpatient mental health treatment,Broad,https://harborridge.example.test/admissions,WA,28.85,0,Google Ads,System-Observed
TOUCH-001185,,2026-07-13T20:57:06,Paid Search,Google Ads,CMP-1004,Residential Treatment - Geo,Admissions,substance abuse treatment options,substance abuse treatment options,Phrase,https://harborridge.example.test/admissions,CA,14.48,0,Google Ads,System-Observed
TOUCH-001186,,2026-07-22T09:56:39,Paid Search,Google Ads,CMP-1005,Family Crisis - Non-Brand,Detox Programs,substance abuse treatment options,substance abuse treatment options,Broad,https://harborridge.example.test/admissions,UT,14.78,0,Google Ads,System-Observed
TOUCH-001187,,2026-07-08T15:18:50,Paid Search,Google Ads,CMP-1003,Detox Near Me - Geo,Admissions,inpatient mental health treatment,inpatient mental health treatment,Broad,https://harborridge.example.test/admissions,FL,36.93,0,Google Ads,System-Observed
TOUCH-001188,,2026-07-26T07:19:41,Paid Search,Google Ads,CMP-1005,Family Crisis - Non-Brand,Family Support,residential treatment center,residential treatment center,Phrase,https://harborridge.example.test/admissions,OR,32.3,0,Google Ads,System-Observed
TOUCH-001189,,2026-07-05T14:45:43,Paid Search,Google Ads,CMP-1004,Residential Treatment - Geo,Family Support,residential treatment center,residential treatment center,Exact,https://harborridge.example.test/admissions,FL,35.54,0,Google Ads,System-Observed
TOUCH-001190,,2026-07-24T11:38:04,Paid Search,Google Ads,CMP-1002,Behavioral Health - Non-Brand,Detox Programs,behavioral health treatment near me,behavioral health treatment near me,Broad,https://harborridge.example.test/admissions,NV,38.22,0,Google Ads,System-Observed
TOUCH-001191,,2026-07-26T08:39:53,Paid Search,Google Ads,CMP-1004,Residential Treatment - Geo,Detox Programs,behavioral health treatment near me,behavioral health treatment near me,Phrase,https://harborridge.example.test/admissions,NV,27.55,0,Google Ads,System-Observed
TOUCH-001192,,2026-07-02T07:29:03,Paid Search,Google Ads,CMP-1001,Behavioral Health - Brand,Admissions,family intervention help,family intervention help,Phrase,https://harborridge.example.test/admissions,FL,41.34,0,Google Ads,System-Observed
TOUCH-001193,,2026-07-14T16:37:06,Paid Search,Google Ads,CMP-1004,Residential Treatment - Geo,Admissions,residential treatment center,residential treatment center,Phrase,https://harborridge.example.test/admissions,NV,17.77,0,Google Ads,System-Observed
TOUCH-001194,,2026-07-10T14:15:40,Paid Search,Google Ads,CMP-1001,Behavioral Health - Brand,Family Support,substance abuse treatment options,substance abuse treatment options,Broad,https://harborridge.example.test/admissions,NY,38.92,0,Google Ads,System-Observed
TOUCH-001195,,2026-07-28T08:13:51,Paid Search,Google Ads,CMP-1002,Behavioral Health - Non-Brand,Residential Programs,behavioral health treatment near me,behavioral health treatment near me,Phrase,https://harborridge.example.test/admissions,OR,32.88,0,Google Ads,System-Observed
TOUCH-001196,,2026-07-05T20:54:36,Paid Search,Google Ads,CMP-1004,Residential Treatment - Geo,Residential Programs,detox center near me,detox center near me,Phrase,https://harborridge.example.test/admissions,FL,32.16,0,Google Ads,System-Observed
TOUCH-001197,,2026-07-14T18:20:54,Paid Search,Google Ads,CMP-1003,Detox Near Me - Geo,Family Support,detox center near me,detox center near me,Phrase,https://harborridge.example.test/admissions,CO,37.23,0,Google Ads,System-Observed
TOUCH-001198,,2026-07-08T13:00:39,Paid Search,Google Ads,CMP-1004,Residential Treatment - Geo,Family Support,family intervention help,family intervention help,Broad,https://harborridge.example.test/admissions,WA,24.43,0,Google Ads,System-Observed
TOUCH-001199,,2026-07-12T16:49:54,Paid Search,Google Ads,CMP-1004,Residential Treatment - Geo,Detox Programs,behavioral health treatment near me,behavioral health treatment near me,Broad,https://harborridge.example.test/admissions,OR,35.49,0,Google Ads,System-Observed
TOUCH-001200,,2026-07-07T17:39:44,Paid Search,Google Ads,CMP-1002,Behavioral Health - Non-Brand,Admissions,substance abuse treatment options,substance abuse treatment options,Exact,https://harborridge.example.test/admissions,WA,43.77,0,Google Ads,System-Observed
TOUCH-001201,,2026-07-29T14:19:55,Paid Search,Google Ads,CMP-1001,Behavioral Health - Brand,Admissions,behavioral health treatment near me,behavioral health treatment near me,Phrase,https://harborridge.example.test/admissions,CA,19.53,0,Google Ads,System-Observed
TOUCH-001202,,2026-07-07T08:26:13,Paid Search,Google Ads,CMP-1003,Detox Near Me - Geo,Detox Programs,behavioral health treatment near me,behavioral health treatment near me,Broad,https://harborridge.example.test/admissions,WA,44.24,0,Google Ads,System-Observed
TOUCH-001203,,2026-07-04T13:52:45,Paid Search,Google Ads,CMP-1005,Family Crisis - Non-Brand,Family Support,residential treatment center,residential treatment center,Phrase,https://harborridge.example.test/admissions,WA,17.75,0,Google Ads,System-Observed
TOUCH-001204,,2026-07-17T17:10:38,Paid Search,Google Ads,CMP-1002,Behavioral Health - Non-Brand,Detox Programs,substance abuse treatment options,substance abuse treatment options,Exact,https://harborridge.example.test/admissions,NV,33.88,0,Google Ads,System-Observed
TOUCH-001205,,2026-07-31T11:24:45,Paid Search,Google Ads,CMP-1002,Behavioral Health - Non-Brand,Residential Programs,inpatient mental health treatment,inpatient mental health treatment,Phrase,https://harborridge.example.test/admissions,OR,27.51,0,Google Ads,System-Observed
TOUCH-001206,,2026-07-13T20:58:57,Paid Search,Google Ads,CMP-1002,Behavioral Health - Non-Brand,Residential Programs,family intervention help,family intervention help,Broad,https://harborridge.example.test/admissions,OR,15.96,0,Google Ads,System-Observed
TOUCH-001207,,2026-07-23T10:19:49,Paid Search,Google Ads,CMP-1002,Behavioral Health - Non-Brand,Residential Programs,behavioral health treatment near me,behavioral health treatment near me,Broad,https://harborridge.example.test/admissions,AZ,40.61,0,Google Ads,System-Observed
TOUCH-001208,,2026-07-07T13:36:54,Paid Search,Google Ads,CMP-1005,Family Crisis - Non-Brand,Residential Programs,detox center near me,detox center near me,Broad,https://harborridge.example.test/admissions,OR,25.05,0,Google Ads,System-Observed
TOUCH-001209,,2026-07-29T09:41:17,Paid Search,Google Ads,CMP-1003,Detox Near Me - Geo,Admissions,substance abuse treatment options,substance abuse treatment options,Exact,https://harborridge.example.test/admissions,CO,42.93,0,Google Ads,System-Observed
TOUCH-001210,,2026-07-21T19:50:50,Paid Search,Google Ads,CMP-1004,Residential Treatment - Geo,Family Support,inpatient mental health treatment,inpatient mental health treatment,Exact,https://harborridge.example.test/admissions,TX,27.53,0,Google Ads,System-Observed
TOUCH-001211,,2026-07-31T17:51:04,Paid Search,Google Ads,CMP-1002,Behavioral Health - Non-Brand,Family Support,family intervention help,family intervention help,Exact,https://harborridge.example.test/admissions,CA,16.05,0,Google Ads,System-Observed
TOUCH-001212,,2026-07-16T17:14:47,Paid Search,Google Ads,CMP-1005,Family Crisis - Non-Brand,Admissions,family intervention help,family intervention help,Phrase,https://harborridge.example.test/admissions,CO,42.99,0,Google Ads,System-Observed
TOUCH-001213,,2026-07-14T13:57:34,Paid Search,Google Ads,CMP-1001,Behavioral Health - Brand,Residential Programs,inpatient mental health treatment,inpatient mental health treatment,Phrase,https://harborridge.example.test/admissions,NV,30.55,0,Google Ads,System-Observed
TOUCH-001214,,2026-07-02T18:51:39,Paid Search,Google Ads,CMP-1005,Family Crisis - Non-Brand,Family Support,family intervention help,family intervention help,Phrase,https://harborridge.example.test/admissions,WA,19.51,0,Google Ads,System-Observed
TOUCH-001215,,2026-07-25T07:36:00,Paid Search,Google Ads,CMP-1004,Residential Treatment - Geo,Detox Programs,substance abuse treatment options,substance abuse treatment options,Broad,https://harborridge.example.test/admissions,CO,21.26,0,Google Ads,System-Observed
TOUCH-001216,,2026-07-04T08:17:27,Paid Search,Google Ads,CMP-1005,Family Crisis - Non-Brand,Family Support,residential treatment center,residential treatment center,Exact,https://harborridge.example.test/admissions,CA,27.88,0,Google Ads,System-Observed
TOUCH-001217,,2026-07-17T14:27:47,Paid Search,Google Ads,CMP-1004,Residential Treatment - Geo,Residential Programs,detox center near me,detox center near me,Phrase,https://harborridge.example.test/admissions,UT,26.01,0,Google Ads,System-Observed
TOUCH-001218,,2026-07-16T20:44:16,Paid Search,Google Ads,CMP-1001,Behavioral Health - Brand,Family Support,behavioral health treatment near me,behavioral health treatment near me,Broad,https://harborridge.example.test/admissions,CA,42.95,0,Google Ads,System-Observed
TOUCH-001219,,2026-07-22T13:22:35,Paid Search,Google Ads,CMP-1005,Family Crisis - Non-Brand,Detox Programs,detox center near me,detox center near me,Broad,https://harborridge.example.test/admissions,UT,42.19,0,Google Ads,System-Observed
TOUCH-001220,,2026-07-26T10:52:43,Paid Search,Google Ads,CMP-1001,Behavioral Health - Brand,Detox Programs,detox center near me,detox center near me,Broad,https://harborridge.example.test/admissions,WA,21.76,0,Google Ads,System-Observed
TOUCH-001221,,2026-07-04T19:20:49,Paid Search,Google Ads,CMP-1005,Family Crisis - Non-Brand,Detox Programs,residential treatment center,residential treatment center,Broad,https://harborridge.example.test/admissions,NV,38.25,0,Google Ads,System-Observed
TOUCH-001222,,2026-07-01T10:31:22,Paid Search,Google Ads,CMP-1003,Detox Near Me - Geo,Detox Programs,residential treatment center,residential treatment center,Exact,https://harborridge.example.test/admissions,NY,37.65,0,Google Ads,System-Observed
TOUCH-001223,,2026-07-20T15:43:28,Paid Search,Google Ads,CMP-1005,Family Crisis - Non-Brand,Admissions,behavioral health treatment near me,behavioral health treatment near me,Broad,https://harborridge.example.test/admissions,CA,41.66,0,Google Ads,System-Observed
TOUCH-001224,,2026-07-12T20:17:46,Paid Search,Google Ads,CMP-1004,Residential Treatment - Geo,Family Support,substance abuse treatment options,substance abuse treatment options,Broad,https://harborridge.example.test/admissions,FL,24.25,0,Google Ads,System-Observed
TOUCH-001225,,2026-07-21T17:35:04,Paid Search,Google Ads,CMP-1001,Behavioral Health - Brand,Family Support,inpatient mental health treatment,inpatient mental health treatment,Phrase,https://harborridge.example.test/admissions,TX,33.83,0,Google Ads,System-Observed
TOUCH-001226,,2026-07-08T08:27:06,Paid Search,Google Ads,CMP-1005,Family Crisis - Non-Brand,Admissions,inpatient mental health treatment,inpatient mental health treatment,Broad,https://harborridge.example.test/admissions,CA,44.6,0,Google Ads,System-Observed
TOUCH-001227,,2026-07-05T15:03:32,Paid Search,Google Ads,CMP-1003,Detox Near Me - Geo,Detox Programs,behavioral health treatment near me,behavioral health treatment near me,Exact,https://harborridge.example.test/admissions,NY,32.9,0,Google Ads,System-Observed
TOUCH-001228,,2026-07-16T18:40:11,Paid Search,Google Ads,CMP-1004,Residential Treatment - Geo,Admissions,substance abuse treatment options,substance abuse treatment options,Phrase,https://harborridge.example.test/admissions,UT,44.72,0,Google Ads,System-Observed
TOUCH-001229,,2026-07-22T11:06:09,Paid Search,Google Ads,CMP-1005,Family Crisis - Non-Brand,Family Support,residential treatment center,residential treatment center,Phrase,https://harborridge.example.test/admissions,TX,41.74,0,Google Ads,System-Observed
TOUCH-001230,,2026-07-12T12:30:38,Paid Search,Google Ads,CMP-1003,Detox Near Me - Geo,Residential Programs,behavioral health treatment near me,behavioral health treatment near me,Exact,https://harborridge.example.test/admissions,UT,35.16,0,Google Ads,System-Observed
TOUCH-001231,,2026-07-26T18:44:56,Paid Search,Google Ads,CMP-1004,Residential Treatment - Geo,Detox Programs,substance abuse treatment options,substance abuse treatment options,Phrase,https://harborridge.example.test/admissions,UT,25.9,0,Google Ads,System-Observed
TOUCH-001232,,2026-07-12T11:15:57,Paid Search,Google Ads,CMP-1001,Behavioral Health - Brand,Admissions,family intervention help,family intervention help,Broad,https://harborridge.example.test/admissions,WA,42.3,0,Google Ads,System-Observed
TOUCH-001233,,2026-07-04T14:03:04,Paid Search,Google Ads,CMP-1002,Behavioral Health - Non-Brand,Family Support,detox center near me,detox center near me,Broad,https://harborridge.example.test/admissions,TX,43.39,0,Google Ads,System-Observed
TOUCH-001234,,2026-07-23T12:09:42,Paid Search,Google Ads,CMP-1002,Behavioral Health - Non-Brand,Family Support,family intervention help,family intervention help,Broad,https://harborridge.example.test/admissions,TX,28.8,0,Google Ads,System-Observed
TOUCH-001235,,2026-07-02T15:25:50,Paid Search,Google Ads,CMP-1003,Detox Near Me - Geo,Detox Programs,substance abuse treatment options,substance abuse treatment options,Broad,https://harborridge.example.test/admissions,CO,33.74,0,Google Ads,System-Observed
TOUCH-001236,,2026-07-17T18:02:56,Paid Search,Google Ads,CMP-1002,Behavioral Health - Non-Brand,Family Support,behavioral health treatment near me,behavioral health treatment near me,Exact,https://harborridge.example.test/admissions,FL,33.92,0,Google Ads,System-Observed
TOUCH-001237,,2026-07-18T09:44:10,Paid Search,Google Ads,CMP-1001,Behavioral Health - Brand,Detox Programs,residential treatment center,residential treatment center,Exact,https://harborridge.example.test/admissions,OR,15.73,0,Google Ads,System-Observed
TOUCH-001238,,2026-07-08T18:00:53,Paid Search,Google Ads,CMP-1005,Family Crisis - Non-Brand,Residential Programs,detox center near me,detox center near me,Phrase,https://harborridge.example.test/admissions,NY,32.79,0,Google Ads,System-Observed
TOUCH-001239,,2026-07-24T17:14:11,Paid Search,Google Ads,CMP-1002,Behavioral Health - Non-Brand,Admissions,family intervention help,family intervention help,Exact,https://harborridge.example.test/admissions,UT,37.25,0,Google Ads,System-Observed
TOUCH-001240,,2026-07-22T12:01:45,Paid Search,Google Ads,CMP-1004,Residential Treatment - Geo,Admissions,family intervention help,family intervention help,Phrase,https://harborridge.example.test/admissions,NV,24.8,0,Google Ads,System-Observed
TOUCH-001241,,2026-07-09T18:06:21,Paid Search,Google Ads,CMP-1004,Residential Treatment - Geo,Detox Programs,residential treatment center,residential treatment center,Broad,https://harborridge.example.test/admissions,UT,43.71,0,Google Ads,System-Observed
TOUCH-001242,,2026-07-25T13:06:58,Paid Search,Google Ads,CMP-1002,Behavioral Health - Non-Brand,Admissions,inpatient mental health treatment,inpatient mental health treatment,Broad,https://harborridge.example.test/admissions,NY,43.23,0,Google Ads,System-Observed
TOUCH-001243,,2026-07-13T14:13:59,Paid Search,Google Ads,CMP-1004,Residential Treatment - Geo,Detox Programs,behavioral health treatment near me,behavioral health treatment near me,Broad,https://harborridge.example.test/admissions,CA,35.78,0,Google Ads,System-Observed
TOUCH-001244,,2026-07-14T11:45:01,Paid Search,Google Ads,CMP-1004,Residential Treatment - Geo,Residential Programs,family intervention help,family intervention help,Phrase,https://harborridge.example.test/admissions,FL,39.76,0,Google Ads,System-Observed
TOUCH-001245,,2026-07-06T09:55:56,Paid Search,Google Ads,CMP-1003,Detox Near Me - Geo,Family Support,family intervention help,family intervention help,Broad,https://harborridge.example.test/admissions,UT,36.42,0,Google Ads,System-Observed
TOUCH-001246,,2026-07-01T11:16:13,Paid Search,Google Ads,CMP-1001,Behavioral Health - Brand,Residential Programs,inpatient mental health treatment,inpatient mental health treatment,Broad,https://harborridge.example.test/admissions,NV,38.65,0,Google Ads,System-Observed
TOUCH-001247,,2026-07-31T17:18:00,Paid Search,Google Ads,CMP-1001,Behavioral Health - Brand,Detox Programs,detox center near me,detox center near me,Broad,https://harborridge.example.test/admissions,UT,19.83,0,Google Ads,System-Observed
TOUCH-001248,,2026-07-05T16:38:28,Paid Search,Google Ads,CMP-1004,Residential Treatment - Geo,Residential Programs,behavioral health treatment near me,behavioral health treatment near me,Phrase,https://harborridge.example.test/admissions,UT,28.91,0,Google Ads,System-Observed
TOUCH-001249,,2026-07-12T08:34:30,Paid Search,Google Ads,CMP-1002,Behavioral Health - Non-Brand,Family Support,residential treatment center,residential treatment center,Broad,https://harborridge.example.test/admissions,TX,14.2,0,Google Ads,System-Observed
TOUCH-001250,,2026-07-08T14:04:31,Paid Search,Google Ads,CMP-1004,Residential Treatment - Geo,Family Support,family intervention help,family intervention help,Phrase,https://harborridge.example.test/admissions,NY,21.06,0,Google Ads,System-Observed
TOUCH-001251,,2026-07-19T19:39:24,Paid Search,Google Ads,CMP-1004,Residential Treatment - Geo,Residential Programs,family intervention help,family intervention help,Phrase,https://harborridge.example.test/admissions,AZ,19.94,0,Google Ads,System-Observed
TOUCH-001252,,2026-07-31T20:02:40,Paid Search,Google Ads,CMP-1004,Residential Treatment - Geo,Admissions,behavioral health treatment near me,behavioral health treatment near me,Phrase,https://harborridge.example.test/admissions,FL,31.98,0,Google Ads,System-Observed
TOUCH-001253,,2026-07-29T20:13:42,Paid Search,Google Ads,CMP-1002,Behavioral Health - Non-Brand,Admissions,substance abuse treatment options,substance abuse treatment options,Broad,https://harborridge.example.test/admissions,CA,39.26,0,Google Ads,System-Observed
TOUCH-001254,,2026-07-06T09:25:04,Paid Search,Google Ads,CMP-1001,Behavioral Health - Brand,Residential Programs,residential treatment center,residential treatment center,Exact,https://harborridge.example.test/admissions,CA,27.92,0,Google Ads,System-Observed
TOUCH-001255,,2026-07-26T07:18:35,Paid Search,Google Ads,CMP-1001,Behavioral Health - Brand,Detox Programs,residential treatment center,residential treatment center,Broad,https://harborridge.example.test/admissions,CA,16.28,0,Google Ads,System-Observed
TOUCH-001256,,2026-07-08T14:38:57,Paid Search,Google Ads,CMP-1004,Residential Treatment - Geo,Admissions,family intervention help,family intervention help,Broad,https://harborridge.example.test/admissions,WA,28.76,0,Google Ads,System-Observed
TOUCH-001257,,2026-07-05T19:30:56,Paid Search,Google Ads,CMP-1005,Family Crisis - Non-Brand,Family Support,detox center near me,detox center near me,Exact,https://harborridge.example.test/admissions,WA,36.11,0,Google Ads,System-Observed
TOUCH-001258,,2026-07-28T16:20:22,Paid Search,Google Ads,CMP-1003,Detox Near Me - Geo,Admissions,inpatient mental health treatment,inpatient mental health treatment,Exact,https://harborridge.example.test/admissions,CA,40.96,0,Google Ads,System-Observed
TOUCH-001259,,2026-07-12T11:35:36,Paid Search,Google Ads,CMP-1004,Residential Treatment - Geo,Residential Programs,detox center near me,detox center near me,Broad,https://harborridge.example.test/admissions,CO,44.25,0,Google Ads,System-Observed
TOUCH-001260,,2026-07-22T13:59:14,Paid Search,Google Ads,CMP-1003,Detox Near Me - Geo,Detox Programs,family intervention help,family intervention help,Exact,https://harborridge.example.test/admissions,UT,34.66,0,Google Ads,System-Observed
TOUCH-001261,,2026-07-18T15:15:23,Paid Search,Google Ads,CMP-1005,Family Crisis - Non-Brand,Family Support,residential treatment center,residential treatment center,Broad,https://harborridge.example.test/admissions,NV,36.54,0,Google Ads,System-Observed
TOUCH-001262,,2026-07-11T09:55:22,Paid Search,Google Ads,CMP-1001,Behavioral Health - Brand,Admissions,residential treatment center,residential treatment center,Phrase,https://harborridge.example.test/admissions,NV,29.68,0,Google Ads,System-Observed
TOUCH-001263,,2026-07-16T07:05:10,Paid Search,Google Ads,CMP-1001,Behavioral Health - Brand,Family Support,residential treatment center,residential treatment center,Broad,https://harborridge.example.test/admissions,CA,32.95,0,Google Ads,System-Observed
TOUCH-001264,,2026-07-07T11:51:18,Paid Search,Google Ads,CMP-1005,Family Crisis - Non-Brand,Detox Programs,behavioral health treatment near me,behavioral health treatment near me,Exact,https://harborridge.example.test/admissions,TX,37.56,0,Google Ads,System-Observed
TOUCH-001265,,2026-07-30T16:45:54,Paid Search,Google Ads,CMP-1001,Behavioral Health - Brand,Detox Programs,family intervention help,family intervention help,Phrase,https://harborridge.example.test/admissions,CO,20.19,0,Google Ads,System-Observed
TOUCH-001266,,2026-07-28T14:44:40,Paid Search,Google Ads,CMP-1004,Residential Treatment - Geo,Residential Programs,detox center near me,detox center near me,Exact,https://harborridge.example.test/admissions,CO,14.64,0,Google Ads,System-Observed
TOUCH-001267,,2026-07-09T09:53:51,Paid Search,Google Ads,CMP-1004,Residential Treatment - Geo,Residential Programs,behavioral health treatment near me,behavioral health treatment near me,Exact,https://harborridge.example.test/admissions,NV,15.67,0,Google Ads,System-Observed
TOUCH-001268,,2026-07-15T08:42:21,Paid Search,Google Ads,CMP-1003,Detox Near Me - Geo,Family Support,behavioral health treatment near me,behavioral health treatment near me,Exact,https://harborridge.example.test/admissions,NV,18.51,0,Google Ads,System-Observed
TOUCH-001269,,2026-07-30T11:45:52,Paid Search,Google Ads,CMP-1002,Behavioral Health - Non-Brand,Residential Programs,family intervention help,family intervention help,Broad,https://harborridge.example.test/admissions,TX,24.98,0,Google Ads,System-Observed
TOUCH-001270,,2026-07-24T17:12:01,Paid Search,Google Ads,CMP-1003,Detox Near Me - Geo,Family Support,residential treatment center,residential treatment center,Exact,https://harborridge.example.test/admissions,OR,41.52,0,Google Ads,System-Observed
TOUCH-001271,,2026-07-08T11:17:20,Paid Search,Google Ads,CMP-1002,Behavioral Health - Non-Brand,Admissions,detox center near me,detox center near me,Broad,https://harborridge.example.test/admissions,UT,25.95,0,Google Ads,System-Observed
TOUCH-001272,,2026-07-27T20:58:48,Paid Search,Google Ads,CMP-1005,Family Crisis - Non-Brand,Detox Programs,family intervention help,family intervention help,Exact,https://harborridge.example.test/admissions,OR,27.26,0,Google Ads,System-Observed
TOUCH-001273,,2026-07-14T19:06:59,Paid Search,Google Ads,CMP-1001,Behavioral Health - Brand,Admissions,substance abuse treatment options,substance abuse treatment options,Exact,https://harborridge.example.test/admissions,NV,37.4,0,Google Ads,System-Observed
TOUCH-001274,,2026-07-24T08:20:56,Paid Search,Google Ads,CMP-1003,Detox Near Me - Geo,Family Support,behavioral health treatment near me,behavioral health treatment near me,Phrase,https://harborridge.example.test/admissions,NV,22.43,0,Google Ads,System-Observed
TOUCH-001275,,2026-07-20T12:52:25,Paid Search,Google Ads,CMP-1002,Behavioral Health - Non-Brand,Detox Programs,detox center near me,detox center near me,Broad,https://harborridge.example.test/admissions,NY,38.91,0,Google Ads,System-Observed
TOUCH-001276,,2026-07-21T14:59:58,Paid Search,Google Ads,CMP-1001,Behavioral Health - Brand,Admissions,behavioral health treatment near me,behavioral health treatment near me,Phrase,https://harborridge.example.test/admissions,NY,19.81,0,Google Ads,System-Observed
TOUCH-001277,,2026-07-23T18:33:20,Paid Search,Google Ads,CMP-1003,Detox Near Me - Geo,Admissions,family intervention help,family intervention help,Phrase,https://harborridge.example.test/admissions,CO,27.27,0,Google Ads,System-Observed
TOUCH-001278,,2026-07-11T17:05:09,Paid Search,Google Ads,CMP-1003,Detox Near Me - Geo,Detox Programs,family intervention help,family intervention help,Broad,https://harborridge.example.test/admissions,WA,36.73,0,Google Ads,System-Observed
TOUCH-001279,,2026-07-10T17:44:00,Paid Search,Google Ads,CMP-1003,Detox Near Me - Geo,Admissions,inpatient mental health treatment,inpatient mental health treatment,Phrase,https://harborridge.example.test/admissions,WA,32.23,0,Google Ads,System-Observed
TOUCH-001280,,2026-07-24T10:54:04,Paid Search,Google Ads,CMP-1002,Behavioral Health - Non-Brand,Residential Programs,residential treatment center,residential treatment center,Phrase,https://harborridge.example.test/admissions,FL,34.97,0,Google Ads,System-Observed
TOUCH-001281,,2026-07-06T10:52:46,Paid Search,Google Ads,CMP-1004,Residential Treatment - Geo,Detox Programs,family intervention help,family intervention help,Broad,https://harborridge.example.test/admissions,UT,17.04,0,Google Ads,System-Observed
TOUCH-001282,,2026-07-12T16:15:34,Paid Search,Google Ads,CMP-1002,Behavioral Health - Non-Brand,Detox Programs,family intervention help,family intervention help,Phrase,https://harborridge.example.test/admissions,TX,33.99,0,Google Ads,System-Observed
TOUCH-001283,,2026-07-15T19:12:55,Paid Search,Google Ads,CMP-1003,Detox Near Me - Geo,Family Support,inpatient mental health treatment,inpatient mental health treatment,Exact,https://harborridge.example.test/admissions,OR,19.61,0,Google Ads,System-Observed
TOUCH-001284,,2026-07-09T14:45:07,Paid Search,Google Ads,CMP-1004,Residential Treatment - Geo,Admissions,detox center near me,detox center near me,Phrase,https://harborridge.example.test/admissions,TX,43.59,0,Google Ads,System-Observed
TOUCH-001285,,2026-07-07T15:41:21,Paid Search,Google Ads,CMP-1002,Behavioral Health - Non-Brand,Residential Programs,family intervention help,family intervention help,Phrase,https://harborridge.example.test/admissions,OR,17.61,0,Google Ads,System-Observed
TOUCH-001286,,2026-07-01T10:14:22,Paid Search,Google Ads,CMP-1001,Behavioral Health - Brand,Detox Programs,detox center near me,detox center near me,Broad,https://harborridge.example.test/admissions,CA,15.03,0,Google Ads,System-Observed
TOUCH-001287,,2026-07-21T16:06:08,Paid Search,Google Ads,CMP-1005,Family Crisis - Non-Brand,Detox Programs,substance abuse treatment options,substance abuse treatment options,Broad,https://harborridge.example.test/admissions,UT,33.28,0,Google Ads,System-Observed
TOUCH-001288,,2026-07-06T10:35:44,Paid Search,Google Ads,CMP-1005,Family Crisis - Non-Brand,Residential Programs,behavioral health treatment near me,behavioral health treatment near me,Broad,https://harborridge.example.test/admissions,CO,27.83,0,Google Ads,System-Observed
TOUCH-001289,,2026-07-26T08:06:02,Paid Search,Google Ads,CMP-1002,Behavioral Health - Non-Brand,Residential Programs,substance abuse treatment options,substance abuse treatment options,Exact,https://harborridge.example.test/admissions,AZ,17.57,0,Google Ads,System-Observed
TOUCH-001290,,2026-07-25T20:41:07,Paid Search,Google Ads,CMP-1004,Residential Treatment - Geo,Residential Programs,substance abuse treatment options,substance abuse treatment options,Broad,https://harborridge.example.test/admissions,NV,39.45,0,Google Ads,System-Observed
TOUCH-001291,,2026-07-28T17:34:39,Paid Search,Google Ads,CMP-1005,Family Crisis - Non-Brand,Admissions,family intervention help,family intervention help,Phrase,https://harborridge.example.test/admissions,OR,36.69,0,Google Ads,System-Observed
TOUCH-001292,,2026-07-12T16:38:37,Paid Search,Google Ads,CMP-1003,Detox Near Me - Geo,Family Support,detox center near me,detox center near me,Broad,https://harborridge.example.test/admissions,NV,40.87,0,Google Ads,System-Observed
TOUCH-001293,,2026-07-29T16:00:50,Paid Search,Google Ads,CMP-1004,Residential Treatment - Geo,Residential Programs,family intervention help,family intervention help,Exact,https://harborridge.example.test/admissions,WA,24.03,0,Google Ads,System-Observed
TOUCH-001294,,2026-07-29T08:43:35,Paid Search,Google Ads,CMP-1003,Detox Near Me - Geo,Admissions,inpatient mental health treatment,inpatient mental health treatment,Broad,https://harborridge.example.test/admissions,WA,36.53,0,Google Ads,System-Observed
TOUCH-001295,,2026-07-21T13:50:53,Paid Search,Google Ads,CMP-1005,Family Crisis - Non-Brand,Detox Programs,family intervention help,family intervention help,Exact,https://harborridge.example.test/admissions,WA,15.38,0,Google Ads,System-Observed
TOUCH-001296,,2026-07-25T16:22:23,Paid Search,Google Ads,CMP-1002,Behavioral Health - Non-Brand,Residential Programs,behavioral health treatment near me,behavioral health treatment near me,Exact,https://harborridge.example.test/admissions,CA,16.48,0,Google Ads,System-Observed
TOUCH-001297,,2026-07-31T10:41:37,Paid Search,Google Ads,CMP-1001,Behavioral Health - Brand,Residential Programs,family intervention help,family intervention help,Exact,https://harborridge.example.test/admissions,NV,33.06,0,Google Ads,System-Observed
TOUCH-001298,,2026-07-29T11:22:11,Paid Search,Google Ads,CMP-1003,Detox Near Me - Geo,Family Support,substance abuse treatment options,substance abuse treatment options,Phrase,https://harborridge.example.test/admissions,NY,21.84,0,Google Ads,System-Observed
TOUCH-001299,,2026-07-19T08:40:23,Paid Search,Google Ads,CMP-1001,Behavioral Health - Brand,Residential Programs,detox center near me,detox center near me,Broad,https://harborridge.example.test/admissions,OR,21.12,0,Google Ads,System-Observed
TOUCH-001300,,2026-07-14T07:06:58,Paid Search,Google Ads,CMP-1005,Family Crisis - Non-Brand,Detox Programs,detox center near me,detox center near me,Phrase,https://harborridge.example.test/admissions,NV,32.32,0,Google Ads,System-Observed
TOUCH-001301,,2026-07-24T20:38:13,Paid Search,Google Ads,CMP-1004,Residential Treatment - Geo,Detox Programs,residential treatment center,residential treatment center,Phrase,https://harborridge.example.test/admissions,AZ,29.31,0,Google Ads,System-Observed
TOUCH-001302,,2026-07-19T20:58:48,Paid Search,Google Ads,CMP-1001,Behavioral Health - Brand,Admissions,residential treatment center,residential treatment center,Exact,https://harborridge.example.test/admissions,FL,29.87,0,Google Ads,System-Observed
TOUCH-001303,,2026-07-20T13:00:24,Paid Search,Google Ads,CMP-1001,Behavioral Health - Brand,Residential Programs,inpatient mental health treatment,inpatient mental health treatment,Phrase,https://harborridge.example.test/admissions,NY,39.52,0,Google Ads,System-Observed
TOUCH-001304,,2026-07-16T13:11:40,Paid Search,Google Ads,CMP-1005,Family Crisis - Non-Brand,Residential Programs,residential treatment center,residential treatment center,Broad,https://harborridge.example.test/admissions,WA,40.15,0,Google Ads,System-Observed
TOUCH-001305,,2026-07-10T14:00:20,Paid Search,Google Ads,CMP-1003,Detox Near Me - Geo,Residential Programs,family intervention help,family intervention help,Exact,https://harborridge.example.test/admissions,AZ,30.24,0,Google Ads,System-Observed
TOUCH-001306,,2026-07-03T15:41:37,Paid Search,Google Ads,CMP-1002,Behavioral Health - Non-Brand,Residential Programs,detox center near me,detox center near me,Broad,https://harborridge.example.test/admissions,UT,39.48,0,Google Ads,System-Observed
TOUCH-001307,,2026-07-11T18:50:05,Paid Search,Google Ads,CMP-1002,Behavioral Health - Non-Brand,Admissions,detox center near me,detox center near me,Exact,https://harborridge.example.test/admissions,FL,31.98,0,Google Ads,System-Observed
TOUCH-001308,,2026-07-07T11:35:04,Paid Search,Google Ads,CMP-1002,Behavioral Health - Non-Brand,Residential Programs,behavioral health treatment near me,behavioral health treatment near me,Broad,https://harborridge.example.test/admissions,FL,33.46,0,Google Ads,System-Observed
TOUCH-001309,,2026-07-01T14:46:27,Paid Search,Google Ads,CMP-1003,Detox Near Me - Geo,Admissions,family intervention help,family intervention help,Broad,https://harborridge.example.test/admissions,FL,33.97,0,Google Ads,System-Observed
TOUCH-001310,,2026-07-30T07:32:18,Paid Search,Google Ads,CMP-1004,Residential Treatment - Geo,Residential Programs,substance abuse treatment options,substance abuse treatment options,Broad,https://harborridge.example.test/admissions,NY,28.04,0,Google Ads,System-Observed
TOUCH-001311,,2026-07-21T14:27:02,Paid Search,Google Ads,CMP-1003,Detox Near Me - Geo,Family Support,behavioral health treatment near me,behavioral health treatment near me,Phrase,https://harborridge.example.test/admissions,UT,43.58,0,Google Ads,System-Observed
TOUCH-001312,,2026-07-06T14:27:46,Paid Search,Google Ads,CMP-1003,Detox Near Me - Geo,Detox Programs,inpatient mental health treatment,inpatient mental health treatment,Broad,https://harborridge.example.test/admissions,AZ,22.29,0,Google Ads,System-Observed
TOUCH-001313,,2026-07-13T14:07:51,Paid Search,Google Ads,CMP-1004,Residential Treatment - Geo,Admissions,detox center near me,detox center near me,Broad,https://harborridge.example.test/admissions,CA,34.01,0,Google Ads,System-Observed
TOUCH-001314,,2026-07-19T11:04:12,Paid Search,Google Ads,CMP-1004,Residential Treatment - Geo,Residential Programs,residential treatment center,residential treatment center,Phrase,https://harborridge.example.test/admissions,UT,43.98,0,Google Ads,System-Observed
TOUCH-001315,,2026-07-12T16:04:41,Paid Search,Google Ads,CMP-1005,Family Crisis - Non-Brand,Detox Programs,detox center near me,detox center near me,Broad,https://harborridge.example.test/admissions,UT,27.4,0,Google Ads,System-Observed
TOUCH-001316,,2026-07-27T18:05:30,Paid Search,Google Ads,CMP-1003,Detox Near Me - Geo,Residential Programs,family intervention help,family intervention help,Exact,https://harborridge.example.test/admissions,WA,41.35,0,Google Ads,System-Observed
TOUCH-001317,,2026-07-10T20:31:54,Paid Search,Google Ads,CMP-1001,Behavioral Health - Brand,Residential Programs,family intervention help,family intervention help,Phrase,https://harborridge.example.test/admissions,CA,32.28,0,Google Ads,System-Observed
TOUCH-001318,,2026-07-03T09:25:48,Paid Search,Google Ads,CMP-1002,Behavioral Health - Non-Brand,Family Support,inpatient mental health treatment,inpatient mental health treatment,Exact,https://harborridge.example.test/admissions,UT,30.87,0,Google Ads,System-Observed
TOUCH-001319,,2026-07-21T13:05:57,Paid Search,Google Ads,CMP-1003,Detox Near Me - Geo,Family Support,residential treatment center,residential treatment center,Broad,https://harborridge.example.test/admissions,AZ,28.39,0,Google Ads,System-Observed
TOUCH-001320,,2026-07-27T08:45:15,Paid Search,Google Ads,CMP-1002,Behavioral Health - Non-Brand,Family Support,behavioral health treatment near me,behavioral health treatment near me,Exact,https://harborridge.example.test/admissions,CO,43.07,0,Google Ads,System-Observed
TOUCH-001321,,2026-07-12T16:13:47,Paid Search,Google Ads,CMP-1005,Family Crisis - Non-Brand,Admissions,residential treatment center,residential treatment center,Broad,https://harborridge.example.test/admissions,NY,34.14,0,Google Ads,System-Observed
TOUCH-001322,,2026-07-30T17:58:55,Paid Search,Google Ads,CMP-1002,Behavioral Health - Non-Brand,Family Support,behavioral health treatment near me,behavioral health treatment near me,Broad,https://harborridge.example.test/admissions,UT,20.16,0,Google Ads,System-Observed
TOUCH-001323,,2026-07-19T15:44:37,Paid Search,Google Ads,CMP-1001,Behavioral Health - Brand,Admissions,family intervention help,family intervention help,Broad,https://harborridge.example.test/admissions,WA,44.37,0,Google Ads,System-Observed
TOUCH-001324,,2026-07-27T19:42:23,Paid Search,Google Ads,CMP-1003,Detox Near Me - Geo,Detox Programs,substance abuse treatment options,substance abuse treatment options,Broad,https://harborridge.example.test/admissions,UT,21.4,0,Google Ads,System-Observed
TOUCH-001325,,2026-07-27T10:33:52,Paid Search,Google Ads,CMP-1005,Family Crisis - Non-Brand,Residential Programs,residential treatment center,residential treatment center,Exact,https://harborridge.example.test/admissions,NV,25.11,0,Google Ads,System-Observed
TOUCH-001326,,2026-07-16T15:34:22,Paid Search,Google Ads,CMP-1004,Residential Treatment - Geo,Family Support,inpatient mental health treatment,inpatient mental health treatment,Exact,https://harborridge.example.test/admissions,NY,19.82,0,Google Ads,System-Observed
TOUCH-001327,,2026-07-29T17:58:02,Paid Search,Google Ads,CMP-1001,Behavioral Health - Brand,Detox Programs,behavioral health treatment near me,behavioral health treatment near me,Exact,https://harborridge.example.test/admissions,NV,39.75,0,Google Ads,System-Observed
TOUCH-001328,,2026-07-12T07:40:14,Paid Search,Google Ads,CMP-1004,Residential Treatment - Geo,Residential Programs,residential treatment center,residential treatment center,Broad,https://harborridge.example.test/admissions,CA,26.39,0,Google Ads,System-Observed
TOUCH-001329,,2026-07-01T07:32:36,Paid Search,Google Ads,CMP-1002,Behavioral Health - Non-Brand,Family Support,substance abuse treatment options,substance abuse treatment options,Exact,https://harborridge.example.test/admissions,CO,35.78,0,Google Ads,System-Observed
TOUCH-001330,,2026-07-24T13:22:53,Paid Search,Google Ads,CMP-1005,Family Crisis - Non-Brand,Residential Programs,detox center near me,detox center near me,Phrase,https://harborridge.example.test/admissions,NV,37.37,0,Google Ads,System-Observed
TOUCH-001331,,2026-07-05T19:29:05,Paid Search,Google Ads,CMP-1001,Behavioral Health - Brand,Family Support,substance abuse treatment options,substance abuse treatment options,Broad,https://harborridge.example.test/admissions,FL,39.25,0,Google Ads,System-Observed
TOUCH-001332,,2026-07-29T15:27:42,Paid Search,Google Ads,CMP-1004,Residential Treatment - Geo,Family Support,substance abuse treatment options,substance abuse treatment options,Phrase,https://harborridge.example.test/admissions,WA,33.28,0,Google Ads,System-Observed
TOUCH-001333,,2026-07-20T11:28:42,Paid Search,Google Ads,CMP-1004,Residential Treatment - Geo,Family Support,residential treatment center,residential treatment center,Phrase,https://harborridge.example.test/admissions,AZ,42.54,0,Google Ads,System-Observed
TOUCH-001334,,2026-07-16T19:18:08,Paid Search,Google Ads,CMP-1001,Behavioral Health - Brand,Family Support,detox center near me,detox center near me,Exact,https://harborridge.example.test/admissions,FL,40.62,0,Google Ads,System-Observed
TOUCH-001335,,2026-07-09T12:32:01,Paid Search,Google Ads,CMP-1005,Family Crisis - Non-Brand,Residential Programs,inpatient mental health treatment,inpatient mental health treatment,Broad,https://harborridge.example.test/admissions,UT,29.0,0,Google Ads,System-Observed
TOUCH-001336,,2026-07-17T17:43:36,Paid Search,Google Ads,CMP-1005,Family Crisis - Non-Brand,Residential Programs,behavioral health treatment near me,behavioral health treatment near me,Phrase,https://harborridge.example.test/admissions,NV,42.61,0,Google Ads,System-Observed
TOUCH-001337,,2026-07-20T18:59:25,Paid Search,Google Ads,CMP-1001,Behavioral Health - Brand,Admissions,detox center near me,detox center near me,Exact,https://harborridge.example.test/admissions,UT,24.58,0,Google Ads,System-Observed
TOUCH-001338,,2026-07-01T07:39:58,Paid Search,Google Ads,CMP-1001,Behavioral Health - Brand,Family Support,detox center near me,detox center near me,Broad,https://harborridge.example.test/admissions,CA,41.44,0,Google Ads,System-Observed
TOUCH-001339,,2026-07-31T16:35:03,Paid Search,Google Ads,CMP-1001,Behavioral Health - Brand,Detox Programs,family intervention help,family intervention help,Exact,https://harborridge.example.test/admissions,FL,33.91,0,Google Ads,System-Observed
TOUCH-001340,,2026-07-09T11:19:46,Paid Search,Google Ads,CMP-1004,Residential Treatment - Geo,Detox Programs,family intervention help,family intervention help,Exact,https://harborridge.example.test/admissions,FL,37.52,0,Google Ads,System-Observed
TOUCH-001341,,2026-07-27T14:50:20,Paid Search,Google Ads,CMP-1003,Detox Near Me - Geo,Detox Programs,residential treatment center,residential treatment center,Exact,https://harborridge.example.test/admissions,TX,20.61,0,Google Ads,System-Observed
TOUCH-001342,,2026-07-22T07:33:07,Paid Search,Google Ads,CMP-1002,Behavioral Health - Non-Brand,Residential Programs,detox center near me,detox center near me,Broad,https://harborridge.example.test/admissions,AZ,38.51,0,Google Ads,System-Observed
TOUCH-001343,,2026-07-10T13:03:28,Paid Search,Google Ads,CMP-1002,Behavioral Health - Non-Brand,Family Support,substance abuse treatment options,substance abuse treatment options,Broad,https://harborridge.example.test/admissions,TX,22.77,0,Google Ads,System-Observed
TOUCH-001344,,2026-07-09T07:18:10,Paid Search,Google Ads,CMP-1003,Detox Near Me - Geo,Detox Programs,residential treatment center,residential treatment center,Broad,https://harborridge.example.test/admissions,UT,34.76,0,Google Ads,System-Observed
TOUCH-001345,,2026-07-26T17:39:07,Paid Search,Google Ads,CMP-1001,Behavioral Health - Brand,Admissions,inpatient mental health treatment,inpatient mental health treatment,Phrase,https://harborridge.example.test/admissions,NV,24.91,0,Google Ads,System-Observed
TOUCH-001346,,2026-07-01T08:40:55,Paid Search,Google Ads,CMP-1005,Family Crisis - Non-Brand,Family Support,family intervention help,family intervention help,Phrase,https://harborridge.example.test/admissions,FL,41.15,0,Google Ads,System-Observed
TOUCH-001347,,2026-07-22T07:11:43,Paid Search,Google Ads,CMP-1003,Detox Near Me - Geo,Admissions,behavioral health treatment near me,behavioral health treatment near me,Phrase,https://harborridge.example.test/admissions,WA,15.41,0,Google Ads,System-Observed
TOUCH-001348,,2026-07-26T13:27:27,Paid Search,Google Ads,CMP-1005,Family Crisis - Non-Brand,Residential Programs,detox center near me,detox center near me,Phrase,https://harborridge.example.test/admissions,OR,26.55,0,Google Ads,System-Observed
TOUCH-001349,,2026-07-23T18:29:20,Paid Search,Google Ads,CMP-1005,Family Crisis - Non-Brand,Detox Programs,inpatient mental health treatment,inpatient mental health treatment,Broad,https://harborridge.example.test/admissions,CA,41.47,0,Google Ads,System-Observed
TOUCH-001350,,2026-07-04T17:57:12,Paid Search,Google Ads,CMP-1003,Detox Near Me - Geo,Residential Programs,inpatient mental health treatment,inpatient mental health treatment,Phrase,https://harborridge.example.test/admissions,OR,15.88,0,Google Ads,System-Observed
TOUCH-001351,,2026-07-23T13:05:42,Paid Search,Google Ads,CMP-1003,Detox Near Me - Geo,Family Support,family intervention help,family intervention help,Broad,https://harborridge.example.test/admissions,UT,36.27,0,Google Ads,System-Observed
TOUCH-001352,,2026-07-13T18:58:18,Paid Search,Google Ads,CMP-1001,Behavioral Health - Brand,Residential Programs,family intervention help,family intervention help,Phrase,https://harborridge.example.test/admissions,TX,27.39,0,Google Ads,System-Observed
TOUCH-001353,,2026-07-11T11:25:59,Paid Search,Google Ads,CMP-1005,Family Crisis - Non-Brand,Admissions,inpatient mental health treatment,inpatient mental health treatment,Broad,https://harborridge.example.test/admissions,FL,33.69,0,Google Ads,System-Observed
TOUCH-001354,,2026-07-27T16:48:04,Paid Search,Google Ads,CMP-1002,Behavioral Health - Non-Brand,Detox Programs,inpatient mental health treatment,inpatient mental health treatment,Phrase,https://harborridge.example.test/admissions,WA,37.64,0,Google Ads,System-Observed
TOUCH-001355,,2026-07-07T20:12:30,Paid Search,Google Ads,CMP-1003,Detox Near Me - Geo,Detox Programs,detox center near me,detox center near me,Broad,https://harborridge.example.test/admissions,FL,40.96,0,Google Ads,System-Observed
TOUCH-001356,,2026-07-05T18:47:41,Paid Search,Google Ads,CMP-1005,Family Crisis - Non-Brand,Detox Programs,residential treatment center,residential treatment center,Phrase,https://harborridge.example.test/admissions,NV,17.09,0,Google Ads,System-Observed
TOUCH-001357,,2026-07-08T13:27:21,Paid Search,Google Ads,CMP-1001,Behavioral Health - Brand,Residential Programs,residential treatment center,residential treatment center,Phrase,https://harborridge.example.test/admissions,OR,20.2,0,Google Ads,System-Observed
TOUCH-001358,,2026-07-25T08:42:13,Paid Search,Google Ads,CMP-1004,Residential Treatment - Geo,Family Support,residential treatment center,residential treatment center,Phrase,https://harborridge.example.test/admissions,TX,35.53,0,Google Ads,System-Observed
TOUCH-001359,,2026-07-17T16:46:25,Paid Search,Google Ads,CMP-1003,Detox Near Me - Geo,Admissions,inpatient mental health treatment,inpatient mental health treatment,Phrase,https://harborridge.example.test/admissions,FL,44.59,0,Google Ads,System-Observed
TOUCH-001360,,2026-07-11T16:03:41,Paid Search,Google Ads,CMP-1004,Residential Treatment - Geo,Family Support,substance abuse treatment options,substance abuse treatment options,Broad,https://harborridge.example.test/admissions,WA,29.74,0,Google Ads,System-Observed
TOUCH-001361,,2026-07-03T17:26:04,Paid Search,Google Ads,CMP-1004,Residential Treatment - Geo,Admissions,family intervention help,family intervention help,Broad,https://harborridge.example.test/admissions,AZ,16.96,0,Google Ads,System-Observed
TOUCH-001362,,2026-07-15T14:22:39,Paid Search,Google Ads,CMP-1004,Residential Treatment - Geo,Family Support,behavioral health treatment near me,behavioral health treatment near me,Phrase,https://harborridge.example.test/admissions,OR,40.84,0,Google Ads,System-Observed
TOUCH-001363,,2026-07-12T18:06:05,Paid Search,Google Ads,CMP-1002,Behavioral Health - Non-Brand,Family Support,residential treatment center,residential treatment center,Broad,https://harborridge.example.test/admissions,TX,24.36,0,Google Ads,System-Observed
TOUCH-001364,,2026-07-17T19:23:21,Paid Search,Google Ads,CMP-1001,Behavioral Health - Brand,Admissions,substance abuse treatment options,substance abuse treatment options,Phrase,https://harborridge.example.test/admissions,OR,28.01,0,Google Ads,System-Observed
TOUCH-001365,,2026-07-25T10:23:44,Paid Search,Google Ads,CMP-1002,Behavioral Health - Non-Brand,Residential Programs,family intervention help,family intervention help,Broad,https://harborridge.example.test/admissions,WA,26.44,0,Google Ads,System-Observed
TOUCH-001366,,2026-07-15T18:19:44,Paid Search,Google Ads,CMP-1005,Family Crisis - Non-Brand,Residential Programs,residential treatment center,residential treatment center,Phrase,https://harborridge.example.test/admissions,WA,17.12,0,Google Ads,System-Observed
TOUCH-001367,,2026-07-29T09:37:01,Paid Search,Google Ads,CMP-1003,Detox Near Me - Geo,Residential Programs,inpatient mental health treatment,inpatient mental health treatment,Exact,https://harborridge.example.test/admissions,NY,16.65,0,Google Ads,System-Observed
TOUCH-001368,,2026-07-13T20:09:44,Paid Search,Google Ads,CMP-1003,Detox Near Me - Geo,Family Support,detox center near me,detox center near me,Exact,https://harborridge.example.test/admissions,FL,18.64,0,Google Ads,System-Observed
TOUCH-001369,,2026-07-16T12:14:49,Paid Search,Google Ads,CMP-1003,Detox Near Me - Geo,Residential Programs,substance abuse treatment options,substance abuse treatment options,Phrase,https://harborridge.example.test/admissions,NV,20.68,0,Google Ads,System-Observed
TOUCH-001370,,2026-07-03T16:04:17,Paid Search,Google Ads,CMP-1003,Detox Near Me - Geo,Detox Programs,residential treatment center,residential treatment center,Exact,https://harborridge.example.test/admissions,NY,42.88,0,Google Ads,System-Observed
TOUCH-001371,,2026-07-31T20:40:22,Paid Search,Google Ads,CMP-1003,Detox Near Me - Geo,Detox Programs,family intervention help,family intervention help,Phrase,https://harborridge.example.test/admissions,WA,39.57,0,Google Ads,System-Observed
TOUCH-001372,,2026-07-15T17:52:14,Paid Search,Google Ads,CMP-1002,Behavioral Health - Non-Brand,Detox Programs,behavioral health treatment near me,behavioral health treatment near me,Exact,https://harborridge.example.test/admissions,WA,39.05,0,Google Ads,System-Observed
TOUCH-001373,,2026-07-24T13:03:32,Paid Search,Google Ads,CMP-1003,Detox Near Me - Geo,Residential Programs,family intervention help,family intervention help,Phrase,https://harborridge.example.test/admissions,UT,25.06,0,Google Ads,System-Observed
TOUCH-001374,,2026-07-14T16:51:15,Paid Search,Google Ads,CMP-1004,Residential Treatment - Geo,Residential Programs,residential treatment center,residential treatment center,Exact,https://harborridge.example.test/admissions,NV,22.37,0,Google Ads,System-Observed
TOUCH-001375,,2026-07-14T08:39:09,Paid Search,Google Ads,CMP-1002,Behavioral Health - Non-Brand,Family Support,behavioral health treatment near me,behavioral health treatment near me,Phrase,https://harborridge.example.test/admissions,FL,21.86,0,Google Ads,System-Observed
TOUCH-001376,,2026-07-31T13:45:37,Paid Search,Google Ads,CMP-1002,Behavioral Health - Non-Brand,Admissions,behavioral health treatment near me,behavioral health treatment near me,Broad,https://harborridge.example.test/admissions,CO,17.21,0,Google Ads,System-Observed
TOUCH-001377,,2026-07-10T07:43:07,Paid Search,Google Ads,CMP-1004,Residential Treatment - Geo,Admissions,inpatient mental health treatment,inpatient mental health treatment,Exact,https://harborridge.example.test/admissions,NV,33.94,0,Google Ads,System-Observed
TOUCH-001378,,2026-07-02T20:56:17,Paid Search,Google Ads,CMP-1001,Behavioral Health - Brand,Residential Programs,family intervention help,family intervention help,Phrase,https://harborridge.example.test/admissions,FL,35.41,0,Google Ads,System-Observed
TOUCH-001379,,2026-07-27T07:40:51,Paid Search,Google Ads,CMP-1004,Residential Treatment - Geo,Detox Programs,inpatient mental health treatment,inpatient mental health treatment,Exact,https://harborridge.example.test/admissions,UT,26.11,0,Google Ads,System-Observed
TOUCH-001380,,2026-07-09T12:54:26,Paid Search,Google Ads,CMP-1005,Family Crisis - Non-Brand,Admissions,family intervention help,family intervention help,Phrase,https://harborridge.example.test/admissions,CO,25.24,0,Google Ads,System-Observed
TOUCH-001381,,2026-07-28T15:34:02,Paid Search,Google Ads,CMP-1005,Family Crisis - Non-Brand,Residential Programs,residential treatment center,residential treatment center,Broad,https://harborridge.example.test/admissions,AZ,39.26,0,Google Ads,System-Observed
TOUCH-001382,,2026-07-03T18:14:24,Paid Search,Google Ads,CMP-1003,Detox Near Me - Geo,Admissions,residential treatment center,residential treatment center,Exact,https://harborridge.example.test/admissions,FL,27.87,0,Google Ads,System-Observed
TOUCH-001383,,2026-07-12T13:29:46,Paid Search,Google Ads,CMP-1005,Family Crisis - Non-Brand,Detox Programs,detox center near me,detox center near me,Broad,https://harborridge.example.test/admissions,AZ,28.18,0,Google Ads,System-Observed
TOUCH-001384,,2026-07-16T16:26:13,Paid Search,Google Ads,CMP-1005,Family Crisis - Non-Brand,Admissions,detox center near me,detox center near me,Broad,https://harborridge.example.test/admissions,UT,17.44,0,Google Ads,System-Observed
TOUCH-001385,,2026-07-31T15:30:29,Paid Search,Google Ads,CMP-1001,Behavioral Health - Brand,Detox Programs,family intervention help,family intervention help,Exact,https://harborridge.example.test/admissions,NV,27.65,0,Google Ads,System-Observed
TOUCH-001386,,2026-07-26T14:02:39,Paid Search,Google Ads,CMP-1005,Family Crisis - Non-Brand,Residential Programs,residential treatment center,residential treatment center,Exact,https://harborridge.example.test/admissions,AZ,20.29,0,Google Ads,System-Observed
TOUCH-001387,,2026-07-28T18:26:44,Paid Search,Google Ads,CMP-1001,Behavioral Health - Brand,Detox Programs,detox center near me,detox center near me,Exact,https://harborridge.example.test/admissions,UT,36.02,0,Google Ads,System-Observed
TOUCH-001388,,2026-07-14T10:46:59,Paid Search,Google Ads,CMP-1004,Residential Treatment - Geo,Admissions,residential treatment center,residential treatment center,Phrase,https://harborridge.example.test/admissions,NY,34.28,0,Google Ads,System-Observed
TOUCH-001389,,2026-07-29T16:27:01,Paid Search,Google Ads,CMP-1002,Behavioral Health - Non-Brand,Family Support,inpatient mental health treatment,inpatient mental health treatment,Phrase,https://harborridge.example.test/admissions,NV,15.1,0,Google Ads,System-Observed
TOUCH-001390,,2026-07-25T19:12:53,Paid Search,Google Ads,CMP-1003,Detox Near Me - Geo,Family Support,family intervention help,family intervention help,Broad,https://harborridge.example.test/admissions,TX,27.85,0,Google Ads,System-Observed
TOUCH-001391,,2026-07-04T20:36:18,Paid Search,Google Ads,CMP-1004,Residential Treatment - Geo,Residential Programs,detox center near me,detox center near me,Broad,https://harborridge.example.test/admissions,TX,34.18,0,Google Ads,System-Observed
TOUCH-001392,,2026-07-12T07:52:28,Paid Search,Google Ads,CMP-1005,Family Crisis - Non-Brand,Residential Programs,inpatient mental health treatment,inpatient mental health treatment,Broad,https://harborridge.example.test/admissions,AZ,29.95,0,Google Ads,System-Observed
TOUCH-001393,,2026-07-25T15:07:29,Paid Search,Google Ads,CMP-1005,Family Crisis - Non-Brand,Detox Programs,detox center near me,detox center near me,Phrase,https://harborridge.example.test/admissions,WA,25.57,0,Google Ads,System-Observed
TOUCH-001394,,2026-07-02T14:51:33,Paid Search,Google Ads,CMP-1005,Family Crisis - Non-Brand,Detox Programs,behavioral health treatment near me,behavioral health treatment near me,Phrase,https://harborridge.example.test/admissions,WA,33.43,0,Google Ads,System-Observed
TOUCH-001395,,2026-07-06T09:11:24,Paid Search,Google Ads,CMP-1005,Family Crisis - Non-Brand,Detox Programs,detox center near me,detox center near me,Exact,https://harborridge.example.test/admissions,AZ,34.0,0,Google Ads,System-Observed
TOUCH-001396,,2026-07-08T20:56:08,Paid Search,Google Ads,CMP-1002,Behavioral Health - Non-Brand,Detox Programs,behavioral health treatment near me,behavioral health treatment near me,Exact,https://harborridge.example.test/admissions,TX,25.4,0,Google Ads,System-Observed
TOUCH-001397,,2026-07-25T15:00:25,Paid Search,Google Ads,CMP-1002,Behavioral Health - Non-Brand,Residential Programs,detox center near me,detox center near me,Exact,https://harborridge.example.test/admissions,NY,31.68,0,Google Ads,System-Observed
TOUCH-001398,,2026-07-24T11:25:20,Paid Search,Google Ads,CMP-1005,Family Crisis - Non-Brand,Family Support,behavioral health treatment near me,behavioral health treatment near me,Phrase,https://harborridge.example.test/admissions,OR,31.37,0,Google Ads,System-Observed
TOUCH-001399,,2026-07-30T14:40:20,Paid Search,Google Ads,CMP-1004,Residential Treatment - Geo,Admissions,residential treatment center,residential treatment center,Exact,https://harborridge.example.test/admissions,WA,40.95,0,Google Ads,System-Observed
TOUCH-001400,,2026-07-27T13:38:53,Paid Search,Google Ads,CMP-1003,Detox Near Me - Geo,Admissions,residential treatment center,residential treatment center,Phrase,https://harborridge.example.test/admissions,NY,44.85,0,Google Ads,System-Observed
TOUCH-001401,,2026-07-03T10:43:34,Paid Search,Google Ads,CMP-1003,Detox Near Me - Geo,Detox Programs,family intervention help,family intervention help,Broad,https://harborridge.example.test/admissions,NV,25.78,0,Google Ads,System-Observed
TOUCH-001402,,2026-07-19T15:33:10,Paid Search,Google Ads,CMP-1002,Behavioral Health - Non-Brand,Family Support,residential treatment center,residential treatment center,Broad,https://harborridge.example.test/admissions,TX,38.6,0,Google Ads,System-Observed
TOUCH-001403,,2026-07-31T12:34:55,Paid Search,Google Ads,CMP-1002,Behavioral Health - Non-Brand,Detox Programs,detox center near me,detox center near me,Broad,https://harborridge.example.test/admissions,CO,19.88,0,Google Ads,System-Observed
TOUCH-001404,,2026-07-07T13:54:46,Paid Search,Google Ads,CMP-1002,Behavioral Health - Non-Brand,Admissions,substance abuse treatment options,substance abuse treatment options,Broad,https://harborridge.example.test/admissions,UT,31.44,0,Google Ads,System-Observed
TOUCH-001405,,2026-07-06T09:32:41,Paid Search,Google Ads,CMP-1005,Family Crisis - Non-Brand,Family Support,substance abuse treatment options,substance abuse treatment options,Broad,https://harborridge.example.test/admissions,WA,17.71,0,Google Ads,System-Observed
TOUCH-001406,,2026-07-23T15:40:43,Paid Search,Google Ads,CMP-1005,Family Crisis - Non-Brand,Residential Programs,residential treatment center,residential treatment center,Exact,https://harborridge.example.test/admissions,WA,15.81,0,Google Ads,System-Observed
TOUCH-001407,,2026-07-17T08:04:46,Paid Search,Google Ads,CMP-1004,Residential Treatment - Geo,Detox Programs,substance abuse treatment options,substance abuse treatment options,Exact,https://harborridge.example.test/admissions,CO,36.3,0,Google Ads,System-Observed
TOUCH-001408,,2026-07-27T15:15:10,Paid Search,Google Ads,CMP-1002,Behavioral Health - Non-Brand,Residential Programs,behavioral health treatment near me,behavioral health treatment near me,Broad,https://harborridge.example.test/admissions,UT,28.09,0,Google Ads,System-Observed
TOUCH-001409,,2026-07-18T14:28:14,Paid Search,Google Ads,CMP-1003,Detox Near Me - Geo,Family Support,behavioral health treatment near me,behavioral health treatment near me,Broad,https://harborridge.example.test/admissions,TX,16.62,0,Google Ads,System-Observed
TOUCH-001410,,2026-07-07T10:41:16,Paid Search,Microsoft Ads,CMP-2002,Residential Treatment - Geo (Bing),Residential Programs,detox center near me,detox center near me,Phrase,https://harborridge.example.test/admissions,NV,9.78,0,Microsoft Ads,System-Observed
TOUCH-001411,,2026-07-08T20:28:32,Paid Search,Microsoft Ads,CMP-2001,Behavioral Health - Brand (Bing),Detox Programs,inpatient mental health treatment,inpatient mental health treatment,Broad,https://harborridge.example.test/admissions,CA,28.97,0,Microsoft Ads,System-Observed
TOUCH-001412,,2026-07-27T11:58:09,Paid Search,Microsoft Ads,CMP-2002,Residential Treatment - Geo (Bing),Residential Programs,substance abuse treatment options,substance abuse treatment options,Exact,https://harborridge.example.test/admissions,NV,26.95,0,Microsoft Ads,System-Observed
TOUCH-001413,,2026-07-23T13:14:18,Paid Search,Microsoft Ads,CMP-2002,Residential Treatment - Geo (Bing),Admissions,substance abuse treatment options,substance abuse treatment options,Broad,https://harborridge.example.test/admissions,CA,11.82,0,Microsoft Ads,System-Observed
TOUCH-001414,,2026-07-21T20:40:09,Paid Search,Microsoft Ads,CMP-2001,Behavioral Health - Brand (Bing),Family Support,inpatient mental health treatment,inpatient mental health treatment,Phrase,https://harborridge.example.test/admissions,WA,18.44,0,Microsoft Ads,System-Observed
TOUCH-001415,,2026-07-26T20:00:07,Paid Search,Microsoft Ads,CMP-2001,Behavioral Health - Brand (Bing),Residential Programs,detox center near me,detox center near me,Broad,https://harborridge.example.test/admissions,FL,16.95,0,Microsoft Ads,System-Observed
TOUCH-001416,,2026-07-01T07:16:46,Paid Search,Microsoft Ads,CMP-2001,Behavioral Health - Brand (Bing),Residential Programs,residential treatment center,residential treatment center,Exact,https://harborridge.example.test/admissions,OR,31.85,0,Microsoft Ads,System-Observed
TOUCH-001417,,2026-07-02T08:06:44,Paid Search,Microsoft Ads,CMP-2001,Behavioral Health - Brand (Bing),Admissions,residential treatment center,residential treatment center,Broad,https://harborridge.example.test/admissions,CO,24.45,0,Microsoft Ads,System-Observed
TOUCH-001418,,2026-07-27T16:17:59,Paid Search,Microsoft Ads,CMP-2001,Behavioral Health - Brand (Bing),Residential Programs,family intervention help,family intervention help,Exact,https://harborridge.example.test/admissions,WA,27.36,0,Microsoft Ads,System-Observed
TOUCH-001419,,2026-07-28T20:26:48,Paid Social,Meta,CMP-3001,Family Support Awareness,Family Support,,,,https://harborridge.example.test/family-support,AZ,14.99,0,Meta,System-Observed
TOUCH-001420,,2026-07-29T17:55:03,Paid Social,Meta,CMP-3001,Family Support Awareness,Community Awareness,,,,https://harborridge.example.test/family-support,TX,13.78,0,Meta,System-Observed
TOUCH-001421,,2026-07-20T13:10:52,Paid Social,Meta,CMP-3001,Family Support Awareness,Family Support,,,,https://harborridge.example.test/family-support,AZ,11.07,0,Meta,System-Observed
TOUCH-001422,,2026-07-05T12:30:38,Paid Social,Meta,CMP-3001,Family Support Awareness,Community Awareness,,,,https://harborridge.example.test/family-support,NV,10.7,0,Meta,System-Observed
TOUCH-001423,,2026-07-18T14:19:39,Paid Social,Meta,CMP-3003,Local Community Awareness,Family Support,,,,https://harborridge.example.test/family-support,NY,3.87,0,Meta,System-Observed
TOUCH-001424,,2026-07-04T08:34:00,Paid Social,Meta,CMP-3003,Local Community Awareness,Community Awareness,,,,https://harborridge.example.test/family-support,WA,10.05,0,Meta,System-Observed
TOUCH-001425,,2026-07-20T17:30:01,Paid Social,Meta,CMP-3001,Family Support Awareness,Community Awareness,,,,https://harborridge.example.test/family-support,CA,9.54,0,Meta,System-Observed
TOUCH-001426,,2026-07-04T11:51:22,Paid Social,Meta,CMP-3002,Recovery Journey - Lookalike,Family Support,,,,https://harborridge.example.test/family-support,OR,3.2,0,Meta,System-Observed
TOUCH-001427,,2026-07-02T18:20:10,Paid Social,Meta,CMP-3003,Local Community Awareness,Community Awareness,,,,https://harborridge.example.test/family-support,CA,3.59,0,Meta,System-Observed
TOUCH-001428,,2026-07-30T19:52:21,Paid Social,Meta,CMP-3003,Local Community Awareness,Family Support,,,,https://harborridge.example.test/family-support,WA,8.32,0,Meta,System-Observed
TOUCH-001429,,2026-07-08T08:00:55,Paid Social,Meta,CMP-3002,Recovery Journey - Lookalike,Community Awareness,,,,https://harborridge.example.test/family-support,WA,4.14,0,Meta,System-Observed
TOUCH-001430,,2026-07-22T14:50:06,Paid Social,Meta,CMP-3003,Local Community Awareness,Community Awareness,,,,https://harborridge.example.test/family-support,UT,5.55,0,Meta,System-Observed
TOUCH-001431,,2026-07-01T19:41:55,Paid Social,Meta,CMP-3001,Family Support Awareness,Family Support,,,,https://harborridge.example.test/family-support,UT,4.61,0,Meta,System-Observed
TOUCH-001432,,2026-07-19T15:15:12,Paid Social,Meta,CMP-3002,Recovery Journey - Lookalike,Community Awareness,,,,https://harborridge.example.test/family-support,FL,11.31,0,Meta,System-Observed
TOUCH-001433,,2026-07-19T14:56:06,Paid Social,Meta,CMP-3003,Local Community Awareness,Community Awareness,,,,https://harborridge.example.test/family-support,CO,7.0,0,Meta,System-Observed
TOUCH-001434,,2026-07-03T10:08:47,Paid Social,Meta,CMP-3003,Local Community Awareness,Community Awareness,,,,https://harborridge.example.test/family-support,UT,7.16,0,Meta,System-Observed
TOUCH-001435,,2026-07-05T15:17:43,Paid Social,Meta,CMP-3003,Local Community Awareness,Community Awareness,,,,https://harborridge.example.test/family-support,WA,5.18,0,Meta,System-Observed
TOUCH-001436,,2026-07-02T19:34:38,Paid Social,Meta,CMP-3003,Local Community Awareness,Family Support,,,,https://harborridge.example.test/family-support,WA,6.04,0,Meta,System-Observed
TOUCH-001437,,2026-07-08T11:38:35,Paid Social,Meta,CMP-3002,Recovery Journey - Lookalike,Community Awareness,,,,https://harborridge.example.test/family-support,UT,7.7,0,Meta,System-Observed
TOUCH-001438,,2026-07-22T16:46:50,Paid Social,Meta,CMP-3002,Recovery Journey - Lookalike,Community Awareness,,,,https://harborridge.example.test/family-support,TX,11.09,0,Meta,System-Observed
TOUCH-001439,,2026-07-24T07:22:16,Paid Social,Meta,CMP-3003,Local Community Awareness,Family Support,,,,https://harborridge.example.test/family-support,NV,14.31,0,Meta,System-Observed
TOUCH-001440,,2026-07-07T18:30:07,Paid Social,Meta,CMP-3003,Local Community Awareness,Community Awareness,,,,https://harborridge.example.test/family-support,UT,11.49,0,Meta,System-Observed
TOUCH-001441,,2026-07-17T12:45:42,Paid Social,Meta,CMP-3001,Family Support Awareness,Family Support,,,,https://harborridge.example.test/family-support,FL,3.05,0,Meta,System-Observed
TOUCH-001442,,2026-07-26T12:29:06,Paid Social,Meta,CMP-3003,Local Community Awareness,Community Awareness,,,,https://harborridge.example.test/family-support,OR,9.66,0,Meta,System-Observed
TOUCH-001443,,2026-07-27T16:31:16,Paid Social,Meta,CMP-3003,Local Community Awareness,Family Support,,,,https://harborridge.example.test/family-support,OR,12.22,0,Meta,System-Observed
TOUCH-001444,,2026-07-15T10:32:53,Paid Social,Meta,CMP-3001,Family Support Awareness,Family Support,,,,https://harborridge.example.test/family-support,CA,12.44,0,Meta,System-Observed
TOUCH-001445,,2026-07-30T10:53:38,Paid Social,Meta,CMP-3001,Family Support Awareness,Family Support,,,,https://harborridge.example.test/family-support,AZ,8.5,0,Meta,System-Observed
TOUCH-001446,,2026-07-10T08:00:42,Paid Social,Meta,CMP-3002,Recovery Journey - Lookalike,Family Support,,,,https://harborridge.example.test/family-support,CA,3.52,0,Meta,System-Observed
TOUCH-001447,,2026-07-08T19:48:46,Paid Social,Meta,CMP-3003,Local Community Awareness,Family Support,,,,https://harborridge.example.test/family-support,CA,3.89,0,Meta,System-Observed
TOUCH-001448,,2026-07-28T20:09:07,Paid Social,Meta,CMP-3001,Family Support Awareness,Family Support,,,,https://harborridge.example.test/family-support,OR,14.84,0,Meta,System-Observed
TOUCH-001449,,2026-07-27T09:22:35,Paid Social,Meta,CMP-3001,Family Support Awareness,Family Support,,,,https://harborridge.example.test/family-support,AZ,13.98,0,Meta,System-Observed
TOUCH-001450,,2026-07-14T13:30:15,Paid Social,Meta,CMP-3001,Family Support Awareness,Family Support,,,,https://harborridge.example.test/family-support,NV,5.37,0,Meta,System-Observed
TOUCH-001451,,2026-07-04T19:45:38,Paid Social,Meta,CMP-3002,Recovery Journey - Lookalike,Community Awareness,,,,https://harborridge.example.test/family-support,NV,13.7,0,Meta,System-Observed
TOUCH-001452,,2026-07-26T12:54:45,Paid Social,Meta,CMP-3003,Local Community Awareness,Family Support,,,,https://harborridge.example.test/family-support,CA,8.21,0,Meta,System-Observed
TOUCH-001453,,2026-07-31T16:28:10,Paid Social,Meta,CMP-3002,Recovery Journey - Lookalike,Family Support,,,,https://harborridge.example.test/family-support,NY,4.72,0,Meta,System-Observed
TOUCH-001454,,2026-07-27T08:00:24,Paid Social,Meta,CMP-3002,Recovery Journey - Lookalike,Family Support,,,,https://harborridge.example.test/family-support,FL,13.37,0,Meta,System-Observed
TOUCH-001455,,2026-07-14T11:51:59,Paid Social,Meta,CMP-3001,Family Support Awareness,Family Support,,,,https://harborridge.example.test/family-support,WA,12.91,0,Meta,System-Observed
TOUCH-001456,,2026-07-09T18:41:01,Paid Social,Meta,CMP-3002,Recovery Journey - Lookalike,Family Support,,,,https://harborridge.example.test/family-support,CA,7.46,0,Meta,System-Observed
TOUCH-001457,,2026-07-09T20:35:55,Paid Social,Meta,CMP-3001,Family Support Awareness,Community Awareness,,,,https://harborridge.example.test/family-support,NV,11.81,0,Meta,System-Observed
TOUCH-001458,,2026-07-23T11:14:29,Paid Social,Meta,CMP-3001,Family Support Awareness,Family Support,,,,https://harborridge.example.test/family-support,CA,12.94,0,Meta,System-Observed
TOUCH-001459,,2026-07-14T08:37:01,Paid Social,Meta,CMP-3001,Family Support Awareness,Family Support,,,,https://harborridge.example.test/family-support,NY,7.39,0,Meta,System-Observed
TOUCH-001460,,2026-07-06T16:31:33,Paid Social,Meta,CMP-3003,Local Community Awareness,Community Awareness,,,,https://harborridge.example.test/family-support,CA,4.72,0,Meta,System-Observed
TOUCH-001461,,2026-07-14T08:47:31,Paid Social,Meta,CMP-3003,Local Community Awareness,Community Awareness,,,,https://harborridge.example.test/family-support,NV,6.02,0,Meta,System-Observed
TOUCH-001462,,2026-07-24T11:09:28,Paid Social,Meta,CMP-3001,Family Support Awareness,Community Awareness,,,,https://harborridge.example.test/family-support,UT,10.88,0,Meta,System-Observed
TOUCH-001463,,2026-07-03T14:15:02,Paid Social,Meta,CMP-3002,Recovery Journey - Lookalike,Community Awareness,,,,https://harborridge.example.test/family-support,UT,14.38,0,Meta,System-Observed
TOUCH-001464,,2026-07-27T19:47:32,Paid Social,Meta,CMP-3001,Family Support Awareness,Family Support,,,,https://harborridge.example.test/family-support,TX,8.32,0,Meta,System-Observed
TOUCH-001465,,2026-07-11T19:23:00,Paid Social,Meta,CMP-3003,Local Community Awareness,Family Support,,,,https://harborridge.example.test/family-support,UT,11.36,0,Meta,System-Observed
TOUCH-001466,,2026-07-25T11:41:45,Paid Social,Meta,CMP-3001,Family Support Awareness,Community Awareness,,,,https://harborridge.example.test/family-support,NY,10.91,0,Meta,System-Observed
TOUCH-001467,,2026-07-05T18:46:02,Paid Social,Meta,CMP-3001,Family Support Awareness,Family Support,,,,https://harborridge.example.test/family-support,NY,11.97,0,Meta,System-Observed
TOUCH-001468,,2026-07-21T11:28:44,Paid Social,Meta,CMP-3002,Recovery Journey - Lookalike,Community Awareness,,,,https://harborridge.example.test/family-support,WA,5.15,0,Meta,System-Observed
TOUCH-001469,,2026-07-08T20:43:31,Paid Social,Meta,CMP-3001,Family Support Awareness,Family Support,,,,https://harborridge.example.test/family-support,NV,4.58,0,Meta,System-Observed
TOUCH-001470,,2026-07-08T07:23:46,Paid Social,Meta,CMP-3002,Recovery Journey - Lookalike,Family Support,,,,https://harborridge.example.test/family-support,UT,8.16,0,Meta,System-Observed
TOUCH-001471,,2026-07-18T19:05:26,Paid Social,Meta,CMP-3003,Local Community Awareness,Community Awareness,,,,https://harborridge.example.test/family-support,FL,3.07,0,Meta,System-Observed
TOUCH-001472,,2026-07-31T13:07:28,Paid Social,Meta,CMP-3001,Family Support Awareness,Community Awareness,,,,https://harborridge.example.test/family-support,NY,6.6,0,Meta,System-Observed
TOUCH-001473,,2026-07-28T19:27:43,Paid Social,Meta,CMP-3002,Recovery Journey - Lookalike,Community Awareness,,,,https://harborridge.example.test/family-support,OR,9.5,0,Meta,System-Observed
TOUCH-001474,,2026-07-28T18:46:36,Paid Social,Meta,CMP-3001,Family Support Awareness,Community Awareness,,,,https://harborridge.example.test/family-support,UT,7.86,0,Meta,System-Observed
TOUCH-001475,,2026-07-08T08:28:24,Paid Social,Meta,CMP-3003,Local Community Awareness,Community Awareness,,,,https://harborridge.example.test/family-support,NV,6.9,0,Meta,System-Observed
TOUCH-001476,,2026-07-21T09:17:07,Paid Social,Meta,CMP-3001,Family Support Awareness,Family Support,,,,https://harborridge.example.test/family-support,UT,5.39,0,Meta,System-Observed
TOUCH-001477,,2026-07-05T08:18:55,Paid Social,Meta,CMP-3003,Local Community Awareness,Family Support,,,,https://harborridge.example.test/family-support,AZ,5.95,0,Meta,System-Observed
TOUCH-001478,,2026-07-26T07:22:52,Paid Social,Meta,CMP-3003,Local Community Awareness,Community Awareness,,,,https://harborridge.example.test/family-support,WA,14.07,0,Meta,System-Observed
TOUCH-001479,,2026-07-09T13:12:01,Paid Social,Meta,CMP-3001,Family Support Awareness,Community Awareness,,,,https://harborridge.example.test/family-support,NY,4.81,0,Meta,System-Observed
TOUCH-001480,,2026-07-24T09:14:47,Paid Social,Meta,CMP-3003,Local Community Awareness,Family Support,,,,https://harborridge.example.test/family-support,TX,5.33,0,Meta,System-Observed
TOUCH-001481,,2026-07-17T17:04:24,Paid Social,Meta,CMP-3001,Family Support Awareness,Community Awareness,,,,https://harborridge.example.test/family-support,NV,12.92,0,Meta,System-Observed
TOUCH-001482,,2026-07-08T19:38:03,Paid Social,Meta,CMP-3002,Recovery Journey - Lookalike,Family Support,,,,https://harborridge.example.test/family-support,CO,5.77,0,Meta,System-Observed
TOUCH-001483,,2026-07-04T16:23:23,Paid Social,Meta,CMP-3003,Local Community Awareness,Family Support,,,,https://harborridge.example.test/family-support,CO,8.82,0,Meta,System-Observed
TOUCH-001484,,2026-07-03T14:15:49,Organic,Google Organic,,,,,,,https://harborridge.example.test/treatment-programs,OR,,0,Google Analytics,System-Observed
TOUCH-001485,,2026-07-06T07:50:16,Organic,Google Organic,,,,,,,https://harborridge.example.test/treatment-programs,NY,,0,Google Analytics,System-Observed
TOUCH-001486,,2026-07-02T20:51:40,Organic,Google Organic,,,,,,,https://harborridge.example.test/treatment-programs,FL,,0,Google Analytics,System-Observed
TOUCH-001487,,2026-07-30T15:01:33,Organic,Google Organic,,,,,,,https://harborridge.example.test/treatment-programs,OR,,0,Google Analytics,System-Observed
TOUCH-001488,,2026-07-10T09:22:05,Organic,Google Organic,,,,,,,https://harborridge.example.test/treatment-programs,CO,,0,Google Analytics,System-Observed
TOUCH-001489,,2026-07-04T09:47:09,Organic,Google Organic,,,,,,,https://harborridge.example.test/treatment-programs,TX,,0,Google Analytics,System-Observed
TOUCH-001490,,2026-07-09T19:01:04,Organic,Google Organic,,,,,,,https://harborridge.example.test/treatment-programs,AZ,,0,Google Analytics,System-Observed
TOUCH-001491,,2026-07-14T09:00:19,Organic,Google Organic,,,,,,,https://harborridge.example.test/treatment-programs,FL,,0,Google Analytics,System-Observed
TOUCH-001492,,2026-07-19T19:53:58,Organic,Google Organic,,,,,,,https://harborridge.example.test/treatment-programs,CO,,0,Google Analytics,System-Observed
TOUCH-001493,,2026-07-30T16:08:18,Organic,Google Organic,,,,,,,https://harborridge.example.test/treatment-programs,CA,,0,Google Analytics,System-Observed
TOUCH-001494,,2026-07-27T11:47:28,Organic,Google Organic,,,,,,,https://harborridge.example.test/treatment-programs,NV,,0,Google Analytics,System-Observed
TOUCH-001495,,2026-07-11T09:00:50,Organic,Google Organic,,,,,,,https://harborridge.example.test/treatment-programs,FL,,0,Google Analytics,System-Observed
TOUCH-001496,,2026-07-11T09:50:41,Organic,Google Organic,,,,,,,https://harborridge.example.test/treatment-programs,WA,,0,Google Analytics,System-Observed
TOUCH-001497,,2026-07-01T08:55:20,Organic,Google Organic,,,,,,,https://harborridge.example.test/treatment-programs,CA,,0,Google Analytics,System-Observed
TOUCH-001498,,2026-07-02T14:11:56,Organic,Google Organic,,,,,,,https://harborridge.example.test/treatment-programs,AZ,,0,Google Analytics,System-Observed
TOUCH-001499,,2026-07-21T08:50:21,Organic,Google Organic,,,,,,,https://harborridge.example.test/treatment-programs,WA,,0,Google Analytics,System-Observed
TOUCH-001500,,2026-07-20T16:30:19,Organic,Google Organic,,,,,,,https://harborridge.example.test/treatment-programs,UT,,0,Google Analytics,System-Observed
TOUCH-001501,,2026-07-05T09:51:39,Organic,Google Organic,,,,,,,https://harborridge.example.test/treatment-programs,FL,,0,Google Analytics,System-Observed
TOUCH-001502,,2026-07-22T19:01:16,Organic,Google Organic,,,,,,,https://harborridge.example.test/treatment-programs,FL,,0,Google Analytics,System-Observed
TOUCH-001503,,2026-07-27T15:56:56,Organic,Google Organic,,,,,,,https://harborridge.example.test/treatment-programs,CO,,0,Google Analytics,System-Observed
TOUCH-001504,,2026-07-03T20:53:38,Organic,Google Organic,,,,,,,https://harborridge.example.test/treatment-programs,CO,,0,Google Analytics,System-Observed
TOUCH-001505,,2026-07-13T14:04:44,Organic,Google Organic,,,,,,,https://harborridge.example.test/treatment-programs,TX,,0,Google Analytics,System-Observed
TOUCH-001506,,2026-07-15T18:28:59,Organic,Google Organic,,,,,,,https://harborridge.example.test/treatment-programs,NV,,0,Google Analytics,System-Observed
TOUCH-001507,,2026-07-28T20:00:18,Organic,Google Organic,,,,,,,https://harborridge.example.test/treatment-programs,NY,,0,Google Analytics,System-Observed
TOUCH-001508,,2026-07-30T15:22:51,Organic,Google Organic,,,,,,,https://harborridge.example.test/treatment-programs,TX,,0,Google Analytics,System-Observed
TOUCH-001509,,2026-07-23T12:56:40,Organic,Google Organic,,,,,,,https://harborridge.example.test/treatment-programs,TX,,0,Google Analytics,System-Observed
TOUCH-001510,,2026-07-18T17:30:17,Organic,Google Organic,,,,,,,https://harborridge.example.test/treatment-programs,TX,,0,Google Analytics,System-Observed
TOUCH-001511,,2026-07-05T19:05:54,Organic,Google Organic,,,,,,,https://harborridge.example.test/treatment-programs,AZ,,0,Google Analytics,System-Observed
TOUCH-001512,,2026-07-18T17:15:30,Organic,Google Organic,,,,,,,https://harborridge.example.test/treatment-programs,WA,,0,Google Analytics,System-Observed
TOUCH-001513,,2026-07-02T14:52:23,Organic,Google Organic,,,,,,,https://harborridge.example.test/treatment-programs,CA,,0,Google Analytics,System-Observed
TOUCH-001514,,2026-07-02T07:13:07,Organic,Google Organic,,,,,,,https://harborridge.example.test/treatment-programs,NY,,0,Google Analytics,System-Observed
TOUCH-001515,,2026-07-07T07:22:17,Organic,Google Organic,,,,,,,https://harborridge.example.test/treatment-programs,CO,,0,Google Analytics,System-Observed
TOUCH-001516,,2026-07-08T10:02:12,Organic,Google Organic,,,,,,,https://harborridge.example.test/treatment-programs,AZ,,0,Google Analytics,System-Observed
TOUCH-001517,,2026-07-10T15:21:45,Organic,Google Organic,,,,,,,https://harborridge.example.test/treatment-programs,UT,,0,Google Analytics,System-Observed
TOUCH-001518,,2026-07-25T15:36:09,Organic,Google Organic,,,,,,,https://harborridge.example.test/treatment-programs,NV,,0,Google Analytics,System-Observed
TOUCH-001519,,2026-07-22T09:20:07,Organic,Google Organic,,,,,,,https://harborridge.example.test/treatment-programs,WA,,0,Google Analytics,System-Observed
TOUCH-001520,,2026-07-22T15:53:54,Organic,Google Organic,,,,,,,https://harborridge.example.test/treatment-programs,TX,,0,Google Analytics,System-Observed
TOUCH-001521,,2026-07-05T12:16:11,Organic,Google Organic,,,,,,,https://harborridge.example.test/treatment-programs,CA,,0,Google Analytics,System-Observed
TOUCH-001522,,2026-07-24T20:02:12,Organic,Google Organic,,,,,,,https://harborridge.example.test/treatment-programs,WA,,0,Google Analytics,System-Observed
TOUCH-001523,,2026-07-29T18:29:27,Organic,Google Organic,,,,,,,https://harborridge.example.test/treatment-programs,WA,,0,Google Analytics,System-Observed
TOUCH-001524,,2026-07-01T14:14:04,Organic,Google Organic,,,,,,,https://harborridge.example.test/treatment-programs,NY,,0,Google Analytics,System-Observed
TOUCH-001525,,2026-07-16T13:26:02,Organic,Google Organic,,,,,,,https://harborridge.example.test/treatment-programs,UT,,0,Google Analytics,System-Observed
TOUCH-001526,,2026-07-13T18:57:54,Organic,Google Organic,,,,,,,https://harborridge.example.test/treatment-programs,NY,,0,Google Analytics,System-Observed
TOUCH-001527,,2026-07-05T19:10:56,Organic,Google Organic,,,,,,,https://harborridge.example.test/treatment-programs,TX,,0,Google Analytics,System-Observed
TOUCH-001528,,2026-07-20T13:08:56,Organic,Google Organic,,,,,,,https://harborridge.example.test/treatment-programs,NY,,0,Google Analytics,System-Observed
TOUCH-001529,,2026-07-30T09:14:08,Organic,Google Organic,,,,,,,https://harborridge.example.test/treatment-programs,WA,,0,Google Analytics,System-Observed
TOUCH-001530,,2026-07-30T08:33:06,Organic,Google Organic,,,,,,,https://harborridge.example.test/treatment-programs,NY,,0,Google Analytics,System-Observed
TOUCH-001531,,2026-07-31T19:06:15,Organic,Google Organic,,,,,,,https://harborridge.example.test/treatment-programs,CO,,0,Google Analytics,System-Observed
TOUCH-001532,,2026-07-12T11:24:52,Organic,Google Organic,,,,,,,https://harborridge.example.test/treatment-programs,WA,,0,Google Analytics,System-Observed
TOUCH-001533,,2026-07-21T10:37:07,Organic,Google Organic,,,,,,,https://harborridge.example.test/treatment-programs,CA,,0,Google Analytics,System-Observed
TOUCH-001534,,2026-07-03T09:56:19,Organic,Google Organic,,,,,,,https://harborridge.example.test/treatment-programs,TX,,0,Google Analytics,System-Observed
TOUCH-001535,,2026-07-02T20:25:22,Organic,Google Organic,,,,,,,https://harborridge.example.test/treatment-programs,OR,,0,Google Analytics,System-Observed
TOUCH-001536,,2026-07-28T11:57:22,Organic,Google Organic,,,,,,,https://harborridge.example.test/treatment-programs,OR,,0,Google Analytics,System-Observed
TOUCH-001537,,2026-07-26T13:50:22,Organic,Google Organic,,,,,,,https://harborridge.example.test/treatment-programs,AZ,,0,Google Analytics,System-Observed
TOUCH-001538,,2026-07-04T09:35:54,Organic,Google Organic,,,,,,,https://harborridge.example.test/treatment-programs,NY,,0,Google Analytics,System-Observed
TOUCH-001539,,2026-07-30T07:55:12,Organic,Google Organic,,,,,,,https://harborridge.example.test/treatment-programs,NV,,0,Google Analytics,System-Observed
